query_id,style,pair_id,lang,query,domain_filter,result_domain,item_id,title,extra,score,rank,Validity,run_label,judge_key,grade,value
P1_EN,philosophical,1,en,What is a human being,movie,movie,1741225,I Am (2010),,0.622235894203186,1,o,2026-06,movie|1741225|What is a human being,x,0.0
P1_EN,philosophical,1,en,What is a human being,movie,movie,3327994,Human (2015),,0.57940810918808,2,o,2026-06,movie|3327994|What is a human being,o,2.0
P1_EN,philosophical,1,en,What is a human being,movie,movie,1817287,Is the Man Who Is Tall Happy? (2013),,0.518111348152161,3,o,2026-06,movie|1817287|What is a human being,x,0.0
P1_EN,philosophical,1,en,What is a human being,movie,movie,432232,The Century of the Self,,0.512364029884338,4,o,2026-06,movie|432232|What is a human being,x,0.0
P1_EN,philosophical,1,en,What is a human being,movie,movie,3326110,Un altro mondo (2014),,0.509719252586365,5,o,2026-06,movie|3326110|What is a human being,a,1.0
P1_EN,philosophical,1,en,What is a human being,music,music,45PxuJqJBnPXZKLxoo9Apj,SUPERPOSITION,,0.447211563587189,1,o,2026-06,music|45PxuJqJBnPXZKLxoo9Apj|What is a human being,a,1.0
P1_EN,philosophical,1,en,What is a human being,music,music,6ghnKwHcGX1RLPWjJYKbGd,From God's Perspective,,0.442960619926453,2,o,2026-06,music|6ghnKwHcGX1RLPWjJYKbGd|What is a human being,x,0.0
P1_EN,philosophical,1,en,What is a human being,music,music,2PyDqCtFcXsucZqTF4rE3i,I Am That I Am,,0.432952702045441,3,o,2026-06,music|2PyDqCtFcXsucZqTF4rE3i|What is a human being,a,1.0
P1_EN,philosophical,1,en,What is a human being,music,music,4QVD4vVkYveZuO0xkyi6AX,Same Direction,,0.416099846363068,4,o,2026-06,music|4QVD4vVkYveZuO0xkyi6AX|What is a human being,x,0.0
P1_EN,philosophical,1,en,What is a human being,music,music,5KqdkuWE9AkTtoAiPpdD0E,ART IS DEAD,,0.397749722003937,5,a,2026-06,music|5KqdkuWE9AkTtoAiPpdD0E|What is a human being,x,0.0
P1_EN,philosophical,1,en,What is a human being,book,book,B0064SUUG6,El hombre en busca del sentido último: El análisis existencial y la conciencia espiritual del ser humano (Contextos) (Spanish Edition),,0.632216095924377,1,o,2026-06,book|B0064SUUG6|What is a human being,a,1.0
P1_EN,philosophical,1,en,What is a human being,book,book,B08H87G2WN,Existentialism Is a Humanism,,0.61239093542099,2,o,2026-06,book|B08H87G2WN|What is a human being,o,2.0
P1_EN,philosophical,1,en,What is a human being,book,book,B099GSW9DM,Dignos de ser humanos: Una nueva perspectiva histórica de la humanidad (Spanish Edition),,0.607953906059265,3,o,2026-06,book|B099GSW9DM|What is a human being,a,1.0
P1_EN,philosophical,1,en,What is a human being,book,book,B0BLQW96HJ,"I Feel, Therefore I Am: The Triumph of Woke Subjectivism",,0.602863073348999,4,o,2026-06,book|B0BLQW96HJ|What is a human being,x,0.0
P1_EN,philosophical,1,en,What is a human being,book,book,B0B42LB3YT,Sobre la dignidad humana (Estructuras y Procesos. Derecho) (Spanish Edition),,0.595093846321106,5,o,2026-06,book|B0B42LB3YT|What is a human being,a,1.0
P1_EN,philosophical,1,en,What is a human being,all,book,B0064SUUG6,El hombre en busca del sentido último: El análisis existencial y la conciencia espiritual del ser humano (Contextos) (Spanish Edition),,0.632216095924377,1,o,2026-06,book|B0064SUUG6|What is a human being,a,1.0
P1_EN,philosophical,1,en,What is a human being,all,movie,1741225,I Am (2010),,0.622235894203186,2,o,2026-06,movie|1741225|What is a human being,x,0.0
P1_EN,philosophical,1,en,What is a human being,all,book,B08H87G2WN,Existentialism Is a Humanism,,0.61239093542099,3,o,2026-06,book|B08H87G2WN|What is a human being,o,2.0
P1_EN,philosophical,1,en,What is a human being,all,book,B099GSW9DM,Dignos de ser humanos: Una nueva perspectiva histórica de la humanidad (Spanish Edition),,0.607953906059265,4,o,2026-06,book|B099GSW9DM|What is a human being,a,1.0
P1_EN,philosophical,1,en,What is a human being,all,book,B0BLQW96HJ,"I Feel, Therefore I Am: The Triumph of Woke Subjectivism",,0.602863073348999,5,o,2026-06,book|B0BLQW96HJ|What is a human being,x,0.0
P2_EN,philosophical,2,en,A journey to find the meaning of life,movie,movie,1441912,The Way (2010),,0.565081894397736,1,o,2026-06,movie|1441912|A journey to find the meaning of life,a,1.0
P2_EN,philosophical,2,en,A journey to find the meaning of life,movie,movie,2406422,Walking the Camino: Six Ways to Santiago (2013),,0.514647841453552,2,o,2026-06,movie|2406422|A journey to find the meaning of life,a,1.0
P2_EN,philosophical,2,en,A journey to find the meaning of life,movie,movie,210777,The Journey (2001),,0.470585227012634,3,o,2026-06,movie|210777|A journey to find the meaning of life,a,1.0
P2_EN,philosophical,2,en,A journey to find the meaning of life,movie,movie,1196672,The Nature of Existence (2010),,0.462405413389206,4,o,2026-06,movie|1196672|A journey to find the meaning of life,a,1.0
P2_EN,philosophical,2,en,A journey to find the meaning of life,movie,movie,403778,Long Way Round,,0.445719718933105,5,o,2026-06,movie|403778|A journey to find the meaning of life,a,1.0
P2_EN,philosophical,2,en,A journey to find the meaning of life,music,music,1vvNmPOiUuyCbgWmtc6yfm,My Way,,0.288934648036957,1,o,2026-06,music|1vvNmPOiUuyCbgWmtc6yfm|A journey to find the meaning of life,x,0.0
P2_EN,philosophical,2,en,A journey to find the meaning of life,music,music,35LDid9nvuYrUyZk5qGD0i,Belief,,0.276601046323776,2,a,2026-06,music|35LDid9nvuYrUyZk5qGD0i|A journey to find the meaning of life,a,1.0
P2_EN,philosophical,2,en,A journey to find the meaning of life,music,music,5lSOVaPDk7x9Ey6c9DqGZx,Sweet Harmony,,0.263202607631683,3,a,2026-06,music|5lSOVaPDk7x9Ey6c9DqGZx|A journey to find the meaning of life,x,0.0
P2_EN,philosophical,2,en,A journey to find the meaning of life,music,music,2IR01O6kw4IB68hcV9FWYN,I Just Don't Think I'll Ever Get Over You,,0.255381852388382,4,x,2026-06,music|2IR01O6kw4IB68hcV9FWYN|A journey to find the meaning of life,x,0.0
P2_EN,philosophical,2,en,A journey to find the meaning of life,music,music,5fJD7wh9yoSTpl9d5rgl7l,The Theory of Everything,,0.254862010478973,5,x,2026-06,music|5fJD7wh9yoSTpl9d5rgl7l|A journey to find the meaning of life,a,1.0
P2_EN,philosophical,2,en,A journey to find the meaning of life,book,book,B07GNW3X3G,THE LIFE YOU WERE BORN TO LIVE:: A Guide to Finding Your Life Purpose,,0.643239378929138,1,o,2026-06,book|B07GNW3X3G|A journey to find the meaning of life,o,2.0
P2_EN,philosophical,2,en,A journey to find the meaning of life,book,book,B00J1IQW6I,The Happiness of Pursuit: Finding the Quest That Will Bring Purpose to Your Life,,0.596058011054993,2,o,2026-06,book|B00J1IQW6I|A journey to find the meaning of life,a,1.0
P2_EN,philosophical,2,en,A journey to find the meaning of life,book,book,B073ZXJG8K,Living an Examined Life: Wisdom for the Second Half of the Journey,,0.592081665992737,3,o,2026-06,book|B073ZXJG8K|A journey to find the meaning of life,a,1.0
P2_EN,philosophical,2,en,A journey to find the meaning of life,book,book,B09QD437HY,The Philosophical Journey: An Interactive Approach,,0.591471552848816,4,o,2026-06,book|B09QD437HY|A journey to find the meaning of life,a,1.0
P2_EN,philosophical,2,en,A journey to find the meaning of life,book,book,B0B8WPVBLB,I Will Find My Way: A Personal Journey of Self-Discovery along the Camino de Santiago,,0.591042160987854,5,o,2026-06,book|B0B8WPVBLB|A journey to find the meaning of life,a,1.0
P2_EN,philosophical,2,en,A journey to find the meaning of life,all,book,B07GNW3X3G,THE LIFE YOU WERE BORN TO LIVE:: A Guide to Finding Your Life Purpose,,0.643239378929138,1,o,2026-06,book|B07GNW3X3G|A journey to find the meaning of life,o,2.0
P2_EN,philosophical,2,en,A journey to find the meaning of life,all,book,B00J1IQW6I,The Happiness of Pursuit: Finding the Quest That Will Bring Purpose to Your Life,,0.596058011054993,2,o,2026-06,book|B00J1IQW6I|A journey to find the meaning of life,a,1.0
P2_EN,philosophical,2,en,A journey to find the meaning of life,all,book,B073ZXJG8K,Living an Examined Life: Wisdom for the Second Half of the Journey,,0.592081665992737,3,o,2026-06,book|B073ZXJG8K|A journey to find the meaning of life,a,1.0
P2_EN,philosophical,2,en,A journey to find the meaning of life,all,book,B09QD437HY,The Philosophical Journey: An Interactive Approach,,0.591471552848816,4,o,2026-06,book|B09QD437HY|A journey to find the meaning of life,a,1.0
P2_EN,philosophical,2,en,A journey to find the meaning of life,all,book,B0B8WPVBLB,I Will Find My Way: A Personal Journey of Self-Discovery along the Camino de Santiago,,0.591042160987854,5,o,2026-06,book|B0B8WPVBLB|A journey to find the meaning of life,a,1.0
P3_EN,philosophical,3,en,Between freedom and responsibility,movie,movie,2059255,No (2012),,0.5085888504982,1,a,2026-06,movie|2059255|Between freedom and responsibility,a,1.0
P3_EN,philosophical,3,en,Between freedom and responsibility,movie,movie,3621952,The Choice Is Ours (2015),,0.507822811603546,2,x,2026-06,movie|3621952|Between freedom and responsibility,a,1.0
P3_EN,philosophical,3,en,Between freedom and responsibility,movie,movie,1558952,Freedom Riders (2010),,0.488208115100861,3,a,2026-06,movie|1558952|Between freedom and responsibility,a,1.0
P3_EN,philosophical,3,en,Between freedom and responsibility,movie,movie,454921,The Pursuit of Happyness (2006),,0.468408554792404,4,x,2026-06,movie|454921|Between freedom and responsibility,a,1.0
P3_EN,philosophical,3,en,Between freedom and responsibility,movie,movie,979263,The Trap: What Happened to Our Dream of Freedom,,0.455892860889435,5,o,2026-06,movie|979263|Between freedom and responsibility,a,1.0
P3_EN,philosophical,3,en,Between freedom and responsibility,music,music,2PyDqCtFcXsucZqTF4rE3i,I Am That I Am,,0.471065670251846,1,x,2026-06,music|2PyDqCtFcXsucZqTF4rE3i|Between freedom and responsibility,a,1.0
P3_EN,philosophical,3,en,Between freedom and responsibility,music,music,1o0lfRVsQfRZ6VeAb82vum,Equal Rights,,0.452360659837723,2,a,2026-06,music|1o0lfRVsQfRZ6VeAb82vum|Between freedom and responsibility,a,1.0
P3_EN,philosophical,3,en,Between freedom and responsibility,music,music,5NShvMH3lRmQPW4qc0hYKY,Solidarity Forever,,0.419663041830063,3,a,2026-06,music|5NShvMH3lRmQPW4qc0hYKY|Between freedom and responsibility,a,1.0
P3_EN,philosophical,3,en,Between freedom and responsibility,music,music,0s8OsDxW96cl290PcsI2mX,Duck And Run,,0.418989658355713,4,o,2026-06,music|0s8OsDxW96cl290PcsI2mX|Between freedom and responsibility,a,1.0
P3_EN,philosophical,3,en,Between freedom and responsibility,music,music,5PxJMuvCFAEbAGaG0J4mLr,Stepping Razor,,0.418378323316574,5,x,2026-06,music|5PxJMuvCFAEbAGaG0J4mLr|Between freedom and responsibility,a,1.0
P3_EN,philosophical,3,en,Between freedom and responsibility,book,book,B00M20I134,How I Found Freedom in an Unfree World: A Handbook for Personal Liberty,,0.688935875892639,1,o,2026-06,book|B00M20I134|Between freedom and responsibility,a,1.0
P3_EN,philosophical,3,en,Between freedom and responsibility,book,book,B00C2C8XUS,"The Freedom Manifesto: How to Free Yourself from Anxiety, Fear, Mortgages, Money, Guilt, Debt, Government, Boredom, Supermarkets, Bills, Melancholy, Pain, Depression, Work, and Waste",,0.679712533950806,2,a,2026-06,book|B00C2C8XUS|Between freedom and responsibility,a,1.0
P3_EN,philosophical,3,en,Between freedom and responsibility,book,book,B00H0FEQH6,Human Rights Transformed: Positive Rights and Positive Duties,,0.670017421245575,3,o,2026-06,book|B00H0FEQH6|Between freedom and responsibility,a,1.0
P3_EN,philosophical,3,en,Between freedom and responsibility,book,book,B00B3LCE3G,The Ten Keys To Total Freedom: A Conversation with Gary M. Douglas & Dr. Dain Heer,,0.66995906829834,4,o,2026-06,book|B00B3LCE3G|Between freedom and responsibility,a,1.0
P3_EN,philosophical,3,en,Between freedom and responsibility,book,book,B004MYFLBS,Free To Choose: A Personal Statement,,0.669591426849365,5,o,2026-06,book|B004MYFLBS|Between freedom and responsibility,a,1.0
P3_EN,philosophical,3,en,Between freedom and responsibility,all,book,B00M20I134,How I Found Freedom in an Unfree World: A Handbook for Personal Liberty,,0.688935875892639,1,o,2026-06,book|B00M20I134|Between freedom and responsibility,a,1.0
P3_EN,philosophical,3,en,Between freedom and responsibility,all,book,B00C2C8XUS,"The Freedom Manifesto: How to Free Yourself from Anxiety, Fear, Mortgages, Money, Guilt, Debt, Government, Boredom, Supermarkets, Bills, Melancholy, Pain, Depression, Work, and Waste",,0.679712533950806,2,a,2026-06,book|B00C2C8XUS|Between freedom and responsibility,a,1.0
P3_EN,philosophical,3,en,Between freedom and responsibility,all,book,B00H0FEQH6,Human Rights Transformed: Positive Rights and Positive Duties,,0.670017421245575,3,o,2026-06,book|B00H0FEQH6|Between freedom and responsibility,a,1.0
P3_EN,philosophical,3,en,Between freedom and responsibility,all,book,B00B3LCE3G,The Ten Keys To Total Freedom: A Conversation with Gary M. Douglas & Dr. Dain Heer,,0.66995906829834,4,o,2026-06,book|B00B3LCE3G|Between freedom and responsibility,a,1.0
P3_EN,philosophical,3,en,Between freedom and responsibility,all,book,B004MYFLBS,Free To Choose: A Personal Statement,,0.669591426849365,5,o,2026-06,book|B004MYFLBS|Between freedom and responsibility,a,1.0
P4_EN,philosophical,4,en,Reflection on solitude and existence,movie,movie,192718,Un homme qui dort (1974),,0.614082872867584,1,o,2026-06,movie|192718|Reflection on solitude and existence,o,2.0
P4_EN,philosophical,4,en,Reflection on solitude and existence,movie,movie,376821,Det perfekte menneske (1967),,0.595741093158722,2,o,2026-06,movie|376821|Reflection on solitude and existence,x,0.0
P4_EN,philosophical,4,en,Reflection on solitude and existence,movie,movie,432232,The Century of the Self,,0.549424588680267,3,x,2026-06,movie|432232|Reflection on solitude and existence,x,0.0
P4_EN,philosophical,4,en,Reflection on solitude and existence,movie,movie,71600,Les hautes solitudes (1974),,0.548919498920441,4,o,2026-06,movie|71600|Reflection on solitude and existence,a,1.0
P4_EN,philosophical,4,en,Reflection on solitude and existence,movie,movie,1741225,I Am (2010),,0.523162364959717,5,o,2026-06,movie|1741225|Reflection on solitude and existence,x,0.0
P4_EN,philosophical,4,en,Reflection on solitude and existence,music,music,45PxuJqJBnPXZKLxoo9Apj,SUPERPOSITION,,0.648328423500061,1,o,2026-06,music|45PxuJqJBnPXZKLxoo9Apj|Reflection on solitude and existence,a,1.0
P4_EN,philosophical,4,en,Reflection on solitude and existence,music,music,21UkknmSYISvDaQbaMIOgq,Solitude,,0.612037718296051,2,o,2026-06,music|21UkknmSYISvDaQbaMIOgq|Reflection on solitude and existence,a,1.0
P4_EN,philosophical,4,en,Reflection on solitude and existence,music,music,1IdTIzkTK6CcpKKgMUGbg7,Vultures,,0.605941772460938,3,o,2026-06,music|1IdTIzkTK6CcpKKgMUGbg7|Reflection on solitude and existence,a,1.0
P4_EN,philosophical,4,en,Reflection on solitude and existence,music,music,24IdPCimVnJJDRuB5YSDiS,I Don't Care Anymore - 2016 Remaster,,0.599906384944916,4,o,2026-06,music|24IdPCimVnJJDRuB5YSDiS|Reflection on solitude and existence,x,0.0
P4_EN,philosophical,4,en,Reflection on solitude and existence,music,music,5imShWWzwqfAJ9gXFpGAQh,Waiting On the World to Change,,0.59853732585907,5,a,2026-06,music|5imShWWzwqfAJ9gXFpGAQh|Reflection on solitude and existence,a,1.0
P4_EN,philosophical,4,en,Reflection on solitude and existence,book,book,B07GNV22WM,Being and Nothingness,,0.669402360916138,1,o,2026-06,book|B07GNV22WM|Reflection on solitude and existence,a,1.0
P4_EN,philosophical,4,en,Reflection on solitude and existence,book,book,B08H87G2WN,Existentialism Is a Humanism,,0.66341495513916,2,o,2026-06,book|B08H87G2WN|Reflection on solitude and existence,o,2.0
P4_EN,philosophical,4,en,Reflection on solitude and existence,book,book,B08HY38C94,Being No One: The Self-Model Theory of Subjectivity,,0.661712288856506,3,o,2026-06,book|B08HY38C94|Reflection on solitude and existence,a,1.0
P4_EN,philosophical,4,en,Reflection on solitude and existence,book,book,B0CB1HPR3C,Alone: Reflections on Solitary Living,,0.637436270713806,4,o,2026-06,book|B0CB1HPR3C|Reflection on solitude and existence,a,1.0
P4_EN,philosophical,4,en,Reflection on solitude and existence,book,book,B0B6YYD5C9,The Art of Living a Meaningless Existence: Ideas from Philosophy That Change the Way You Think,,0.63397890329361,5,o,2026-06,book|B0B6YYD5C9|Reflection on solitude and existence,x,0.0
P4_EN,philosophical,4,en,Reflection on solitude and existence,all,book,B07GNV22WM,Being and Nothingness,,0.669402360916138,1,o,2026-06,book|B07GNV22WM|Reflection on solitude and existence,a,1.0
P4_EN,philosophical,4,en,Reflection on solitude and existence,all,book,B08H87G2WN,Existentialism Is a Humanism,,0.66341495513916,2,o,2026-06,book|B08H87G2WN|Reflection on solitude and existence,o,2.0
P4_EN,philosophical,4,en,Reflection on solitude and existence,all,book,B08HY38C94,Being No One: The Self-Model Theory of Subjectivity,,0.661712288856506,3,o,2026-06,book|B08HY38C94|Reflection on solitude and existence,a,1.0
P4_EN,philosophical,4,en,Reflection on solitude and existence,all,music,45PxuJqJBnPXZKLxoo9Apj,SUPERPOSITION,,0.648328423500061,4,o,2026-06,music|45PxuJqJBnPXZKLxoo9Apj|Reflection on solitude and existence,a,1.0
P4_EN,philosophical,4,en,Reflection on solitude and existence,all,book,B0CB1HPR3C,Alone: Reflections on Solitary Living,,0.637436270713806,5,o,2026-06,book|B0CB1HPR3C|Reflection on solitude and existence,a,1.0
T1_EN,poet,1,en,In the name of love,movie,movie,1637612,An Affair of the Heart (2012),,0.393290996551514,1,o,2026-06,movie|1637612|In the name of love,a,1.0
T1_EN,poet,1,en,In the name of love,movie,movie,1225703,No Greater Love (2009),,0.381700992584229,2,o,2026-06,movie|1225703|In the name of love,a,1.0
T1_EN,poet,1,en,In the name of love,movie,movie,2202471,Love (2012),,0.381191849708557,3,o,2026-06,movie|2202471|In the name of love,a,1.0
T1_EN,poet,1,en,In the name of love,movie,movie,332280,The Notebook (2004),,0.379192411899567,4,o,2026-06,movie|332280|In the name of love,o,2.0
T1_EN,poet,1,en,In the name of love,movie,movie,903657,Love & Mercy (2014),,0.378011643886566,5,o,2026-06,movie|903657|In the name of love,a,1.0
T1_EN,poet,1,en,In the name of love,music,music,2lmCr96Mhghs0KUVABx4RP,Be My Lady (feat. Pieter Tuhoro & Jah Maoli),,0.463240504264832,1,o,2026-06,music|2lmCr96Mhghs0KUVABx4RP|In the name of love,a,1.0
T1_EN,poet,1,en,In the name of love,music,music,0oTtnnedK0C4unALxVTPhz,Mystery of Love (From the Original Motion Picture “Call Me by Your Name”),,0.459811359643936,2,o,2026-06,music|0oTtnnedK0C4unALxVTPhz|In the name of love,a,1.0
T1_EN,poet,1,en,In the name of love,music,music,0MNNKSUU9OOQ8DSGWduw79,Mystery of Love,,0.45771250128746,3,o,2026-06,music|0MNNKSUU9OOQ8DSGWduw79|In the name of love,a,1.0
T1_EN,poet,1,en,In the name of love,music,music,4Eda1y3heYypvl4KRcJcKs,God Of This City,,0.452414393424988,4,a,2026-06,music|4Eda1y3heYypvl4KRcJcKs|In the name of love,x,0.0
T1_EN,poet,1,en,In the name of love,music,music,0UERoCKd24PKovd4BwRzBQ,It Takes Two,,0.442556440830231,5,a,2026-06,music|0UERoCKd24PKovd4BwRzBQ|In the name of love,a,1.0
T1_EN,poet,1,en,In the name of love,book,book,B0BYC83HZD,Call of Love,,0.474233686923981,1,o,2026-06,book|B0BYC83HZD|In the name of love,a,1.0
T1_EN,poet,1,en,In the name of love,book,book,B0BBS8GWKP,Forever Love: A Duet,,0.45900559425354,2,o,2026-06,book|B0BBS8GWKP|In the name of love,a,1.0
T1_EN,poet,1,en,In the name of love,book,book,B007V8Z4O6,Down Where My Love Lives,,0.457347333431244,3,o,2026-06,book|B007V8Z4O6|In the name of love,a,1.0
T1_EN,poet,1,en,In the name of love,book,book,B01EFM8NI4,The Four Loves,,0.452739298343658,4,o,2026-06,book|B01EFM8NI4|In the name of love,x,0.0
T1_EN,poet,1,en,In the name of love,book,book,B0BJF2P7SW,"The Love Stories of the Bible Speak: Biblical Lessons on Romance, Friendship, and Faith",,0.449199497699738,5,o,2026-06,book|B0BJF2P7SW|In the name of love,a,1.0
T1_EN,poet,1,en,In the name of love,all,book,B0BYC83HZD,Call of Love,,0.474233686923981,1,o,2026-06,book|B0BYC83HZD|In the name of love,a,1.0
T1_EN,poet,1,en,In the name of love,all,music,2lmCr96Mhghs0KUVABx4RP,Be My Lady (feat. Pieter Tuhoro & Jah Maoli),,0.463240504264832,2,o,2026-06,music|2lmCr96Mhghs0KUVABx4RP|In the name of love,a,1.0
T1_EN,poet,1,en,In the name of love,all,music,0oTtnnedK0C4unALxVTPhz,Mystery of Love (From the Original Motion Picture “Call Me by Your Name”),,0.459811359643936,3,o,2026-06,music|0oTtnnedK0C4unALxVTPhz|In the name of love,a,1.0
T1_EN,poet,1,en,In the name of love,all,book,B0BBS8GWKP,Forever Love: A Duet,,0.45900559425354,4,o,2026-06,book|B0BBS8GWKP|In the name of love,a,1.0
T1_EN,poet,1,en,In the name of love,all,music,0MNNKSUU9OOQ8DSGWduw79,Mystery of Love,,0.45771250128746,5,o,2026-06,music|0MNNKSUU9OOQ8DSGWduw79|In the name of love,a,1.0
T2_EN,poet,2,en,Like the excitement of a spring day,movie,movie,82902,Pick-up Summer (1980),,0.601253986358643,1,x,2026-06,movie|82902|Like the excitement of a spring day,a,1.0
T2_EN,poet,2,en,Like the excitement of a spring day,movie,movie,1547230,Judy Moody and the Not Bummer Summer (2011),,0.59489518404007,2,x,2026-06,movie|1547230|Like the excitement of a spring day,a,1.0
T2_EN,poet,2,en,Like the excitement of a spring day,movie,movie,3921418,L for Leisure (2014),,0.570234060287476,3,x,2026-06,movie|3921418|Like the excitement of a spring day,a,1.0
T2_EN,poet,2,en,Like the excitement of a spring day,movie,movie,91680,One Crazy Summer (1986),,0.564216077327728,4,x,2026-06,movie|91680|Like the excitement of a spring day,a,1.0
T2_EN,poet,2,en,Like the excitement of a spring day,movie,movie,1758795,The To Do List (2013),,0.55123770236969,5,a,2026-06,movie|1758795|Like the excitement of a spring day,a,1.0
T2_EN,poet,2,en,Like the excitement of a spring day,music,music,5dl8WFCxndWZlsDXuzT00p,The Best Day Ever,,0.559038400650024,1,o,2026-06,music|5dl8WFCxndWZlsDXuzT00p|Like the excitement of a spring day,a,1.0
T2_EN,poet,2,en,Like the excitement of a spring day,music,music,7Feaw9WAEREY0DUOSXJLOM,Summer Days (feat. Macklemore & Patrick Stump of Fall Out Boy),,0.546312749385834,2,x,2026-06,music|7Feaw9WAEREY0DUOSXJLOM|Like the excitement of a spring day,a,1.0
T2_EN,poet,2,en,Like the excitement of a spring day,music,music,3bMfUUpzUzqWp9II00yRhE,Christmas Time Is Here - Vocal - Album Version,,0.537554144859314,3,x,2026-06,music|3bMfUUpzUzqWp9II00yRhE|Like the excitement of a spring day,x,0.0
T2_EN,poet,2,en,Like the excitement of a spring day,music,music,4SZbG1h04TXi6e9JOyjY1z,Ida's Summer Song,,0.531539559364319,4,x,2026-06,music|4SZbG1h04TXi6e9JOyjY1z|Like the excitement of a spring day,a,1.0
T2_EN,poet,2,en,Like the excitement of a spring day,music,music,6NqfslFfCCOyBQ0Xw8kN8E,What Time Is It,,0.529879808425903,5,x,2026-06,music|6NqfslFfCCOyBQ0Xw8kN8E|Like the excitement of a spring day,a,1.0
T2_EN,poet,2,en,Like the excitement of a spring day,book,book,B0C6B28N99,The Worst Summer Book in the Whole Entire World: A funny and silly children's story about vacation season for kids and parents who need a laugh. (Entire World Books),,0.63668692111969,1,x,2026-06,book|B0C6B28N99|Like the excitement of a spring day,a,1.0
T2_EN,poet,2,en,Like the excitement of a spring day,book,book,1951046382,The Worst Summer Book in the Whole Entire World (Entire World Books),,0.627347409725189,2,x,2026-06,book|1951046382|Like the excitement of a spring day,x,0.0
T2_EN,poet,2,en,Like the excitement of a spring day,book,book,B08HDD1HRZ,Staying Out for the Summer,,0.604118049144745,4,x,2026-06,book|B08HDD1HRZ|Like the excitement of a spring day,a,1.0
T2_EN,poet,2,en,Like the excitement of a spring day,book,book,B08FZ8GNRT,Cool for the Summer,,0.60193133354187,5,x,2026-06,book|B08FZ8GNRT|Like the excitement of a spring day,a,1.0
T2_EN,poet,2,en,Like the excitement of a spring day,all,book,B0C6B28N99,The Worst Summer Book in the Whole Entire World: A funny and silly children's story about vacation season for kids and parents who need a laugh. (Entire World Books),,0.63668692111969,1,x,2026-06,book|B0C6B28N99|Like the excitement of a spring day,a,1.0
T2_EN,poet,2,en,Like the excitement of a spring day,all,book,1951046382,The Worst Summer Book in the Whole Entire World (Entire World Books),,0.627347409725189,2,x,2026-06,book|1951046382|Like the excitement of a spring day,x,0.0
T2_EN,poet,2,en,Like the excitement of a spring day,all,book,B08HDD1HRZ,Staying Out for the Summer,,0.604118049144745,4,x,2026-06,book|B08HDD1HRZ|Like the excitement of a spring day,a,1.0
T2_EN,poet,2,en,Like the excitement of a spring day,all,book,B08FZ8GNRT,Cool for the Summer,,0.60193133354187,5,x,2026-06,book|B08FZ8GNRT|Like the excitement of a spring day,a,1.0
T3_EN,poet,3,en,What remains after farewell,movie,movie,165078,After Life (1998),,0.539002060890198,1,o,2026-06,movie|165078|What remains after farewell,a,1.0
T3_EN,poet,3,en,What remains after farewell,movie,movie,1172957,How to Live Forever (2009),,0.500779628753662,2,x,2026-06,movie|1172957|What remains after farewell,x,0.0
T3_EN,poet,3,en,What remains after farewell,movie,movie,253200,Last Orders (2001),,0.486295938491821,3,o,2026-06,movie|253200|What remains after farewell,a,1.0
T3_EN,poet,3,en,What remains after farewell,movie,movie,207805,Tuesdays with Morrie (1999),,0.485175043344498,4,o,2026-06,movie|207805|What remains after farewell,x,0.0
T3_EN,poet,3,en,What remains after farewell,movie,movie,1446208,Ways to Live Forever (2010),,0.481907457113266,5,a,2026-06,movie|1446208|What remains after farewell,a,1.0
T3_EN,poet,3,en,What remains after farewell,music,music,7FCYixd46BlSiO2memrsPo,Older Chests,,0.367359548807144,1,o,2026-06,music|7FCYixd46BlSiO2memrsPo|What remains after farewell,a,1.0
T3_EN,poet,3,en,What remains after farewell,music,music,6YPb7DMon2lInNJciLwgzG,Turning Page (Instrumental),,0.357118189334869,2,a,2026-06,music|6YPb7DMon2lInNJciLwgzG|What remains after farewell,a,1.0
T3_EN,poet,3,en,What remains after farewell,music,music,3yxpqMbfUVMLL7Ap3W71W4,End Of Me,,0.352051377296448,3,o,2026-06,music|3yxpqMbfUVMLL7Ap3W71W4|What remains after farewell,a,1.0
T3_EN,poet,3,en,What remains after farewell,music,music,34dkZZNQJzEJRqPkywYmEY,A Quick One Before the Eternal Worm Devours Connecticut,,0.350500077009201,4,x,2026-06,music|34dkZZNQJzEJRqPkywYmEY|What remains after farewell,a,1.0
T3_EN,poet,3,en,What remains after farewell,music,music,1V8BSBe2fB5Np30sXmUCNU,Where Have All the Flowers Gone - 2004 Remaster,,0.328160047531128,5,o,2026-06,music|1V8BSBe2fB5Np30sXmUCNU|What remains after farewell,a,1.0
T3_EN,poet,3,en,What remains after farewell,book,book,B08661427S,We all know how this ends: Lessons about life and living from working with death and dying,,0.621371150016785,1,o,2026-06,book|B08661427S|What remains after farewell,x,0.0
T3_EN,poet,3,en,What remains after farewell,book,book,B007SGM3P4,The End of Your Life Book Club,,0.618924498558044,2,o,2026-06,book|B007SGM3P4|What remains after farewell,x,0.0
T3_EN,poet,3,en,What remains after farewell,book,book,B007NK578A,At the End of Life: True Stories About How We Die,,0.613371253013611,3,o,2026-06,book|B007NK578A|What remains after farewell,x,0.0
T3_EN,poet,3,en,What remains after farewell,book,book,B079L52779,Let's Talk about Death (over Dinner): An Invitation and Guide to Life's Most Important Conversation,,0.607374310493469,4,a,2026-06,book|B079L52779|What remains after farewell,a,1.0
T3_EN,poet,3,en,What remains after farewell,book,book,B07RL547K9,When My Time Comes: Conversations About Whether Those Who Are Dying Should Have the Right to Determine When Life Should End,,0.598450720310211,5,x,2026-06,book|B07RL547K9|What remains after farewell,x,0.0
T3_EN,poet,3,en,What remains after farewell,all,book,B08661427S,We all know how this ends: Lessons about life and living from working with death and dying,,0.621371150016785,1,o,2026-06,book|B08661427S|What remains after farewell,x,0.0
T3_EN,poet,3,en,What remains after farewell,all,book,B007SGM3P4,The End of Your Life Book Club,,0.618924498558044,2,o,2026-06,book|B007SGM3P4|What remains after farewell,x,0.0
T3_EN,poet,3,en,What remains after farewell,all,book,B007NK578A,At the End of Life: True Stories About How We Die,,0.613371253013611,3,o,2026-06,book|B007NK578A|What remains after farewell,x,0.0
T3_EN,poet,3,en,What remains after farewell,all,book,B079L52779,Let's Talk about Death (over Dinner): An Invitation and Guide to Life's Most Important Conversation,,0.607374310493469,4,a,2026-06,book|B079L52779|What remains after farewell,a,1.0
T3_EN,poet,3,en,What remains after farewell,all,book,B07RL547K9,When My Time Comes: Conversations About Whether Those Who Are Dying Should Have the Right to Determine When Life Should End,,0.598450720310211,5,x,2026-06,book|B07RL547K9|What remains after farewell,x,0.0
T4_EN,poet,4,en,A voice whispering under moonlight,movie,movie,2113683,I Know That Voice (2013),,0.609608888626099,1,x,2026-06,movie|2113683|A voice whispering under moonlight,a,1.0
T4_EN,poet,4,en,A voice whispering under moonlight,movie,movie,1125387,See What I'm Saying: The Deaf Entertainers Documentary (2009),,0.565372586250305,2,x,2026-06,movie|1125387|A voice whispering under moonlight,x,0.0
T4_EN,poet,4,en,A voice whispering under moonlight,movie,movie,1734477,Public Speaking (2010),,0.542789101600647,3,x,2026-06,movie|1734477|A voice whispering under moonlight,x,0.0
T4_EN,poet,4,en,A voice whispering under moonlight,movie,movie,796368,Talk to Me (2007),,0.536506712436676,4,x,2026-06,movie|796368|A voice whispering under moonlight,a,1.0
T4_EN,poet,4,en,A voice whispering under moonlight,movie,movie,147004,Little Voice (1998),,0.517017602920532,5,x,2026-06,movie|147004|A voice whispering under moonlight,a,1.0
T4_EN,poet,4,en,A voice whispering under moonlight,music,music,3fzJcLWDgzx4l1tTdkAxYd,Watch What Happens,,0.405008643865585,1,x,2026-06,music|3fzJcLWDgzx4l1tTdkAxYd|A voice whispering under moonlight,x,0.0
T4_EN,poet,4,en,A voice whispering under moonlight,music,music,4j1Pc3I3CQTg4EAE6kCpNV,Yep,,0.3686842918396,2,x,2026-06,music|4j1Pc3I3CQTg4EAE6kCpNV|A voice whispering under moonlight,x,0.0
T4_EN,poet,4,en,A voice whispering under moonlight,music,music,4vVIHxe9kdEsIrrTeHnHyG,People Watching,,0.345228731632233,3,x,2026-06,music|4vVIHxe9kdEsIrrTeHnHyG|A voice whispering under moonlight,x,0.0
T4_EN,poet,4,en,A voice whispering under moonlight,music,music,6dr7ekfhlbquvsVY8D7gyk,"Aaron Burr, Sir",,0.340891629457474,4,x,2026-06,music|6dr7ekfhlbquvsVY8D7gyk|A voice whispering under moonlight,x,0.0
T4_EN,poet,4,en,A voice whispering under moonlight,music,music,5umt6j4cZkfrL18u8KOnyq,Once And For All,,0.336926400661469,5,x,2026-06,music|5umt6j4cZkfrL18u8KOnyq|A voice whispering under moonlight,x,0.0
T4_EN,poet,4,en,A voice whispering under moonlight,book,book,B07XGS22NC,"Speak and Be Heard: 101 Vocal Exercises for Voice Actors, Public Speakers and Professionals",,0.640434682369232,1,x,2026-06,book|B07XGS22NC|A voice whispering under moonlight,x,0.0
T4_EN,poet,4,en,A voice whispering under moonlight,book,book,B0B17HF2PL,The Right to Speak: Working with the Voice (Bloomsbury Revelations),,0.637027263641357,2,x,2026-06,book|B0B17HF2PL|A voice whispering under moonlight,x,0.0
T4_EN,poet,4,en,A voice whispering under moonlight,book,book,B07D36LXQQ,Voice-Over Voice Actor: The Extended Edition,,0.620697498321533,3,x,2026-06,book|B07D36LXQQ|A voice whispering under moonlight,x,0.0
T4_EN,poet,4,en,A voice whispering under moonlight,book,book,B003F3PMFM,Frank: The Voice,,0.619396269321442,4,x,2026-06,book|B003F3PMFM|A voice whispering under moonlight,a,1.0
T4_EN,poet,4,en,A voice whispering under moonlight,book,book,B011H55RTA,Ted Talks: The Official TED Guide to Public Speaking,,0.613117039203644,5,x,2026-06,book|B011H55RTA|A voice whispering under moonlight,x,0.0
T4_EN,poet,4,en,A voice whispering under moonlight,all,book,B07XGS22NC,"Speak and Be Heard: 101 Vocal Exercises for Voice Actors, Public Speakers and Professionals",,0.640434682369232,1,x,2026-06,book|B07XGS22NC|A voice whispering under moonlight,x,0.0
T4_EN,poet,4,en,A voice whispering under moonlight,all,book,B0B17HF2PL,The Right to Speak: Working with the Voice (Bloomsbury Revelations),,0.637027263641357,2,x,2026-06,book|B0B17HF2PL|A voice whispering under moonlight,x,0.0
T4_EN,poet,4,en,A voice whispering under moonlight,all,book,B07D36LXQQ,Voice-Over Voice Actor: The Extended Edition,,0.620697498321533,3,x,2026-06,book|B07D36LXQQ|A voice whispering under moonlight,x,0.0
T4_EN,poet,4,en,A voice whispering under moonlight,all,book,B003F3PMFM,Frank: The Voice,,0.619396269321442,4,x,2026-06,book|B003F3PMFM|A voice whispering under moonlight,a,1.0
T4_EN,poet,4,en,A voice whispering under moonlight,all,book,B011H55RTA,Ted Talks: The Official TED Guide to Public Speaking,,0.613117039203644,5,x,2026-06,book|B011H55RTA|A voice whispering under moonlight,x,0.0
A1_EN,atmosphere,1,en,A sunlit cafe,movie,movie,2967006,The Trip to Italy (2014),,0.593826532363892,1,a,2026-06,movie|2967006|A sunlit cafe,a,1.0
A1_EN,atmosphere,1,en,A sunlit cafe,movie,movie,1323520,French Roast (2008),,0.561903119087219,2,o,2026-06,movie|1323520|A sunlit cafe,a,1.0
A1_EN,atmosphere,1,en,A sunlit cafe,movie,movie,152176,Restaurant (1998),,0.5491583943367,3,a,2026-06,movie|152176|A sunlit cafe,a,1.0
A1_EN,atmosphere,1,en,A sunlit cafe,movie,movie,1259520,Bon appÌ©tit (2010),,0.547082901000977,4,a,2026-06,movie|1259520|A sunlit cafe,a,1.0
A1_EN,atmosphere,1,en,A sunlit cafe,movie,movie,1954701,A Coffee in Berlin (2012),,0.545828223228455,5,a,2026-06,movie|1954701|A sunlit cafe,a,1.0
A1_EN,atmosphere,1,en,A sunlit cafe,music,music,7f9sC9fvtjYSZYOLSmKJlq,Tom's Diner,,0.459232151508331,1,o,2026-06,music|7f9sC9fvtjYSZYOLSmKJlq|A sunlit cafe,a,1.0
A1_EN,atmosphere,1,en,A sunlit cafe,music,music,2pSSSjVhTbSxa5a9vbzWhK,On An Evening In Roma (Sott'er Celo De Roma) - Remastered,,0.440171837806702,2,a,2026-06,music|2pSSSjVhTbSxa5a9vbzWhK|A sunlit cafe,a,1.0
A1_EN,atmosphere,1,en,A sunlit cafe,music,music,0Blojh3eznTkOiIJSDKb6W,Opening Up,,0.417650282382965,3,o,2026-06,music|0Blojh3eznTkOiIJSDKb6W|A sunlit cafe,x,0.0
A1_EN,atmosphere,1,en,A sunlit cafe,music,music,3lec706q3lBqypMop9y7pr,Nice Girls Don't Stay For Breakfast,,0.413116365671158,4,x,2026-06,music|3lec706q3lBqypMop9y7pr|A sunlit cafe,x,0.0
A1_EN,atmosphere,1,en,A sunlit cafe,music,music,3OIoLMnnWzAUORFQxRAhdF,You Matter to Me,,0.412333846092224,5,a,2026-06,music|3OIoLMnnWzAUORFQxRAhdF|A sunlit cafe,x,0.0
A1_EN,atmosphere,1,en,A sunlit cafe,book,book,B01L7BD980,Between Meals: An Appetite for Paris,,0.648138642311096,1,a,2026-06,book|B01L7BD980|A sunlit cafe,a,1.0
A1_EN,atmosphere,1,en,A sunlit cafe,book,book,B08VHMGMFN,Flavour with Benefits: France,,0.637877523899078,2,a,2026-06,book|B08VHMGMFN|A sunlit cafe,a,1.0
A1_EN,atmosphere,1,en,A sunlit cafe,book,book,B0CBXTQVS4,Eating & Drinking in Paris: French Menu Translator and Restaurant Guide (12th edition) Made Easy Travel Guides 2023,,0.635568261146545,3,o,2026-06,book|B0CBXTQVS4|A sunlit cafe,a,1.0
A1_EN,atmosphere,1,en,A sunlit cafe,book,book,B08FHWDTSW,Milk Street: Tuesday Nights Mediterranean: 125 Simple Weeknight Recipes from the World's Healthiest Cuisine,,0.634048700332642,4,x,2026-06,book|B08FHWDTSW|A sunlit cafe,x,0.0
A1_EN,atmosphere,1,en,A sunlit cafe,book,book,B00GU2RGXG,"The Food Lover's Guide to Paris: The Best Restaurants, Bistros, Cafés, Markets, Bakeries, and More",,0.633963823318481,5,o,2026-06,book|B00GU2RGXG|A sunlit cafe,a,1.0
A1_EN,atmosphere,1,en,A sunlit cafe,all,book,B01L7BD980,Between Meals: An Appetite for Paris,,0.648138642311096,1,a,2026-06,book|B01L7BD980|A sunlit cafe,a,1.0
A1_EN,atmosphere,1,en,A sunlit cafe,all,book,B08VHMGMFN,Flavour with Benefits: France,,0.637877523899078,2,a,2026-06,book|B08VHMGMFN|A sunlit cafe,a,1.0
A1_EN,atmosphere,1,en,A sunlit cafe,all,book,B0CBXTQVS4,Eating & Drinking in Paris: French Menu Translator and Restaurant Guide (12th edition) Made Easy Travel Guides 2023,,0.635568261146545,3,o,2026-06,book|B0CBXTQVS4|A sunlit cafe,a,1.0
A1_EN,atmosphere,1,en,A sunlit cafe,all,book,B08FHWDTSW,Milk Street: Tuesday Nights Mediterranean: 125 Simple Weeknight Recipes from the World's Healthiest Cuisine,,0.634048700332642,4,x,2026-06,book|B08FHWDTSW|A sunlit cafe,x,0.0
A1_EN,atmosphere,1,en,A sunlit cafe,all,book,B00GU2RGXG,"The Food Lover's Guide to Paris: The Best Restaurants, Bistros, Cafés, Markets, Bakeries, and More",,0.633963823318481,5,o,2026-06,book|B00GU2RGXG|A sunlit cafe,a,1.0
A2_EN,atmosphere,2,en,A quiet afternoon with the sound of rain,movie,movie,328825,Al primo soffio di vento (2002),,0.493857830762863,1,a,2026-06,movie|328825|A quiet afternoon with the sound of rain,a,1.0
A2_EN,atmosphere,2,en,A quiet afternoon with the sound of rain,movie,movie,71600,Les hautes solitudes (1974),,0.477827429771423,2,a,2026-06,movie|71600|A quiet afternoon with the sound of rain,a,1.0
A2_EN,atmosphere,2,en,A quiet afternoon with the sound of rain,movie,movie,1314291,Oto-na-ri (2009),,0.474028199911118,3,a,2026-06,movie|1314291|A quiet afternoon with the sound of rain,a,1.0
A2_EN,atmosphere,2,en,A quiet afternoon with the sound of rain,movie,movie,1079450,The Silence Before Bach (2007),,0.467039406299591,4,a,2026-06,movie|1079450|A quiet afternoon with the sound of rain,x,0.0
A2_EN,atmosphere,2,en,A quiet afternoon with the sound of rain,movie,movie,3667648,Une heure de tranquillitÌ© (2014),,0.4605373442173,5,a,2026-06,movie|3667648|A quiet afternoon with the sound of rain,a,1.0
A2_EN,atmosphere,2,en,A quiet afternoon with the sound of rain,music,music,6aNXqtLgxBPRFAH4tkn2Xn,Spring Rain,,0.687585592269898,1,o,2026-06,music|6aNXqtLgxBPRFAH4tkn2Xn|A quiet afternoon with the sound of rain,a,1.0
A2_EN,atmosphere,2,en,A quiet afternoon with the sound of rain,music,music,0eXDbW9ymC4TX6aWWOhkrf,Good Night Sleep,,0.684036493301392,2,a,2026-06,music|0eXDbW9ymC4TX6aWWOhkrf|A quiet afternoon with the sound of rain,a,1.0
A2_EN,atmosphere,2,en,A quiet afternoon with the sound of rain,music,music,5fD4liUw1zytutz64zFlX7,Sleep Rain,,0.680051982402802,3,o,2026-06,music|5fD4liUw1zytutz64zFlX7|A quiet afternoon with the sound of rain,o,2.0
A2_EN,atmosphere,2,en,A quiet afternoon with the sound of rain,music,music,6c7uYlmHJtZPnenPjqG7Ir,Sleeping Lotus,,0.678353309631348,4,a,2026-06,music|6c7uYlmHJtZPnenPjqG7Ir|A quiet afternoon with the sound of rain,a,1.0
A2_EN,atmosphere,2,en,A quiet afternoon with the sound of rain,music,music,6UZ9khOOfpeJ0Fss5pNs1K,Water Pour,,0.677029490470886,5,a,2026-06,music|6UZ9khOOfpeJ0Fss5pNs1K|A quiet afternoon with the sound of rain,a,1.0
A2_EN,atmosphere,2,en,A quiet afternoon with the sound of rain,book,book,B0C5V266S4,Sleep Psalms: Nightly Moments of Mindfulness and Rest,,0.608164429664612,1,a,2026-06,book|B0C5V266S4|A quiet afternoon with the sound of rain,a,1.0
A2_EN,atmosphere,2,en,A quiet afternoon with the sound of rain,book,book,B00CPE3LMI,Goodnight Mind: Turn Off Your Noisy Thoughts and Get a Good Night's Sleep,,0.570140421390533,2,x,2026-06,book|B00CPE3LMI|A quiet afternoon with the sound of rain,a,1.0
A2_EN,atmosphere,2,en,A quiet afternoon with the sound of rain,book,book,B073XL3DTX,Silence: In the Age of Noise,,0.560177206993103,3,o,2026-06,book|B073XL3DTX|A quiet afternoon with the sound of rain,a,1.0
A2_EN,atmosphere,2,en,A quiet afternoon with the sound of rain,book,book,B003YRIKSU,The Perfume of Silence,,0.555716872215271,4,a,2026-06,book|B003YRIKSU|A quiet afternoon with the sound of rain,a,1.0
A2_EN,atmosphere,2,en,A quiet afternoon with the sound of rain,book,book,B00MEIMCVG,Silence: The Power of Quiet in a World Full of Noise,,0.549374222755432,5,o,2026-06,book|B00MEIMCVG|A quiet afternoon with the sound of rain,a,1.0
A2_EN,atmosphere,2,en,A quiet afternoon with the sound of rain,all,music,6aNXqtLgxBPRFAH4tkn2Xn,Spring Rain,,0.687585592269898,1,o,2026-06,music|6aNXqtLgxBPRFAH4tkn2Xn|A quiet afternoon with the sound of rain,a,1.0
A2_EN,atmosphere,2,en,A quiet afternoon with the sound of rain,all,music,0eXDbW9ymC4TX6aWWOhkrf,Good Night Sleep,,0.684036493301392,2,a,2026-06,music|0eXDbW9ymC4TX6aWWOhkrf|A quiet afternoon with the sound of rain,a,1.0
A2_EN,atmosphere,2,en,A quiet afternoon with the sound of rain,all,music,5fD4liUw1zytutz64zFlX7,Sleep Rain,,0.680051982402802,3,o,2026-06,music|5fD4liUw1zytutz64zFlX7|A quiet afternoon with the sound of rain,o,2.0
A2_EN,atmosphere,2,en,A quiet afternoon with the sound of rain,all,music,6c7uYlmHJtZPnenPjqG7Ir,Sleeping Lotus,,0.678353309631348,4,a,2026-06,music|6c7uYlmHJtZPnenPjqG7Ir|A quiet afternoon with the sound of rain,a,1.0
A2_EN,atmosphere,2,en,A quiet afternoon with the sound of rain,all,music,6UZ9khOOfpeJ0Fss5pNs1K,Water Pour,,0.677029490470886,5,a,2026-06,music|6UZ9khOOfpeJ0Fss5pNs1K|A quiet afternoon with the sound of rain,a,1.0
A3_EN,atmosphere,3,en,In front of a warm fireplace in midwinter,movie,movie,1722515,Hjem til jul (2010),,0.454502522945404,1,a,2026-06,movie|1722515|In front of a warm fireplace in midwinter,a,1.0
A3_EN,atmosphere,3,en,In front of a warm fireplace in midwinter,movie,movie,999872,Thomas Kinkade's Christmas Cottage (2008),,0.450929224491119,2,o,2026-06,movie|999872|In front of a warm fireplace in midwinter,a,1.0
A3_EN,atmosphere,3,en,In front of a warm fireplace in midwinter,movie,movie,1583323,Miesten vuoro (2010),,0.439377099275589,3,a,2026-06,movie|1583323|In front of a warm fireplace in midwinter,x,0.0
A3_EN,atmosphere,3,en,In front of a warm fireplace in midwinter,movie,movie,103961,Christmas in Connecticut (1992),,0.433315634727478,4,o,2026-06,movie|103961|In front of a warm fireplace in midwinter,a,1.0
A3_EN,atmosphere,3,en,In front of a warm fireplace in midwinter,movie,movie,1491605,Kansakunnan olohuone (2009),,0.430606245994568,5,a,2026-06,movie|1491605|In front of a warm fireplace in midwinter,a,1.0
A3_EN,atmosphere,3,en,In front of a warm fireplace in midwinter,music,music,3W93koK957HaoaNHyA3dTm,St. Patrick's Day,,0.546374499797821,1,a,2026-06,music|3W93koK957HaoaNHyA3dTm|In front of a warm fireplace in midwinter,x,0.0
A3_EN,atmosphere,3,en,In front of a warm fireplace in midwinter,music,music,4vHp893kV7HksfB5FN1Nk5,I Live My Life for You,,0.5153489112854,2,x,2026-06,music|4vHp893kV7HksfB5FN1Nk5|In front of a warm fireplace in midwinter,x,0.0
A3_EN,atmosphere,3,en,In front of a warm fireplace in midwinter,music,music,6Xajr512QEGAZ20bqAWkyT,Near Light,,0.51057231426239,3,a,2026-06,music|6Xajr512QEGAZ20bqAWkyT|In front of a warm fireplace in midwinter,a,1.0
A3_EN,atmosphere,3,en,In front of a warm fireplace in midwinter,music,music,0YPagAr3GhXlRX06E4nUcw,Tomorrow's Song,,0.475156515836716,4,a,2026-06,music|0YPagAr3GhXlRX06E4nUcw|In front of a warm fireplace in midwinter,a,1.0
A3_EN,atmosphere,3,en,In front of a warm fireplace in midwinter,music,music,20Y6MNDyaBRpFrQ1Dt5CNF,The Day Before You - Acoustic,,0.469866454601288,5,a,2026-06,music|20Y6MNDyaBRpFrQ1Dt5CNF|In front of a warm fireplace in midwinter,a,1.0
A3_EN,atmosphere,3,en,In front of a warm fireplace in midwinter,book,book,B08NHX7R6C,Cozy White Cottage Seasons: 100 Ways to Be Cozy All Year Long,,0.570635676383972,1,o,2026-06,book|B08NHX7R6C|In front of a warm fireplace in midwinter,a,1.0
A3_EN,atmosphere,3,en,In front of a warm fireplace in midwinter,book,book,B00QSRUK5E,Cold-Weather Cooking,,0.557050466537476,2,a,2026-06,book|B00QSRUK5E|In front of a warm fireplace in midwinter,a,1.0
A3_EN,atmosphere,3,en,In front of a warm fireplace in midwinter,book,book,B00ZJJ1CVS,Camping Cookbook Dutch Oven Recipes (Camp Cooking),,0.529608547687531,3,x,2026-06,book|B00ZJJ1CVS|In front of a warm fireplace in midwinter,x,0.0
A3_EN,atmosphere,3,en,In front of a warm fireplace in midwinter,book,book,B07B285Q8T,"Open Sandwiches: 70 Smørrebrød Ideas for Morning, Noon and Night",,0.527682065963745,4,x,2026-06,book|B07B285Q8T|In front of a warm fireplace in midwinter,x,0.0
A3_EN,atmosphere,3,en,In front of a warm fireplace in midwinter,book,book,B08L9LY9ZW,Cook & Ladder Company No. 1: A Firehouse Cookbook,,0.52762758731842,5,x,2026-06,book|B08L9LY9ZW|In front of a warm fireplace in midwinter,a,1.0
A3_EN,atmosphere,3,en,In front of a warm fireplace in midwinter,all,book,B08NHX7R6C,Cozy White Cottage Seasons: 100 Ways to Be Cozy All Year Long,,0.570635676383972,1,o,2026-06,book|B08NHX7R6C|In front of a warm fireplace in midwinter,a,1.0
A3_EN,atmosphere,3,en,In front of a warm fireplace in midwinter,all,book,B00QSRUK5E,Cold-Weather Cooking,,0.557050466537476,2,a,2026-06,book|B00QSRUK5E|In front of a warm fireplace in midwinter,a,1.0
A3_EN,atmosphere,3,en,In front of a warm fireplace in midwinter,all,music,3W93koK957HaoaNHyA3dTm,St. Patrick's Day,,0.546374499797821,3,a,2026-06,music|3W93koK957HaoaNHyA3dTm|In front of a warm fireplace in midwinter,x,0.0
A3_EN,atmosphere,3,en,In front of a warm fireplace in midwinter,all,book,B00ZJJ1CVS,Camping Cookbook Dutch Oven Recipes (Camp Cooking),,0.529608547687531,4,x,2026-06,book|B00ZJJ1CVS|In front of a warm fireplace in midwinter,x,0.0
A3_EN,atmosphere,3,en,In front of a warm fireplace in midwinter,all,book,B07B285Q8T,"Open Sandwiches: 70 Smørrebrød Ideas for Morning, Noon and Night",,0.527682065963745,5,x,2026-06,book|B07B285Q8T|In front of a warm fireplace in midwinter,x,0.0
A4_EN,atmosphere,4,en,Empty city streets at dawn,movie,movie,311072,En la ciudad sin lí_mites (2002),,0.604918539524078,1,x,2026-06,movie|311072|Empty city streets at dawn,x,0.0
A4_EN,atmosphere,4,en,Empty city streets at dawn,movie,movie,1845838,Metro Manila (2013),,0.590279459953308,2,a,2026-06,movie|1845838|Empty city streets at dawn,a,1.0
A4_EN,atmosphere,4,en,Empty city streets at dawn,movie,movie,1086214,Los (2008),,0.587106466293335,3,x,2026-06,movie|1086214|Empty city streets at dawn,a,1.0
A4_EN,atmosphere,4,en,Empty city streets at dawn,movie,movie,1543701,Quchis dgeebi (2010),,0.579156696796417,4,a,2026-06,movie|1543701|Empty city streets at dawn,x,0.0
A4_EN,atmosphere,4,en,Empty city streets at dawn,movie,movie,1270494,Zero Bridge (2008),,0.576813697814941,5,a,2026-06,movie|1270494|Empty city streets at dawn,a,1.0
A4_EN,atmosphere,4,en,Empty city streets at dawn,music,music,1VuBmEauSZywQVtqbxNqka,Beautiful Day,,0.456077396869659,1,a,2026-06,music|1VuBmEauSZywQVtqbxNqka|Empty city streets at dawn,x,0.0
A4_EN,atmosphere,4,en,Empty city streets at dawn,music,music,3yjGZ9mlBxlGih186finfS,Walk On,,0.44355171918869,2,a,2026-06,music|3yjGZ9mlBxlGih186finfS|Empty city streets at dawn,x,0.0
A4_EN,atmosphere,4,en,Empty city streets at dawn,music,music,3JeT6Xcv6MlEHHylk8SKQ1,lovers’ carvings,,0.442965149879456,3,a,2026-06,music|3JeT6Xcv6MlEHHylk8SKQ1|Empty city streets at dawn,a,1.0
A4_EN,atmosphere,4,en,Empty city streets at dawn,music,music,5vuJuBqwzHJgCA1ysRfwxZ,good kid,,0.440746605396271,4,a,2026-06,music|5vuJuBqwzHJgCA1ysRfwxZ|Empty city streets at dawn,x,0.0
A4_EN,atmosphere,4,en,Empty city streets at dawn,music,music,3xjTuTBaihydhSC7ByNoSb,Stuck In A Moment You Can't Get Out Of,,0.440717756748199,5,x,2026-06,music|3xjTuTBaihydhSC7ByNoSb|Empty city streets at dawn,x,0.0
A4_EN,atmosphere,4,en,Empty city streets at dawn,book,book,B00JHCNVNU,On the Run: Fugitive Life in an American City (Fieldwork Encounters and Discoveries),,0.590258061885834,1,a,2026-06,book|B00JHCNVNU|Empty city streets at dawn,x,0.0
A4_EN,atmosphere,4,en,Empty city streets at dawn,book,book,B08YN3LGW4,"Invisible Child: Poverty, Survival & Hope in an American City (Pulitzer Prize Winner)",,0.557073950767517,2,a,2026-06,book|B08YN3LGW4|Empty city streets at dawn,x,0.0
A4_EN,atmosphere,4,en,Empty city streets at dawn,book,book,B08CHKHKLC,No Way Home: The Crisis of Homelessness and How to Fix It with Intelligence and Humanity,,0.555484771728516,3,a,2026-06,book|B08CHKHKLC|Empty city streets at dawn,x,0.0
A4_EN,atmosphere,4,en,Empty city streets at dawn,book,book,B08NWT7LZ7,There Is Nothing for You Here: Finding Opportunity in the Twenty-First Century,,0.551035583019257,4,x,2026-06,book|B08NWT7LZ7|Empty city streets at dawn,x,0.0
A4_EN,atmosphere,4,en,Empty city streets at dawn,book,book,B09TQ412SN,"The Other Side of Prospect: A Story of Violence, Injustice, and the American City",,0.547408938407898,5,a,2026-06,book|B09TQ412SN|Empty city streets at dawn,x,0.0
A4_EN,atmosphere,4,en,Empty city streets at dawn,all,movie,311072,En la ciudad sin lí_mites (2002),,0.604918539524078,1,x,2026-06,movie|311072|Empty city streets at dawn,x,0.0
A4_EN,atmosphere,4,en,Empty city streets at dawn,all,movie,1845838,Metro Manila (2013),,0.590279459953308,2,a,2026-06,movie|1845838|Empty city streets at dawn,a,1.0
A4_EN,atmosphere,4,en,Empty city streets at dawn,all,book,B00JHCNVNU,On the Run: Fugitive Life in an American City (Fieldwork Encounters and Discoveries),,0.590258061885834,3,a,2026-06,book|B00JHCNVNU|Empty city streets at dawn,x,0.0
A4_EN,atmosphere,4,en,Empty city streets at dawn,all,movie,1086214,Los (2008),,0.587106466293335,4,x,2026-06,movie|1086214|Empty city streets at dawn,a,1.0
A4_EN,atmosphere,4,en,Empty city streets at dawn,all,movie,1543701,Quchis dgeebi (2010),,0.579156696796417,5,a,2026-06,movie|1543701|Empty city streets at dawn,x,0.0
D1_EN,direct,1,en,Action movie set in space,movie,movie,450295,Make Your Own Damn Movie! (2005),,0.530799031257629,1,x,2026-06,movie|450295|Action movie set in space,x,0.0
D1_EN,direct,1,en,Action movie set in space,movie,movie,488953,Awesome; I Fuckin' Shot That! (2006),,0.530431807041168,2,x,2026-06,movie|488953|Action movie set in space,x,0.0
D1_EN,direct,1,en,Action movie set in space,movie,movie,77952,Movie Movie (1978),,0.505950152873993,3,x,2026-06,movie|77952|Action movie set in space,x,0.0
D1_EN,direct,1,en,Action movie set in space,movie,movie,1605782,Comic-Con Episode IV: A Fan's Hope (2011),,0.499094486236572,4,x,2026-06,movie|1605782|Action movie set in space,x,0.0
D1_EN,direct,1,en,Action movie set in space,movie,movie,972785,Bring It On: In It to Win It (2007),,0.496656715869904,5,x,2026-06,movie|972785|Action movie set in space,x,0.0
D1_EN,direct,1,en,Action movie set in space,music,music,48UDhM2xL9wUuYLfrpK2Jv,Stand Out,,0.492497980594635,1,x,2026-06,music|48UDhM2xL9wUuYLfrpK2Jv|Action movie set in space,x,0.0
D1_EN,direct,1,en,Action movie set in space,music,music,5l9o6d6cRchPUhwQ8C3Ld2,"Playing with the Boys - 12"" Version",,0.480468899011612,2,x,2026-06,music|5l9o6d6cRchPUhwQ8C3Ld2|Action movie set in space,x,0.0
D1_EN,direct,1,en,Action movie set in space,music,music,00Y9r5SfbDdEjJhNg7laQr,"Top Gun Anthem - From ""Top Gun"" Original Soundtrack",,0.478601902723312,3,x,2026-06,music|00Y9r5SfbDdEjJhNg7laQr|Action movie set in space,a,1.0
D1_EN,direct,1,en,Action movie set in space,music,music,5dulYd9AKIprMoF837OTDb,"Gonna Fly Now - Theme From ""Rocky"" / Remastered 2006",,0.475884735584259,4,x,2026-06,music|5dulYd9AKIprMoF837OTDb|Action movie set in space,x,0.0
D1_EN,direct,1,en,Action movie set in space,music,music,5umt6j4cZkfrL18u8KOnyq,Once And For All,,0.461539059877396,5,x,2026-06,music|5umt6j4cZkfrL18u8KOnyq|Action movie set in space,x,0.0
D1_EN,direct,1,en,Action movie set in space,book,book,B0BHBVFKXY,Action!: Professional Acting for Film and Television,,0.594704508781433,1,x,2026-06,book|B0BHBVFKXY|Action movie set in space,x,0.0
D1_EN,direct,1,en,Action movie set in space,book,book,B0CFBKYY8T,More Popcorn Principles: The Sequel!: (Further Cinematic Storytelling Strategies for Novelists) (The Popcorn Principles Book 2),,0.566572844982147,2,x,2026-06,book|B0CFBKYY8T|Action movie set in space,x,0.0
D1_EN,direct,1,en,Action movie set in space,book,book,B0C6X6DXTB,Running the Show: Television from the Inside,,0.545604467391968,3,x,2026-06,book|B0C6X6DXTB|Action movie set in space,x,0.0
D1_EN,direct,1,en,Action movie set in space,book,book,B0BR8NZFQ8,The Popcorn Principles: A Novelist's Guide To Learning From Movies,,0.541775345802307,4,x,2026-06,book|B0BR8NZFQ8|Action movie set in space,x,0.0
D1_EN,direct,1,en,Action movie set in space,book,book,B091M6D5P3,Directing Actors - 25th Anniversary Edition: Creating Memorable Performances for Film and Television,,0.533414006233215,5,x,2026-06,book|B091M6D5P3|Action movie set in space,x,0.0
D1_EN,direct,1,en,Action movie set in space,all,book,B0BHBVFKXY,Action!: Professional Acting for Film and Television,,0.594704508781433,1,x,2026-06,book|B0BHBVFKXY|Action movie set in space,x,0.0
D1_EN,direct,1,en,Action movie set in space,all,book,B0CFBKYY8T,More Popcorn Principles: The Sequel!: (Further Cinematic Storytelling Strategies for Novelists) (The Popcorn Principles Book 2),,0.566572844982147,2,x,2026-06,book|B0CFBKYY8T|Action movie set in space,x,0.0
D1_EN,direct,1,en,Action movie set in space,all,book,B0C6X6DXTB,Running the Show: Television from the Inside,,0.545604467391968,3,x,2026-06,book|B0C6X6DXTB|Action movie set in space,x,0.0
D1_EN,direct,1,en,Action movie set in space,all,book,B0BR8NZFQ8,The Popcorn Principles: A Novelist's Guide To Learning From Movies,,0.541775345802307,4,x,2026-06,book|B0BR8NZFQ8|Action movie set in space,x,0.0
D1_EN,direct,1,en,Action movie set in space,all,book,B091M6D5P3,Directing Actors - 25th Anniversary Edition: Creating Memorable Performances for Film and Television,,0.533414006233215,5,x,2026-06,book|B091M6D5P3|Action movie set in space,x,0.0
D2_EN,direct,2,en,Soulful music featuring jazz piano,movie,movie,221300,Jazz,,0.72708010673523,1,a,2026-06,movie|221300|Soulful music featuring jazz piano,a,1.0
D2_EN,direct,2,en,Soulful music featuring jazz piano,movie,movie,843838,Anita O'Day: The Life of a Jazz Singer (2007),,0.717811584472656,2,a,2026-06,movie|843838|Soulful music featuring jazz piano,a,1.0
D2_EN,direct,2,en,Soulful music featuring jazz piano,movie,movie,47873,The Benny Goodman Story (1956),,0.690635681152344,3,a,2026-06,movie|47873|Soulful music featuring jazz piano,a,1.0
D2_EN,direct,2,en,Soulful music featuring jazz piano,movie,movie,49170,The Eddy Duchin Story (1956),,0.680881261825562,4,o,2026-06,movie|49170|Soulful music featuring jazz piano,a,1.0
D2_EN,direct,2,en,Soulful music featuring jazz piano,movie,movie,108328,Thirty Two Short Films About Glenn Gould (1993),,0.667182803153992,5,a,2026-06,movie|108328|Soulful music featuring jazz piano,a,1.0
D2_EN,direct,2,en,Soulful music featuring jazz piano,music,music,5L8ta4ECl5zeA6bGqY7G38,"Sing, Sing, Sing",,0.722281277179718,1,a,2026-06,music|5L8ta4ECl5zeA6bGqY7G38|Soulful music featuring jazz piano,a,1.0
D2_EN,direct,2,en,Soulful music featuring jazz piano,music,music,02E4skBHp6ZyoEDgXHcQgu,Satin Doll,,0.717307567596436,2,o,2026-06,music|02E4skBHp6ZyoEDgXHcQgu|Soulful music featuring jazz piano,a,1.0
D2_EN,direct,2,en,Soulful music featuring jazz piano,music,music,26zJinKqbORQyrDyMFLQhS,Blues My Naughty Sweetie Gives To Me,,0.71718829870224,3,a,2026-06,music|26zJinKqbORQyrDyMFLQhS|Soulful music featuring jazz piano,a,1.0
D2_EN,direct,2,en,Soulful music featuring jazz piano,music,music,3CoBpiBcaqi1qq58mzaJNi,I Hear Music,,0.708312928676605,4,o,2026-06,music|3CoBpiBcaqi1qq58mzaJNi|Soulful music featuring jazz piano,a,1.0
D2_EN,direct,2,en,Soulful music featuring jazz piano,music,music,2xm9ihELo6xwrRKrBbPql9,Body and Soul,,0.70106440782547,5,a,2026-06,music|2xm9ihELo6xwrRKrBbPql9|Soulful music featuring jazz piano,a,1.0
D2_EN,direct,2,en,Soulful music featuring jazz piano,book,book,B0BSX27BHX,Gentleman of Jazz: A Life in Music,,0.772833585739136,1,o,2026-06,book|B0BSX27BHX|Soulful music featuring jazz piano,a,1.0
D2_EN,direct,2,en,Soulful music featuring jazz piano,book,book,B07CKR6S4C,Berklee Jazz Piano,,0.756438493728638,2,o,2026-06,book|B07CKR6S4C|Soulful music featuring jazz piano,a,1.0
D2_EN,direct,2,en,Soulful music featuring jazz piano,book,book,B00FJ6BYVE,"Oscar Peterson - Jazz Exercises, Minuets, Etudes & Pieces for Piano: Jazz Exercises, Minuets, Etudes and Pieces for Piano",,0.755240380764008,3,o,2026-06,book|B00FJ6BYVE|Soulful music featuring jazz piano,a,1.0
D2_EN,direct,2,en,Soulful music featuring jazz piano,book,book,B001R4CO48,Miles Davis: The Definitive Biography,,0.735944509506226,4,a,2026-06,book|B001R4CO48|Soulful music featuring jazz piano,x,0.0
D2_EN,direct,2,en,Soulful music featuring jazz piano,book,book,B01AFE3994,How to Listen to Jazz,,0.735793352127075,5,a,2026-06,book|B01AFE3994|Soulful music featuring jazz piano,a,1.0
D2_EN,direct,2,en,Soulful music featuring jazz piano,all,book,B0BSX27BHX,Gentleman of Jazz: A Life in Music,,0.772833585739136,1,o,2026-06,book|B0BSX27BHX|Soulful music featuring jazz piano,a,1.0
D2_EN,direct,2,en,Soulful music featuring jazz piano,all,book,B07CKR6S4C,Berklee Jazz Piano,,0.756438493728638,2,o,2026-06,book|B07CKR6S4C|Soulful music featuring jazz piano,a,1.0
D2_EN,direct,2,en,Soulful music featuring jazz piano,all,book,B00FJ6BYVE,"Oscar Peterson - Jazz Exercises, Minuets, Etudes & Pieces for Piano: Jazz Exercises, Minuets, Etudes and Pieces for Piano",,0.755240380764008,3,o,2026-06,book|B00FJ6BYVE|Soulful music featuring jazz piano,a,1.0
D2_EN,direct,2,en,Soulful music featuring jazz piano,all,book,B001R4CO48,Miles Davis: The Definitive Biography,,0.735944509506226,4,a,2026-06,book|B001R4CO48|Soulful music featuring jazz piano,x,0.0
D2_EN,direct,2,en,Soulful music featuring jazz piano,all,book,B01AFE3994,How to Listen to Jazz,,0.735793352127075,5,a,2026-06,book|B01AFE3994|Soulful music featuring jazz piano,a,1.0
D3_EN,direct,3,en,Mystery thriller novel with a twist ending,movie,movie,88930,Clue (1985),,0.556028544902802,1,o,2026-06,movie|88930|Mystery thriller novel with a twist ending,a,1.0
D3_EN,direct,3,en,Mystery thriller novel with a twist ending,movie,movie,811026,Prime Suspect 7: The Final Act,,0.548056244850159,2,o,2026-06,movie|811026|Mystery thriller novel with a twist ending,a,1.0
D3_EN,direct,3,en,Mystery thriller novel with a twist ending,movie,movie,69281,Sleuth (1972),,0.539451479911804,3,o,2026-06,movie|69281|Mystery thriller novel with a twist ending,o,2.0
D3_EN,direct,3,en,Mystery thriller novel with a twist ending,movie,movie,87749,Miss Marple: The Moving Finger,,0.535854041576386,4,o,2026-06,movie|87749|Mystery thriller novel with a twist ending,a,1.0
D3_EN,direct,3,en,Mystery thriller novel with a twist ending,movie,movie,30491,Nancy Drew: Detective (1938),,0.533933043479919,5,o,2026-06,movie|30491|Mystery thriller novel with a twist ending,a,1.0
D3_EN,direct,3,en,Mystery thriller novel with a twist ending,music,music,0cm6cAtRu0C0sEZzDjZFsx,Discombobulate,,0.275665253400803,1,o,2026-06,music|0cm6cAtRu0C0sEZzDjZFsx|Mystery thriller novel with a twist ending,a,1.0
D3_EN,direct,3,en,Mystery thriller novel with a twist ending,music,music,0OAnoLrIVxpdne3mkVLrwr,We Have All The Time In The World - Remastered,,0.240206241607666,2,a,2026-06,music|0OAnoLrIVxpdne3mkVLrwr|Mystery thriller novel with a twist ending,x,0.0
D3_EN,direct,3,en,Mystery thriller novel with a twist ending,music,music,2YwjSPeznyCvkUYvqKbXa9,Take Care Of Business,,0.190831005573273,3,x,2026-06,music|2YwjSPeznyCvkUYvqKbXa9|Mystery thriller novel with a twist ending,x,0.0
D3_EN,direct,3,en,Mystery thriller novel with a twist ending,music,music,79oesFYaS2VT39ShdA19u9,After Today,,0.190433412790298,4,x,2026-06,music|79oesFYaS2VT39ShdA19u9|Mystery thriller novel with a twist ending,x,0.0
D3_EN,direct,3,en,Mystery thriller novel with a twist ending,music,music,7t3qBNw37k2P2OmgK0MilM,Puttin' on the Ritz,,0.190061077475548,5,x,2026-06,music|7t3qBNw37k2P2OmgK0MilM|Mystery thriller novel with a twist ending,x,0.0
D3_EN,direct,3,en,Mystery thriller novel with a twist ending,book,book,B00BI9VZ1A,McNally's Caper (The Archy McNally Series Book 4),,0.67308509349823,1,o,2026-06,book|B00BI9VZ1A|Mystery thriller novel with a twist ending,a,1.0
D3_EN,direct,3,en,Mystery thriller novel with a twist ending,book,book,B00TND3N7C,Tricky Twenty-Two: A Stephanie Plum Novel,,0.669918537139893,2,a,2026-06,book|B00TND3N7C|Mystery thriller novel with a twist ending,o,2.0
D3_EN,direct,3,en,Mystery thriller novel with a twist ending,book,book,B0942Y274J,Patricia Fisher's Mystery Adventures - A Ten Book Boxed Set (Patricia Fisher's Big Boxed Sets 2),,0.656132459640503,3,o,2026-06,book|B0942Y274J|Mystery thriller novel with a twist ending,a,1.0
D3_EN,direct,3,en,Mystery thriller novel with a twist ending,book,book,B097YDZJCQ,"Off Target (A Hailey Webb Mystery, Volume 3)",,0.65514475107193,4,a,2026-06,book|B097YDZJCQ|Mystery thriller novel with a twist ending,a,1.0
D3_EN,direct,3,en,Mystery thriller novel with a twist ending,book,book,B0849Y1T2Y,What Sam Knew (Patricia Fisher Mystery Adventures Book 1),,0.651454865932465,5,o,2026-06,book|B0849Y1T2Y|Mystery thriller novel with a twist ending,a,1.0
D3_EN,direct,3,en,Mystery thriller novel with a twist ending,all,book,B00BI9VZ1A,McNally's Caper (The Archy McNally Series Book 4),,0.67308509349823,1,o,2026-06,book|B00BI9VZ1A|Mystery thriller novel with a twist ending,a,1.0
D3_EN,direct,3,en,Mystery thriller novel with a twist ending,all,book,B00TND3N7C,Tricky Twenty-Two: A Stephanie Plum Novel,,0.669918537139893,2,a,2026-06,book|B00TND3N7C|Mystery thriller novel with a twist ending,o,2.0
D3_EN,direct,3,en,Mystery thriller novel with a twist ending,all,book,B0942Y274J,Patricia Fisher's Mystery Adventures - A Ten Book Boxed Set (Patricia Fisher's Big Boxed Sets 2),,0.656132459640503,3,o,2026-06,book|B0942Y274J|Mystery thriller novel with a twist ending,a,1.0
D3_EN,direct,3,en,Mystery thriller novel with a twist ending,all,book,B097YDZJCQ,"Off Target (A Hailey Webb Mystery, Volume 3)",,0.65514475107193,4,a,2026-06,book|B097YDZJCQ|Mystery thriller novel with a twist ending,a,1.0
D3_EN,direct,3,en,Mystery thriller novel with a twist ending,all,book,B0849Y1T2Y,What Sam Knew (Patricia Fisher Mystery Adventures Book 1),,0.651454865932465,5,o,2026-06,book|B0849Y1T2Y|Mystery thriller novel with a twist ending,a,1.0
D4_EN,direct,4,en,A film about a romance between two people,movie,movie,2915662,Double Play: James Benning and Richard Linklater (2013),,0.598504722118378,1,x,2026-06,movie|2915662|A film about a romance between two people,x,0.0
D4_EN,direct,4,en,A film about a romance between two people,movie,movie,1656194,The Comedian (2012),,0.59323513507843,2,o,2026-06,movie|1656194|A film about a romance between two people,a,1.0
D4_EN,direct,4,en,A film about a romance between two people,movie,movie,1528224,Deux de la Vague (2010),,0.590973496437073,3,a,2026-06,movie|1528224|A film about a romance between two people,x,0.0
D4_EN,direct,4,en,A film about a romance between two people,movie,movie,2679480,Sulemani Keeda (2014),,0.589369475841522,4,o,2026-06,movie|2679480|A film about a romance between two people,a,1.0
D4_EN,direct,4,en,A film about a romance between two people,movie,movie,93961,The Short & Curlies (1988),,0.586966872215271,5,o,2026-06,movie|93961|A film about a romance between two people,a,1.0
D4_EN,direct,4,en,A film about a romance between two people,music,music,6jUZ27rzs0wtkqFcFpdoP5,Keep It Gay,,0.412617564201355,1,x,2026-06,music|6jUZ27rzs0wtkqFcFpdoP5|A film about a romance between two people,x,0.0
D4_EN,direct,4,en,A film about a romance between two people,music,music,24h9onmUBreB167OG10RV6,We Had Today,,0.387620210647583,2,a,2026-06,music|24h9onmUBreB167OG10RV6|A film about a romance between two people,a,1.0
D4_EN,direct,4,en,A film about a romance between two people,music,music,2LhA68Vm5k6lh0QenNFrDV,"Glasgow Love Theme - From ""Love Actually""",,0.364770829677582,3,o,2026-06,music|2LhA68Vm5k6lh0QenNFrDV|A film about a romance between two people,a,1.0
D4_EN,direct,4,en,A film about a romance between two people,music,music,2zSnnXvex1yMcPUn4mg27H,I Could Write a Book,,0.364718765020371,4,a,2026-06,music|2zSnnXvex1yMcPUn4mg27H|A film about a romance between two people,a,1.0
D4_EN,direct,4,en,A film about a romance between two people,music,music,2zSnnXvex1yMcPUn4mg27H,I Could Write a Book,,0.364718765020371,5,a,2026-06,music|2zSnnXvex1yMcPUn4mg27H|A film about a romance between two people,a,1.0
D4_EN,direct,4,en,A film about a romance between two people,book,book,B07RTXQ9D4,"Writing The Romantic Comedy, 20th Anniversary Expanded and Updated Edition: The Art of Crafting Funny Love Stories for the Screen",,0.603199124336243,1,o,2026-06,book|B07RTXQ9D4|A film about a romance between two people,x,0.0
D4_EN,direct,4,en,A film about a romance between two people,book,book,B07BFB1X5Z,The Coen Brothers: This Book Really Ties the Films Together,,0.578009486198425,2,x,2026-06,book|B07BFB1X5Z|A film about a romance between two people,x,0.0
D4_EN,direct,4,en,A film about a romance between two people,book,book,B08175VGTP,"Film Studies, second edition: An Introduction (Film and Culture Series)",,0.572951972484589,3,x,2026-06,book|B08175VGTP|A film about a romance between two people,x,0.0
D4_EN,direct,4,en,A film about a romance between two people,book,book,B0755YBJC3,"Leonard Maltin's Movie Guide: The Modern Era, Previously Published as Leonard Maltin's 2015 Movie Guide",,0.57068395614624,4,x,2026-06,book|B0755YBJC3|A film about a romance between two people,x,0.0
D4_EN,direct,4,en,A film about a romance between two people,book,book,B0BQX897QY,The Way We Were: The Making of a Romantic Classic,,0.568153917789459,5,o,2026-06,book|B0BQX897QY|A film about a romance between two people,a,1.0
D4_EN,direct,4,en,A film about a romance between two people,all,book,B07RTXQ9D4,"Writing The Romantic Comedy, 20th Anniversary Expanded and Updated Edition: The Art of Crafting Funny Love Stories for the Screen",,0.603199124336243,1,o,2026-06,book|B07RTXQ9D4|A film about a romance between two people,x,0.0
D4_EN,direct,4,en,A film about a romance between two people,all,movie,2915662,Double Play: James Benning and Richard Linklater (2013),,0.598504722118378,2,x,2026-06,movie|2915662|A film about a romance between two people,x,0.0
D4_EN,direct,4,en,A film about a romance between two people,all,movie,1656194,The Comedian (2012),,0.59323513507843,3,o,2026-06,movie|1656194|A film about a romance between two people,a,1.0
D4_EN,direct,4,en,A film about a romance between two people,all,movie,1528224,Deux de la Vague (2010),,0.590973496437073,4,a,2026-06,movie|1528224|A film about a romance between two people,x,0.0
D4_EN,direct,4,en,A film about a romance between two people,all,movie,2679480,Sulemani Keeda (2014),,0.589369475841522,5,o,2026-06,movie|2679480|A film about a romance between two people,a,1.0
P1_EN,philosophical,1,en,What is a human being,movie,movie,1814836,Project Nim (2011),,0.5787920951843262,1,,base,movie|1814836|What is a human being,a,1.0
P1_EN,philosophical,1,en,What is a human being,movie,movie,1117394,Transcendent Man (2009),,0.5424528121948242,2,,base,movie|1117394|What is a human being,a,1.0
P1_EN,philosophical,1,en,What is a human being,movie,movie,1279083,Examined Life (2008),,0.5306454300880432,3,,base,movie|1279083|What is a human being,a,1.0
P1_EN,philosophical,1,en,What is a human being,movie,movie,2359814,Speciesism: The Movie (2013),,0.5299133062362671,4,,base,movie|2359814|What is a human being,x,0.0
P1_EN,philosophical,1,en,What is a human being,movie,movie,1667485,Spark of Being (2010),,0.5185834169387817,5,,base,movie|1667485|What is a human being,x,0.0
P1_EN,philosophical,1,en,What is a human being,movie,movie,756683,The Man from Earth (2007),,0.5137752294540405,6,,base,movie|756683|What is a human being,x,0.0
P1_EN,philosophical,1,en,What is a human being,movie,movie,756683,The Man from Earth (2007),,0.5137752294540405,7,,base,movie|756683|What is a human being,x,0.0
P1_EN,philosophical,1,en,What is a human being,movie,movie,1806234,Human Planet,,0.5024019479751587,8,,base,movie|1806234|What is a human being,a,1.0
P1_EN,philosophical,1,en,What is a human being,movie,movie,2209764,Transcendence (2014),,0.4984265267848968,9,,base,movie|2209764|What is a human being,x,0.0
P1_EN,philosophical,1,en,What is a human being,movie,movie,88083,Seksmisja (1984),,0.4963802099227905,10,,base,movie|88083|What is a human being,x,0.0
P1_EN,philosophical,1,en,What is a human being,music,music,2z9G4b9QjlwlCx2Pkwl6Lc,"I Didn't Come From a Monkey, I Came From Jesus/Evolution",,0.5230587124824524,1,,base,music|2z9G4b9QjlwlCx2Pkwl6Lc|What is a human being,x,0.0
P1_EN,philosophical,1,en,What is a human being,music,music,2jOdqw7a9uV1s256FXXR4W,The Chemicals Between Us,,0.4709073901176452,2,,base,music|2jOdqw7a9uV1s256FXXR4W|What is a human being,x,0.0
P1_EN,philosophical,1,en,What is a human being,music,music,0W0s27FypnkXjJTJKUAnx0,Radio Friendly Unit Shifter,,0.4611107110977173,3,,base,music|0W0s27FypnkXjJTJKUAnx0|What is a human being,x,0.0
P1_EN,philosophical,1,en,What is a human being,music,music,58zqOyrpXZQNwjkRtjGXqG,Amused to Death,,0.4592363238334656,4,,base,music|58zqOyrpXZQNwjkRtjGXqG|What is a human being,x,0.0
P1_EN,philosophical,1,en,What is a human being,music,music,6HIZIhqCq2Wvnro9GCv9cA,VACUITY,,0.4510053992271423,5,,base,music|6HIZIhqCq2Wvnro9GCv9cA|What is a human being,x,0.0
P1_EN,philosophical,1,en,What is a human being,music,music,4dPKQxaraW6CG1rTBzV6DW,My Iron Lung,,0.4478217661380768,6,,base,music|4dPKQxaraW6CG1rTBzV6DW|What is a human being,x,0.0
P1_EN,philosophical,1,en,What is a human being,music,music,0hUit24g1EIoATdKYWUiRj,Very Ape,,0.4402782320976257,7,,base,music|0hUit24g1EIoATdKYWUiRj|What is a human being,x,0.0
P1_EN,philosophical,1,en,What is a human being,music,music,76sVqjHYyW99EpeQLDkPME,Son Of A Gun - BBC John Peel Session 1990,,0.4386742115020752,8,,base,music|76sVqjHYyW99EpeQLDkPME|What is a human being,x,0.0
P1_EN,philosophical,1,en,What is a human being,music,music,6KXuDNOwiNR0q7KLGXs3Bo,Red Light,,0.4304395318031311,9,,base,music|6KXuDNOwiNR0q7KLGXs3Bo|What is a human being,x,0.0
P1_EN,philosophical,1,en,What is a human being,music,music,0mGtbkb9zSSxZo1h3qXIDZ,Zooropa,,0.425700694322586,10,,base,music|0mGtbkb9zSSxZo1h3qXIDZ|What is a human being,x,0.0
P1_EN,philosophical,1,en,What is a human being,book,book,gr_50091.The_Complete_Robot,The Complete Robot,,0.5964962244033813,1,,base,book|gr_50091.The_Complete_Robot|What is a human being,x,0.0
P1_EN,philosophical,1,en,What is a human being,book,book,gr_8163722-earth-the-book,Earth (The Book): A Visitor's Guide to the Human Race,,0.5918607711791992,2,,base,book|gr_8163722-earth-the-book|What is a human being,a,1.0
P1_EN,philosophical,1,en,What is a human being,book,book,gr_67976.On_Being_Human,On Being Human,,0.5916430354118347,3,,base,book|gr_67976.On_Being_Human|What is a human being,a,1.0
P1_EN,philosophical,1,en,What is a human being,book,book,bx_2070329135,Existentialisme Est Un Humanisme,,0.5897519588470459,4,,base,book|bx_2070329135|What is a human being,a,1.0
P1_EN,philosophical,1,en,What is a human being,book,book,gr_185407.The_Descent_of_Man,The Descent of Man,,0.5871720314025879,5,,base,book|gr_185407.The_Descent_of_Man|What is a human being,a,1.0
P1_EN,philosophical,1,en,What is a human being,book,book,gr_40261.Great_Apes,Great Apes,,0.5803552865982056,6,,base,book|gr_40261.Great_Apes|What is a human being,x,0.0
P1_EN,philosophical,1,en,What is a human being,book,book,bx_1931561338,The Average Human: A Novel,,0.5750493407249451,7,,base,book|bx_1931561338|What is a human being,a,1.0
P1_EN,philosophical,1,en,What is a human being,book,book,bx_0691023697,"The Descent of Man, and Selection in Relation to Sex : (With a new introduction by J.T. Bonner and R.M. May)",,0.566295862197876,8,,base,book|bx_0691023697|What is a human being,a,1.0
P1_EN,philosophical,1,en,What is a human being,book,book,gr_16130537-the-humans,The Humans,,0.5660180449485779,9,,base,book|gr_16130537-the-humans|What is a human being,a,1.0
P1_EN,philosophical,1,en,What is a human being,book,book,bx_3426032244,Der Nackter Affe,,0.564049243927002,10,,base,book|bx_3426032244|What is a human being,a,1.0
P1_EN,philosophical,1,en,What is a human being,all,book,gr_50091.The_Complete_Robot,The Complete Robot,,0.5964962244033813,1,,base,book|gr_50091.The_Complete_Robot|What is a human being,x,0.0
P1_EN,philosophical,1,en,What is a human being,all,book,gr_8163722-earth-the-book,Earth (The Book): A Visitor's Guide to the Human Race,,0.5918607711791992,2,,base,book|gr_8163722-earth-the-book|What is a human being,a,1.0
P1_EN,philosophical,1,en,What is a human being,all,book,gr_67976.On_Being_Human,On Being Human,,0.5916430354118347,3,,base,book|gr_67976.On_Being_Human|What is a human being,a,1.0
P1_EN,philosophical,1,en,What is a human being,all,book,bx_2070329135,Existentialisme Est Un Humanisme,,0.5897519588470459,4,,base,book|bx_2070329135|What is a human being,a,1.0
P1_EN,philosophical,1,en,What is a human being,all,book,gr_185407.The_Descent_of_Man,The Descent of Man,,0.5871720314025879,5,,base,book|gr_185407.The_Descent_of_Man|What is a human being,a,1.0
P1_EN,philosophical,1,en,What is a human being,all,book,gr_40261.Great_Apes,Great Apes,,0.5803552865982056,6,,base,book|gr_40261.Great_Apes|What is a human being,x,0.0
P1_EN,philosophical,1,en,What is a human being,all,movie,1814836,Project Nim (2011),,0.5787920951843262,7,,base,movie|1814836|What is a human being,a,1.0
P1_EN,philosophical,1,en,What is a human being,all,book,bx_1931561338,The Average Human: A Novel,,0.5750493407249451,8,,base,book|bx_1931561338|What is a human being,a,1.0
P1_EN,philosophical,1,en,What is a human being,all,book,bx_0691023697,"The Descent of Man, and Selection in Relation to Sex : (With a new introduction by J.T. Bonner and R.M. May)",,0.566295862197876,9,,base,book|bx_0691023697|What is a human being,a,1.0
P1_EN,philosophical,1,en,What is a human being,all,book,gr_16130537-the-humans,The Humans,,0.5660180449485779,10,,base,book|gr_16130537-the-humans|What is a human being,a,1.0
P2_EN,philosophical,2,en,A journey to find the meaning of life,movie,movie,210777,The Journey (2001),,0.5943653583526611,1,,base,movie|210777|A journey to find the meaning of life,a,1.0
P2_EN,philosophical,2,en,A journey to find the meaning of life,movie,movie,83318,The Way South (1981),,0.5727977752685547,2,,base,movie|83318|A journey to find the meaning of life,a,1.0
P2_EN,philosophical,2,en,A journey to find the meaning of life,movie,movie,275343,Fat Man on a Beach (1973),,0.5320066213607788,3,,base,movie|275343|A journey to find the meaning of life,a,1.0
P2_EN,philosophical,2,en,A journey to find the meaning of life,movie,movie,1404661,Havukka-ahon ajattelija (2009),,0.5242258310317993,4,,base,movie|1404661|A journey to find the meaning of life,a,1.0
P2_EN,philosophical,2,en,A journey to find the meaning of life,movie,movie,5290524,Quo vado? (2016),,0.5001274347305298,5,,base,movie|5290524|A journey to find the meaning of life,a,1.0
P2_EN,philosophical,2,en,A journey to find the meaning of life,movie,movie,849466,El rey de los huevones (2006),,0.4982649683952331,6,,base,movie|849466|A journey to find the meaning of life,x,0.0
P2_EN,philosophical,2,en,A journey to find the meaning of life,movie,movie,1172957,How to Live Forever (2009),,0.4956352114677429,7,,base,movie|1172957|A journey to find the meaning of life,a,1.0
P2_EN,philosophical,2,en,A journey to find the meaning of life,movie,movie,1792061,Flow (2008),,0.4952115714550018,8,,base,movie|1792061|A journey to find the meaning of life,a,1.0
P2_EN,philosophical,2,en,A journey to find the meaning of life,movie,movie,3329956,Eu NÌ£o FaÌ¤o a Menor Ideia do Que Eu TÌ« Fazendo Com a Minha Vida (2012),,0.4833097457885742,9,,base,movie|3329956|A journey to find the meaning of life,a,1.0
P2_EN,philosophical,2,en,A journey to find the meaning of life,movie,movie,106379,Being Human (1994),,0.4795899987220764,10,,base,movie|106379|A journey to find the meaning of life,a,1.0
P2_EN,philosophical,2,en,A journey to find the meaning of life,music,music,5KTaAvodoyuWIUOetdsEFd,Never Ending Math Equation,,0.5395599007606506,1,,base,music|5KTaAvodoyuWIUOetdsEFd|A journey to find the meaning of life,o,2.0
P2_EN,philosophical,2,en,A journey to find the meaning of life,music,music,6Vjk8MNXpQpi0F4BefdTyq,Kashmir - 2012 Remaster,,0.5373585224151611,2,,base,music|6Vjk8MNXpQpi0F4BefdTyq|A journey to find the meaning of life,a,1.0
P2_EN,philosophical,2,en,A journey to find the meaning of life,music,music,1QbmUgwBCRnzlvaYen5h7d,"5:01AM (The Pros and Cons of Hitch Hiking, Pt. 10)",,0.5318393707275391,3,,base,music|1QbmUgwBCRnzlvaYen5h7d|A journey to find the meaning of life,a,1.0
P2_EN,philosophical,2,en,A journey to find the meaning of life,music,music,5SUlhldQJtOhUr2GzH5RI7,Nowhere Man - Remastered 2009,,0.5191364288330078,4,,base,music|5SUlhldQJtOhUr2GzH5RI7|A journey to find the meaning of life,a,1.0
P2_EN,philosophical,2,en,A journey to find the meaning of life,music,music,1p9hRNRKVFPuYv0ADlkl1l,A Passage To Bangkok,,0.5093767642974854,5,,base,music|1p9hRNRKVFPuYv0ADlkl1l|A journey to find the meaning of life,a,1.0
P2_EN,philosophical,2,en,A journey to find the meaning of life,music,music,62d0aGpYF2p8fpvJ1qa32V,Tarkus (i. Eruption / ii. Stones of Years / iii. Iconoclast / iv. Mass / v. Manticore / vi. Battlefield / vii. Aquatarkus) [2012 Remastered Version],,0.4848135709762573,6,,base,music|62d0aGpYF2p8fpvJ1qa32V|A journey to find the meaning of life,a,1.0
P2_EN,philosophical,2,en,A journey to find the meaning of life,music,music,1JrNAxiq1o57wxuI9aX6KJ,Teacher - Single Mix; 2001 Remaster,,0.4847606718540191,7,,base,music|1JrNAxiq1o57wxuI9aX6KJ|A journey to find the meaning of life,a,1.0
P2_EN,philosophical,2,en,A journey to find the meaning of life,music,music,4QEeLo0E9yoBWCFAfaXhRc,On The Road To Find Out,,0.4798887372016907,8,,base,music|4QEeLo0E9yoBWCFAfaXhRc|A journey to find the meaning of life,o,2.0
P2_EN,philosophical,2,en,A journey to find the meaning of life,music,music,1yCrLCtLupqZCXRKaNBWut,What You Are,,0.4790097773075104,9,,base,music|1yCrLCtLupqZCXRKaNBWut|A journey to find the meaning of life,a,1.0
P2_EN,philosophical,2,en,A journey to find the meaning of life,music,music,0mGBA5vtFH58DucfqaW6oG,Unthought Known,,0.4755048453807831,10,,base,music|0mGBA5vtFH58DucfqaW6oG|A journey to find the meaning of life,a,1.0
P2_EN,philosophical,2,en,A journey to find the meaning of life,book,book,bx_0312421680,The Journey to the East,,0.5960707068443298,1,,base,book|bx_0312421680|A journey to find the meaning of life,a,1.0
P2_EN,philosophical,2,en,A journey to find the meaning of life,book,book,bx_0449200906,Way of the Bull,,0.5844979882240295,2,,base,book|bx_0449200906|A journey to find the meaning of life,a,1.0
P2_EN,philosophical,2,en,A journey to find the meaning of life,book,book,gr_691209.Grooks_1,Grooks 1,,0.5693944692611694,3,,base,book|gr_691209.Grooks_1|A journey to find the meaning of life,x,0.0
P2_EN,philosophical,2,en,A journey to find the meaning of life,book,book,kdl_B0080Z5JT4,The Great Work of Your Life: A Guide for the Journey to Your True Calling,,0.5654878616333008,4,,base,book|kdl_B0080Z5JT4|A journey to find the meaning of life,a,1.0
P2_EN,philosophical,2,en,A journey to find the meaning of life,book,book,bx_0684835789,The Moral Compass: Stories for a Life's Journey,,0.5645478963851929,5,,base,book|bx_0684835789|A journey to find the meaning of life,a,1.0
P2_EN,philosophical,2,en,A journey to find the meaning of life,book,book,gr_17253247-titik-nol,Titik Nol: Makna Sebuah Perjalanan,,0.5626366138458252,6,,base,book|gr_17253247-titik-nol|A journey to find the meaning of life,a,1.0
P2_EN,philosophical,2,en,A journey to find the meaning of life,book,book,gr_9872049-y-r-me,yürüme,,0.5623724460601807,7,,base,book|gr_9872049-y-r-me|A journey to find the meaning of life,a,1.0
P2_EN,philosophical,2,en,A journey to find the meaning of life,book,book,bx_1585742244,Departures &amp; Arrivals,,0.5617185235023499,8,,base,book|bx_1585742244|A journey to find the meaning of life,a,1.0
P2_EN,philosophical,2,en,A journey to find the meaning of life,book,book,gr_13156798-warum-gibt-es-alles-und-nicht-nichts-ein-ausflug-in-die-philosophie,Warum gibt es alles und nicht nichts? Ein Ausflug in die Philosophie,,0.5606787800788879,9,,base,book|gr_13156798-warum-gibt-es-alles-und-nicht-nichts-ein-ausflug-in-die-philosophie|A journey to find the meaning of life,a,1.0
P2_EN,philosophical,2,en,A journey to find the meaning of life,book,book,kdl_B07GD2N7M3,In Love with the World: A Monk's Journey Through the Bardos of Living and Dying,,0.5601357817649841,10,,base,book|kdl_B07GD2N7M3|A journey to find the meaning of life,a,1.0
P2_EN,philosophical,2,en,A journey to find the meaning of life,all,book,bx_0312421680,The Journey to the East,,0.5960707068443298,1,,base,book|bx_0312421680|A journey to find the meaning of life,a,1.0
P2_EN,philosophical,2,en,A journey to find the meaning of life,all,movie,210777,The Journey (2001),,0.5943653583526611,2,,base,movie|210777|A journey to find the meaning of life,a,1.0
P2_EN,philosophical,2,en,A journey to find the meaning of life,all,book,bx_0449200906,Way of the Bull,,0.5844979882240295,3,,base,book|bx_0449200906|A journey to find the meaning of life,a,1.0
P2_EN,philosophical,2,en,A journey to find the meaning of life,all,movie,83318,The Way South (1981),,0.5727977752685547,4,,base,movie|83318|A journey to find the meaning of life,a,1.0
P2_EN,philosophical,2,en,A journey to find the meaning of life,all,book,gr_691209.Grooks_1,Grooks 1,,0.5693944692611694,5,,base,book|gr_691209.Grooks_1|A journey to find the meaning of life,x,0.0
P2_EN,philosophical,2,en,A journey to find the meaning of life,all,book,kdl_B0080Z5JT4,The Great Work of Your Life: A Guide for the Journey to Your True Calling,,0.5654878616333008,6,,base,book|kdl_B0080Z5JT4|A journey to find the meaning of life,a,1.0
P2_EN,philosophical,2,en,A journey to find the meaning of life,all,book,bx_0684835789,The Moral Compass: Stories for a Life's Journey,,0.5645478963851929,7,,base,book|bx_0684835789|A journey to find the meaning of life,a,1.0
P2_EN,philosophical,2,en,A journey to find the meaning of life,all,book,gr_17253247-titik-nol,Titik Nol: Makna Sebuah Perjalanan,,0.5626366138458252,8,,base,book|gr_17253247-titik-nol|A journey to find the meaning of life,a,1.0
P2_EN,philosophical,2,en,A journey to find the meaning of life,all,book,gr_9872049-y-r-me,yürüme,,0.5623724460601807,9,,base,book|gr_9872049-y-r-me|A journey to find the meaning of life,a,1.0
P2_EN,philosophical,2,en,A journey to find the meaning of life,all,book,bx_1585742244,Departures &amp; Arrivals,,0.5617185235023499,10,,base,book|bx_1585742244|A journey to find the meaning of life,a,1.0
P3_EN,philosophical,3,en,Between freedom and responsibility,movie,movie,44562,Dov'Ì¬ la libertÌÊ...? (1954),,0.5720130205154419,1,,base,movie|44562|Between freedom and responsibility,x,0.0
P3_EN,philosophical,3,en,Between freedom and responsibility,movie,movie,979263,The Trap: What Happened to Our Dream of Freedom,,0.5434269309043884,2,,base,movie|979263|Between freedom and responsibility,a,1.0
P3_EN,philosophical,3,en,Between freedom and responsibility,movie,movie,309614,Freedom Downtime (2001),,0.5266508460044861,3,,base,movie|309614|Between freedom and responsibility,a,1.0
P3_EN,philosophical,3,en,Between freedom and responsibility,movie,movie,83971,Freedom (1982),,0.5040263533592224,4,,base,movie|83971|Between freedom and responsibility,a,1.0
P3_EN,philosophical,3,en,Between freedom and responsibility,movie,movie,374584,Control (2004),,0.5019993782043457,5,,base,movie|374584|Between freedom and responsibility,a,1.0
P3_EN,philosophical,3,en,Between freedom and responsibility,movie,movie,3907206,Redistributors (2016),,0.4971244633197784,6,,base,movie|3907206|Between freedom and responsibility,a,1.0
P3_EN,philosophical,3,en,Between freedom and responsibility,movie,movie,4095186,Jump! (2014),,0.4955865144729614,7,,base,movie|4095186|Between freedom and responsibility,a,1.0
P3_EN,philosophical,3,en,Between freedom and responsibility,movie,movie,2298394,Free the Nipple (2014),,0.4931016564369201,8,,base,movie|2298394|Between freedom and responsibility,a,1.0
P3_EN,philosophical,3,en,Between freedom and responsibility,movie,movie,4172096,Last Day of Freedom (2015),,0.4861097335815429,9,,base,movie|4172096|Between freedom and responsibility,a,1.0
P3_EN,philosophical,3,en,Between freedom and responsibility,movie,movie,28517,A Woman Rebels (1936),,0.4779673814773559,10,,base,movie|28517|Between freedom and responsibility,a,1.0
P3_EN,philosophical,3,en,Between freedom and responsibility,music,music,6rflUzDPobmzz8X8IAzuGA,Escape from the Prison Planet,,0.5911115407943726,1,,base,music|6rflUzDPobmzz8X8IAzuGA|Between freedom and responsibility,a,1.0
P3_EN,philosophical,3,en,Between freedom and responsibility,music,music,25H6P7a94WUr5102lC6TNI,I Want To Break Free,,0.5788660049438477,2,,base,music|25H6P7a94WUr5102lC6TNI|Between freedom and responsibility,a,1.0
P3_EN,philosophical,3,en,Between freedom and responsibility,music,music,17ozNEchVvcGHSd5bWBNH6,Running Free - 2015 Remaster,,0.5514802932739258,3,,base,music|17ozNEchVvcGHSd5bWBNH6|Between freedom and responsibility,a,1.0
P3_EN,philosophical,3,en,Between freedom and responsibility,music,music,2B8OrKU8suMxTx2PcuuSIG,No Chains,,0.5242209434509277,4,,base,music|2B8OrKU8suMxTx2PcuuSIG|Between freedom and responsibility,o,2.0
P3_EN,philosophical,3,en,Between freedom and responsibility,music,music,1s1o4BDXBNB0Wh2iAtN5Ak,When It Comes,,0.517231285572052,5,,base,music|1s1o4BDXBNB0Wh2iAtN5Ak|Between freedom and responsibility,a,1.0
P3_EN,philosophical,3,en,Between freedom and responsibility,music,music,26wJ64Pgts69F81vy1FHyu,Hope,,0.5145058035850525,6,,base,music|26wJ64Pgts69F81vy1FHyu|Between freedom and responsibility,a,1.0
P3_EN,philosophical,3,en,Between freedom and responsibility,music,music,4iwmTjkAokDyP9S51mpzQy,I Get Out - Live,,0.5015063285827637,7,,base,music|4iwmTjkAokDyP9S51mpzQy|Between freedom and responsibility,a,1.0
P3_EN,philosophical,3,en,Between freedom and responsibility,music,music,5vywtoD7fO1CP0B2wtm6I6,Control,,0.4942659139633178,8,,base,music|5vywtoD7fO1CP0B2wtm6I6|Between freedom and responsibility,a,1.0
P3_EN,philosophical,3,en,Between freedom and responsibility,music,music,4qbiCq2xkNPyojuZFeNeqx,Jailbreak,,0.4932094514369964,9,,base,music|4qbiCq2xkNPyojuZFeNeqx|Between freedom and responsibility,a,1.0
P3_EN,philosophical,3,en,Between freedom and responsibility,music,music,5vVVXIjW3hTfHoa9ADeRdr,Free As A Bird,,0.4870625436306,10,,base,music|5vVVXIjW3hTfHoa9ADeRdr|Between freedom and responsibility,a,1.0
P3_EN,philosophical,3,en,Between freedom and responsibility,book,book,gr_34758995-unscripted,"Unscripted: Life, Liberty, and the Pursuit of Entrepreneurship",,0.6728276014328003,1,,base,book|gr_34758995-unscripted|Between freedom and responsibility,a,1.0
P3_EN,philosophical,3,en,Between freedom and responsibility,book,book,gr_25688796-codependent-no-more,Codependent No More: Life Can Be Better When You Overcome Codependency,,0.6501972079277039,2,,base,book|gr_25688796-codependent-no-more|Between freedom and responsibility,x,0.0
P3_EN,philosophical,3,en,Between freedom and responsibility,book,book,gr_299215.The_Road_to_Serfdom,The Road to Serfdom,,0.631705641746521,3,,base,book|gr_299215.The_Road_to_Serfdom|Between freedom and responsibility,a,1.0
P3_EN,philosophical,3,en,Between freedom and responsibility,book,book,bx_0964519267,Vultures in Eagle's Clothing: Lawfully Breaking Free from Ignorance Related Slavery,,0.6242039203643799,4,,base,book|bx_0964519267|Between freedom and responsibility,x,0.0
P3_EN,philosophical,3,en,Between freedom and responsibility,book,book,bx_0312245637,Give Me Liberty!: Freeing Ourselves in the Twenty-First Century,,0.6237684488296509,5,,base,book|bx_0312245637|Between freedom and responsibility,a,1.0
P3_EN,philosophical,3,en,Between freedom and responsibility,book,book,gr_1159461.On_Disobedience_and_Other_Essays,On Disobedience and Other Essays,,0.5970650315284729,6,,base,book|gr_1159461.On_Disobedience_and_Other_Essays|Between freedom and responsibility,a,1.0
P3_EN,philosophical,3,en,Between freedom and responsibility,book,book,bx_0140390448,Walden and Civil Disobedience (Penguin American Library),,0.5837864875793457,7,,base,book|bx_0140390448|Between freedom and responsibility,a,1.0
P3_EN,philosophical,3,en,Between freedom and responsibility,book,book,kdl_B00E257T5S,"Anarchy, State, and Utopia",,0.5779329538345337,8,,base,book|kdl_B00E257T5S|Between freedom and responsibility,a,1.0
P3_EN,philosophical,3,en,Between freedom and responsibility,book,book,bx_0802425496,Debt Free Living,,0.5735328197479248,9,,base,book|bx_0802425496|Between freedom and responsibility,x,0.0
P3_EN,philosophical,3,en,Between freedom and responsibility,book,book,gr_998024.The_Politics_of_Obedience,The Politics of Obedience: The Discourse of Voluntary Servitude,,0.5703712701797485,10,,base,book|gr_998024.The_Politics_of_Obedience|Between freedom and responsibility,a,1.0
P3_EN,philosophical,3,en,Between freedom and responsibility,all,book,gr_34758995-unscripted,"Unscripted: Life, Liberty, and the Pursuit of Entrepreneurship",,0.6728276014328003,1,,base,book|gr_34758995-unscripted|Between freedom and responsibility,a,1.0
P3_EN,philosophical,3,en,Between freedom and responsibility,all,book,gr_25688796-codependent-no-more,Codependent No More: Life Can Be Better When You Overcome Codependency,,0.6501972079277039,2,,base,book|gr_25688796-codependent-no-more|Between freedom and responsibility,x,0.0
P3_EN,philosophical,3,en,Between freedom and responsibility,all,book,gr_299215.The_Road_to_Serfdom,The Road to Serfdom,,0.631705641746521,3,,base,book|gr_299215.The_Road_to_Serfdom|Between freedom and responsibility,a,1.0
P3_EN,philosophical,3,en,Between freedom and responsibility,all,book,bx_0964519267,Vultures in Eagle's Clothing: Lawfully Breaking Free from Ignorance Related Slavery,,0.6242039203643799,4,,base,book|bx_0964519267|Between freedom and responsibility,x,0.0
P3_EN,philosophical,3,en,Between freedom and responsibility,all,book,bx_0312245637,Give Me Liberty!: Freeing Ourselves in the Twenty-First Century,,0.6237684488296509,5,,base,book|bx_0312245637|Between freedom and responsibility,a,1.0
P3_EN,philosophical,3,en,Between freedom and responsibility,all,book,gr_1159461.On_Disobedience_and_Other_Essays,On Disobedience and Other Essays,,0.5970650315284729,6,,base,book|gr_1159461.On_Disobedience_and_Other_Essays|Between freedom and responsibility,a,1.0
P3_EN,philosophical,3,en,Between freedom and responsibility,all,music,6rflUzDPobmzz8X8IAzuGA,Escape from the Prison Planet,,0.5911115407943726,7,,base,music|6rflUzDPobmzz8X8IAzuGA|Between freedom and responsibility,a,1.0
P3_EN,philosophical,3,en,Between freedom and responsibility,all,book,bx_0140390448,Walden and Civil Disobedience (Penguin American Library),,0.5837864875793457,8,,base,book|bx_0140390448|Between freedom and responsibility,a,1.0
P3_EN,philosophical,3,en,Between freedom and responsibility,all,music,25H6P7a94WUr5102lC6TNI,I Want To Break Free,,0.5788660049438477,9,,base,music|25H6P7a94WUr5102lC6TNI|Between freedom and responsibility,a,1.0
P3_EN,philosophical,3,en,Between freedom and responsibility,all,book,kdl_B00E257T5S,"Anarchy, State, and Utopia",,0.5779329538345337,10,,base,book|kdl_B00E257T5S|Between freedom and responsibility,a,1.0
P4_EN,philosophical,4,en,Reflection on solitude and existence,movie,movie,130268,So Is This (1983),,0.603521466255188,1,,base,movie|130268|Reflection on solitude and existence,a,1.0
P4_EN,philosophical,4,en,Reflection on solitude and existence,movie,movie,1320352,Nothing Personal (2009),,0.5774958729743958,2,,base,movie|1320352|Reflection on solitude and existence,a,1.0
P4_EN,philosophical,4,en,Reflection on solitude and existence,movie,movie,262414,Federico Fellini - un autoritratto ritrovato (2000),,0.5773424506187439,3,,base,movie|262414|Reflection on solitude and existence,a,1.0
P4_EN,philosophical,4,en,Reflection on solitude and existence,movie,movie,1466072,William S. Burroughs: A Man Within (2010),,0.5694873332977295,4,,base,movie|1466072|Reflection on solitude and existence,a,1.0
P4_EN,philosophical,4,en,Reflection on solitude and existence,movie,movie,193647,You Are Not I (1981),,0.54976886510849,5,,base,movie|193647|Reflection on solitude and existence,x,0.0
P4_EN,philosophical,4,en,Reflection on solitude and existence,movie,movie,2655938,I aionia epistrofi tou Antoni Paraskeva (2013),,0.5455003380775452,6,,base,movie|2655938|Reflection on solitude and existence,a,1.0
P4_EN,philosophical,4,en,Reflection on solitude and existence,movie,movie,2078648,It's Such a Beautiful Day (2011),,0.5433111786842346,7,,base,movie|2078648|Reflection on solitude and existence,a,1.0
P4_EN,philosophical,4,en,Reflection on solitude and existence,movie,movie,71690,"Je, tu, il, elle (1974)",,0.5410025715827942,8,,base,movie|71690|Reflection on solitude and existence,a,1.0
P4_EN,philosophical,4,en,Reflection on solitude and existence,movie,movie,57381,OldÌÁs Ì©s kÌ¦tÌ©s (1963),,0.531022310256958,9,,base,movie|57381|Reflection on solitude and existence,a,1.0
P4_EN,philosophical,4,en,Reflection on solitude and existence,movie,movie,412852,Ingmar Bergman on Life and Work (1998),,0.5266933441162109,10,,base,movie|412852|Reflection on solitude and existence,a,1.0
P4_EN,philosophical,4,en,Reflection on solitude and existence,music,music,3RPerpXuNznZbCuWYEBz5i,All My Days,,0.5869386792182922,1,,base,music|3RPerpXuNznZbCuWYEBz5i|Reflection on solitude and existence,a,1.0
P4_EN,philosophical,4,en,Reflection on solitude and existence,music,music,2MvmsEPBWo9SMo4w3Ol7tN,Poor Boy,,0.577852725982666,2,,base,music|2MvmsEPBWo9SMo4w3Ol7tN|Reflection on solitude and existence,x,0.0
P4_EN,philosophical,4,en,Reflection on solitude and existence,music,music,5JLnmghzpijS5wZGkQ4CII,Straight Jacket Fashion,,0.5745173096656799,3,,base,music|5JLnmghzpijS5wZGkQ4CII|Reflection on solitude and existence,x,0.0
P4_EN,philosophical,4,en,Reflection on solitude and existence,music,music,34dkZZNQJzEJRqPkywYmEY,A Quick One Before the Eternal Worm Devours Connecticut,,0.5704439878463745,4,,base,music|34dkZZNQJzEJRqPkywYmEY|Reflection on solitude and existence,a,1.0
P4_EN,philosophical,4,en,Reflection on solitude and existence,music,music,3tRv4ZYZimrL27flnjgeR6,Every You Every Me,,0.5654892921447754,5,,base,music|3tRv4ZYZimrL27flnjgeR6|Reflection on solitude and existence,a,1.0
P4_EN,philosophical,4,en,Reflection on solitude and existence,music,music,2FQviMkaoixlgWuGL4u1EO,I,,0.5485190153121948,6,,base,music|2FQviMkaoixlgWuGL4u1EO|Reflection on solitude and existence,a,1.0
P4_EN,philosophical,4,en,Reflection on solitude and existence,music,music,4GjRDgb77p27GQnbZpv1OJ,Me,,0.5476085543632507,7,,base,music|4GjRDgb77p27GQnbZpv1OJ|Reflection on solitude and existence,a,1.0
P4_EN,philosophical,4,en,Reflection on solitude and existence,music,music,5IafdoRLyaGPeeA6f8ysIe,I'm So Tired,,0.5453755855560303,8,,base,music|5IafdoRLyaGPeeA6f8ysIe|Reflection on solitude and existence,a,1.0
P4_EN,philosophical,4,en,Reflection on solitude and existence,music,music,1MJ5f5EYBC92ADD6xcz7nb,Chamber Of Reflection,,0.5427981615066528,9,,base,music|1MJ5f5EYBC92ADD6xcz7nb|Reflection on solitude and existence,a,1.0
P4_EN,philosophical,4,en,Reflection on solitude and existence,music,music,3Uh7rAb7F0XGVpEEDwfH1k,River Man,,0.5372246503829956,10,,base,music|3Uh7rAb7F0XGVpEEDwfH1k|Reflection on solitude and existence,a,1.0
P4_EN,philosophical,4,en,Reflection on solitude and existence,book,book,bx_2070382885,Homme Qui Dort,,0.6495817303657532,1,,base,book|bx_2070382885|Reflection on solitude and existence,a,1.0
P4_EN,philosophical,4,en,Reflection on solitude and existence,book,book,bx_0671867806,Being And Nothingness,,0.6382182836532593,2,,base,book|bx_0671867806|Reflection on solitude and existence,a,1.0
P4_EN,philosophical,4,en,Reflection on solitude and existence,book,book,gr_355267.Reflections_on_the_Self,Reflections on the Self,,0.6333796977996826,3,,base,book|gr_355267.Reflections_on_the_Self|Reflection on solitude and existence,a,1.0
P4_EN,philosophical,4,en,Reflection on solitude and existence,book,book,gr_1495678.Tutte_le_poesie,Tutte le poesie,,0.6314305067062378,4,,base,book|gr_1495678.Tutte_le_poesie|Reflection on solitude and existence,a,1.0
P4_EN,philosophical,4,en,Reflection on solitude and existence,book,book,gr_38504.You_Get_So_Alone_at_Times_That_it_Just_Makes_Sense,You Get So Alone at Times That it Just Makes Sense,,0.6276257634162903,5,,base,book|gr_38504.You_Get_So_Alone_at_Times_That_it_Just_Makes_Sense|Reflection on solitude and existence,a,1.0
P4_EN,philosophical,4,en,Reflection on solitude and existence,book,book,bx_1857151399,Outsider,,0.6190319061279297,6,,base,book|bx_1857151399|Reflection on solitude and existence,a,1.0
P4_EN,philosophical,4,en,Reflection on solitude and existence,book,book,bx_2070419657,Soie,,0.6101495027542114,7,,base,book|bx_2070419657|Reflection on solitude and existence,a,1.0
P4_EN,philosophical,4,en,Reflection on solitude and existence,book,book,gr_2626157-contos-exemplares,Contos Exemplares,,0.6076280474662781,8,,base,book|gr_2626157-contos-exemplares|Reflection on solitude and existence,x,0.0
P4_EN,philosophical,4,en,Reflection on solitude and existence,book,book,gr_1518161.Confieso_Que_He_Vivido,Confieso Que He Vivido,,0.6049883961677551,9,,base,book|gr_1518161.Confieso_Que_He_Vivido|Reflection on solitude and existence,a,1.0
P4_EN,philosophical,4,en,Reflection on solitude and existence,book,book,gr_11781490-dziennik-1961-1966,Dziennik 1961-1966,,0.6040183305740356,10,,base,book|gr_11781490-dziennik-1961-1966|Reflection on solitude and existence,a,1.0
P4_EN,philosophical,4,en,Reflection on solitude and existence,all,book,bx_2070382885,Homme Qui Dort,,0.6495817303657532,1,,base,book|bx_2070382885|Reflection on solitude and existence,a,1.0
P4_EN,philosophical,4,en,Reflection on solitude and existence,all,book,bx_0671867806,Being And Nothingness,,0.6382182836532593,2,,base,book|bx_0671867806|Reflection on solitude and existence,a,1.0
P4_EN,philosophical,4,en,Reflection on solitude and existence,all,book,gr_355267.Reflections_on_the_Self,Reflections on the Self,,0.6333796977996826,3,,base,book|gr_355267.Reflections_on_the_Self|Reflection on solitude and existence,a,1.0
P4_EN,philosophical,4,en,Reflection on solitude and existence,all,book,gr_1495678.Tutte_le_poesie,Tutte le poesie,,0.6314305067062378,4,,base,book|gr_1495678.Tutte_le_poesie|Reflection on solitude and existence,a,1.0
P4_EN,philosophical,4,en,Reflection on solitude and existence,all,book,gr_38504.You_Get_So_Alone_at_Times_That_it_Just_Makes_Sense,You Get So Alone at Times That it Just Makes Sense,,0.6276257634162903,5,,base,book|gr_38504.You_Get_So_Alone_at_Times_That_it_Just_Makes_Sense|Reflection on solitude and existence,a,1.0
P4_EN,philosophical,4,en,Reflection on solitude and existence,all,book,bx_1857151399,Outsider,,0.6190319061279297,6,,base,book|bx_1857151399|Reflection on solitude and existence,a,1.0
P4_EN,philosophical,4,en,Reflection on solitude and existence,all,book,bx_2070419657,Soie,,0.6101495027542114,7,,base,book|bx_2070419657|Reflection on solitude and existence,a,1.0
P4_EN,philosophical,4,en,Reflection on solitude and existence,all,book,gr_2626157-contos-exemplares,Contos Exemplares,,0.6076280474662781,8,,base,book|gr_2626157-contos-exemplares|Reflection on solitude and existence,x,0.0
P4_EN,philosophical,4,en,Reflection on solitude and existence,all,book,gr_1518161.Confieso_Que_He_Vivido,Confieso Que He Vivido,,0.6049883961677551,9,,base,book|gr_1518161.Confieso_Que_He_Vivido|Reflection on solitude and existence,a,1.0
P4_EN,philosophical,4,en,Reflection on solitude and existence,all,book,gr_11781490-dziennik-1961-1966,Dziennik 1961-1966,,0.6040183305740356,10,,base,book|gr_11781490-dziennik-1961-1966|Reflection on solitude and existence,a,1.0
T1_EN,poet,1,en,In the name of love,movie,movie,61927,Luv (1967),,0.618518590927124,1,,base,movie|61927|In the name of love,a,1.0
T1_EN,poet,1,en,In the name of love,movie,movie,46480,Act of Love (1953),,0.5936403274536133,2,,base,movie|46480|In the name of love,a,1.0
T1_EN,poet,1,en,In the name of love,movie,movie,29165,Love Is News (1937),,0.5847645998001099,3,,base,movie|29165|In the name of love,a,1.0
T1_EN,poet,1,en,In the name of love,movie,movie,80157,Yanks (1979),,0.5830082297325134,4,,base,movie|80157|In the name of love,a,1.0
T1_EN,poet,1,en,In the name of love,movie,movie,464071,Sillunu Oru Kadhal (2006),,0.5812544822692871,5,,base,movie|464071|In the name of love,a,1.0
T1_EN,poet,1,en,In the name of love,movie,movie,496325,Meine verrÌ_ckte tÌ_rkische Hochzeit (2006),,0.5753529071807861,6,,base,movie|496325|In the name of love,a,1.0
T1_EN,poet,1,en,In the name of love,movie,movie,35959,A Guy Named Joe (1943),,0.5721070766448975,7,,base,movie|35959|In the name of love,a,1.0
T1_EN,poet,1,en,In the name of love,movie,movie,4699388,Un homme ÌÊ la hauteur (2016),,0.5710157752037048,8,,base,movie|4699388|In the name of love,a,1.0
T1_EN,poet,1,en,In the name of love,movie,movie,32220,"Arise, My Love (1940)",,0.5662610530853271,9,,base,movie|32220|In the name of love,a,1.0
T1_EN,poet,1,en,In the name of love,movie,movie,92802,Cross My Heart (1987),,0.563258171081543,10,,base,movie|92802|In the name of love,a,1.0
T1_EN,poet,1,en,In the name of love,music,music,3gtSCifHWtbRxX0GFLBpcH,L O V E,,0.6770831346511841,1,,base,music|3gtSCifHWtbRxX0GFLBpcH|In the name of love,a,1.0
T1_EN,poet,1,en,In the name of love,music,music,4RMIDsxooqjhLIkxhlWzLa,You,,0.5966834425926208,2,,base,music|4RMIDsxooqjhLIkxhlWzLa|In the name of love,a,1.0
T1_EN,poet,1,en,In the name of love,music,music,53PlbcGzLTx65vjaS6tG0N,Atlantis Is Calling (S.O.S. for Love),,0.5874851942062378,3,,base,music|53PlbcGzLTx65vjaS6tG0N|In the name of love,a,1.0
T1_EN,poet,1,en,In the name of love,music,music,2YM0kfevj552icN9DisbT9,I'm Straight,,0.587174654006958,4,,base,music|2YM0kfevj552icN9DisbT9|In the name of love,x,0.0
T1_EN,poet,1,en,In the name of love,music,music,5qgjpU2Aux6GTRpA4YajZt,Inside Your Love,,0.5858796834945679,5,,base,music|5qgjpU2Aux6GTRpA4YajZt|In the name of love,a,1.0
T1_EN,poet,1,en,In the name of love,music,music,2BgWv15eKCDfiubKo6o76k,Two Hearts,,0.5820146203041077,6,,base,music|2BgWv15eKCDfiubKo6o76k|In the name of love,a,1.0
T1_EN,poet,1,en,In the name of love,music,music,1c5KZhtOAOH7eFOlBekNhS,I Like It,,0.5803356170654297,7,,base,music|1c5KZhtOAOH7eFOlBekNhS|In the name of love,x,0.0
T1_EN,poet,1,en,In the name of love,music,music,3xSu3S8v206qwhob9N2LGJ,Baby I'm Yours,,0.5797284841537476,8,,base,music|3xSu3S8v206qwhob9N2LGJ|In the name of love,a,1.0
T1_EN,poet,1,en,In the name of love,music,music,3Sm5TYFgMXyXwgAcY2xweX,So Into You,,0.5676028728485107,9,,base,music|3Sm5TYFgMXyXwgAcY2xweX|In the name of love,a,1.0
T1_EN,poet,1,en,In the name of love,music,music,03MXO9B1815BBSebNVhLlG,F.I.L.A.,,0.5669435262680054,10,,base,music|03MXO9B1815BBSebNVhLlG|In the name of love,a,1.0
T1_EN,poet,1,en,In the name of love,book,book,gr_11103340-the-epic-love-story-of-doug-and-stephen,The Epic Love Story of Doug and Stephen,,0.6392543315887451,1,,base,book|gr_11103340-the-epic-love-story-of-doug-and-stephen|In the name of love,a,1.0
T1_EN,poet,1,en,In the name of love,book,book,gr_18526170-1-love-2-religions,"1 Love, 2 Religions: A Romantic Dilemma",,0.6262065172195435,2,,base,book|gr_18526170-1-love-2-religions|In the name of love,a,1.0
T1_EN,poet,1,en,In the name of love,book,book,gr_25440667-fighting-for-love,Fighting for Love: Divine Secrets to a Happy Relationship,,0.6075445413589478,3,,base,book|gr_25440667-fighting-for-love|In the name of love,a,1.0
T1_EN,poet,1,en,In the name of love,book,book,bx_0843944579,Love Me Tender,,0.6020078659057617,4,,base,book|bx_0843944579|In the name of love,a,1.0
T1_EN,poet,1,en,In the name of love,book,book,gr_21469302-love-from-both-sides,Love... From Both Sides,,0.5967521667480469,5,,base,book|gr_21469302-love-from-both-sides|In the name of love,a,1.0
T1_EN,poet,1,en,In the name of love,book,book,bx_0446609188,Then Comes Marriage,,0.587380051612854,6,,base,book|bx_0446609188|In the name of love,x,0.0
T1_EN,poet,1,en,In the name of love,book,book,kdl_B0CJRSSSPY,SOS do amor (Portuguese Edition),,0.5834900140762329,7,,base,book|kdl_B0CJRSSSPY|In the name of love,a,1.0
T1_EN,poet,1,en,In the name of love,book,book,bx_0553586130,7 Days and 7 Nights,,0.5806494951248169,8,,base,book|bx_0553586130|In the name of love,x,0.0
T1_EN,poet,1,en,In the name of love,book,book,gr_14981152-the-sacred-search,"The Sacred Search: What If It's Not about Who You Marry, But Why?",,0.574020266532898,9,,base,book|gr_14981152-the-sacred-search|In the name of love,a,1.0
T1_EN,poet,1,en,In the name of love,book,book,gr_1840887.Khadijah,Khadijah: The True Love Story of Muhammad SAW,,0.5665774345397949,10,,base,book|gr_1840887.Khadijah|In the name of love,a,1.0
T1_EN,poet,1,en,In the name of love,all,music,3gtSCifHWtbRxX0GFLBpcH,L O V E,,0.6770831346511841,1,,base,music|3gtSCifHWtbRxX0GFLBpcH|In the name of love,a,1.0
T1_EN,poet,1,en,In the name of love,all,book,gr_11103340-the-epic-love-story-of-doug-and-stephen,The Epic Love Story of Doug and Stephen,,0.6392543315887451,2,,base,book|gr_11103340-the-epic-love-story-of-doug-and-stephen|In the name of love,a,1.0
T1_EN,poet,1,en,In the name of love,all,book,gr_18526170-1-love-2-religions,"1 Love, 2 Religions: A Romantic Dilemma",,0.6262065172195435,3,,base,book|gr_18526170-1-love-2-religions|In the name of love,a,1.0
T1_EN,poet,1,en,In the name of love,all,movie,61927,Luv (1967),,0.618518590927124,4,,base,movie|61927|In the name of love,a,1.0
T1_EN,poet,1,en,In the name of love,all,book,gr_25440667-fighting-for-love,Fighting for Love: Divine Secrets to a Happy Relationship,,0.6075445413589478,5,,base,book|gr_25440667-fighting-for-love|In the name of love,a,1.0
T1_EN,poet,1,en,In the name of love,all,book,bx_0843944579,Love Me Tender,,0.6020078659057617,6,,base,book|bx_0843944579|In the name of love,a,1.0
T1_EN,poet,1,en,In the name of love,all,book,gr_21469302-love-from-both-sides,Love... From Both Sides,,0.5967521667480469,7,,base,book|gr_21469302-love-from-both-sides|In the name of love,a,1.0
T1_EN,poet,1,en,In the name of love,all,music,4RMIDsxooqjhLIkxhlWzLa,You,,0.5966834425926208,8,,base,music|4RMIDsxooqjhLIkxhlWzLa|In the name of love,a,1.0
T1_EN,poet,1,en,In the name of love,all,movie,46480,Act of Love (1953),,0.5936403274536133,9,,base,movie|46480|In the name of love,a,1.0
T1_EN,poet,1,en,In the name of love,all,music,53PlbcGzLTx65vjaS6tG0N,Atlantis Is Calling (S.O.S. for Love),,0.5874851942062378,10,,base,music|53PlbcGzLTx65vjaS6tG0N|In the name of love,a,1.0
T2_EN,poet,2,en,Like the excitement of a spring day,movie,movie,71679,"It's the Easter Beagle, Charlie Brown! (1974)",,0.5955427289009094,1,,base,movie|71679|Like the excitement of a spring day,a,1.0
T2_EN,poet,2,en,Like the excitement of a spring day,movie,movie,50135,April Love (1957),,0.5740711688995361,2,,base,movie|50135|Like the excitement of a spring day,a,1.0
T2_EN,poet,2,en,Like the excitement of a spring day,movie,movie,41507,In the Good Old Summertime (1949),,0.5587118864059448,3,,base,movie|41507|Like the excitement of a spring day,a,1.0
T2_EN,poet,2,en,Like the excitement of a spring day,movie,movie,38152,Tee for Two (1945),,0.5483444929122925,4,,base,movie|38152|Like the excitement of a spring day,a,1.0
T2_EN,poet,2,en,Like the excitement of a spring day,movie,movie,937397,Hammy's Boomerang Adventure (2006),,0.5344926118850708,5,,base,movie|937397|Like the excitement of a spring day,a,1.0
T2_EN,poet,2,en,Like the excitement of a spring day,movie,movie,73922,"You're a Good Sport, Charlie Brown (1975)",,0.5221496820449829,6,,base,movie|73922|Like the excitement of a spring day,a,1.0
T2_EN,poet,2,en,Like the excitement of a spring day,movie,movie,58600,Sommer i Tyrol (1964),,0.5173478126525879,7,,base,movie|58600|Like the excitement of a spring day,a,1.0
T2_EN,poet,2,en,Like the excitement of a spring day,movie,movie,30216,Having Wonderful Time (1938),,0.5161014795303345,8,,base,movie|30216|Like the excitement of a spring day,a,1.0
T2_EN,poet,2,en,Like the excitement of a spring day,movie,movie,4902012,Hurricane of Fun: The Making of Wet Hot (2015),,0.5158665180206299,9,,base,movie|4902012|Like the excitement of a spring day,a,1.0
T2_EN,poet,2,en,Like the excitement of a spring day,movie,movie,1786650,Risto RÌ_ppÌ_Ì_jÌ_ ja viileÌ_ Venla (2012),,0.5150191783905029,10,,base,movie|1786650|Like the excitement of a spring day,a,1.0
T2_EN,poet,2,en,Like the excitement of a spring day,music,music,4FlYcJnfkeBpowEHJ72Bmt,Rockin' Robin,,0.6794449090957642,1,,base,music|4FlYcJnfkeBpowEHJ72Bmt|Like the excitement of a spring day,a,1.0
T2_EN,poet,2,en,Like the excitement of a spring day,music,music,6M0HMy7UhtlPYTlpaW4qRk,Domino Dancing - 2003 Remaster,,0.6649877429008484,2,,base,music|6M0HMy7UhtlPYTlpaW4qRk|Like the excitement of a spring day,x,0.0
T2_EN,poet,2,en,Like the excitement of a spring day,music,music,5dl8WFCxndWZlsDXuzT00p,The Best Day Ever,,0.6603004932403564,3,,base,music|5dl8WFCxndWZlsDXuzT00p|Like the excitement of a spring day,a,1.0
T2_EN,poet,2,en,Like the excitement of a spring day,music,music,23qDMWnwf8p0pr5slljB6i,Six-Pack Summer,,0.6563445925712585,4,,base,music|23qDMWnwf8p0pr5slljB6i|Like the excitement of a spring day,a,1.0
T2_EN,poet,2,en,Like the excitement of a spring day,music,music,7ds98B8y5BQltzC60Gdkri,Long Tall Sally - Remastered 2009,,0.6511162519454956,5,,base,music|7ds98B8y5BQltzC60Gdkri|Like the excitement of a spring day,a,1.0
T2_EN,poet,2,en,Like the excitement of a spring day,music,music,4EjdlRzIns3YulKVND2jr9,7 Days of the Week,,0.6461876034736633,6,,base,music|4EjdlRzIns3YulKVND2jr9|Like the excitement of a spring day,a,1.0
T2_EN,poet,2,en,Like the excitement of a spring day,music,music,1KdLP5FUQElS3s2OncQWnV,Going On A Picnic,,0.6455639600753784,7,,base,music|1KdLP5FUQElS3s2OncQWnV|Like the excitement of a spring day,a,1.0
T2_EN,poet,2,en,Like the excitement of a spring day,music,music,5Ozv6hQIj20iX3nFfJCe8E,The Rain The Park And Other Things,,0.6449310779571533,8,,base,music|5Ozv6hQIj20iX3nFfJCe8E|Like the excitement of a spring day,x,0.0
T2_EN,poet,2,en,Like the excitement of a spring day,music,music,0SAbkr0dS7WK3yJSjaZSZl,Magic - 2017 Remaster,,0.6376354694366455,9,,base,music|0SAbkr0dS7WK3yJSjaZSZl|Like the excitement of a spring day,a,1.0
T2_EN,poet,2,en,Like the excitement of a spring day,music,music,7fmwCGS5Sj9mceTWlCUJMA,Saturn 5,,0.6302613615989685,10,,base,music|7fmwCGS5Sj9mceTWlCUJMA|Like the excitement of a spring day,a,1.0
T2_EN,poet,2,en,Like the excitement of a spring day,book,book,bx_0307131483,"Hunny, Funny, Sunny Day, A",,0.6308060884475708,1,,base,book|bx_0307131483|Like the excitement of a spring day,a,1.0
T2_EN,poet,2,en,Like the excitement of a spring day,book,book,bx_0307011100,"Let's Fly a Kite, Charlie Brown! A Book about the Seasons",,0.6278530359268188,2,,base,book|bx_0307011100|Like the excitement of a spring day,a,1.0
T2_EN,poet,2,en,Like the excitement of a spring day,book,book,bx_0689830971,"It's Spring, Blue!",,0.6182169914245605,3,,base,book|bx_0689830971|Like the excitement of a spring day,a,1.0
T2_EN,poet,2,en,Like the excitement of a spring day,book,book,gr_4835838-11-birthdays,11 Birthdays,,0.6150422096252441,4,,base,book|gr_4835838-11-birthdays|Like the excitement of a spring day,a,1.0
T2_EN,poet,2,en,Like the excitement of a spring day,book,book,bx_157064134X,Barney's Easter Egg Hunt (Barney Titles),,0.6059824228286743,5,,base,book|bx_157064134X|Like the excitement of a spring day,a,1.0
T2_EN,poet,2,en,Like the excitement of a spring day,book,book,bx_0064434818,Inch by Inch : The Garden Song (Trophy Picture Book),,0.6017425656318665,6,,base,book|bx_0064434818|Like the excitement of a spring day,a,1.0
T2_EN,poet,2,en,Like the excitement of a spring day,book,book,bx_1931514550,Marmalade Boy #2,,0.5970904231071472,7,,base,book|bx_1931514550|Like the excitement of a spring day,a,1.0
T2_EN,poet,2,en,Like the excitement of a spring day,book,book,bx_0394829131,"Great Day for Up (A Bright &amp; Early Book, 19)",,0.5896611213684082,8,,base,book|bx_0394829131|Like the excitement of a spring day,a,1.0
T2_EN,poet,2,en,Like the excitement of a spring day,book,book,bx_0811823318,Spring Is Here,,0.5871241092681885,9,,base,book|bx_0811823318|Like the excitement of a spring day,a,1.0
T2_EN,poet,2,en,Like the excitement of a spring day,book,book,bx_0307303101,Zip! Pop! Hop! and Other Fun Words to Say (First Little Golden Books),,0.585493803024292,10,,base,book|bx_0307303101|Like the excitement of a spring day,a,1.0
T2_EN,poet,2,en,Like the excitement of a spring day,all,music,4FlYcJnfkeBpowEHJ72Bmt,Rockin' Robin,,0.6794449090957642,1,,base,music|4FlYcJnfkeBpowEHJ72Bmt|Like the excitement of a spring day,a,1.0
T2_EN,poet,2,en,Like the excitement of a spring day,all,music,6M0HMy7UhtlPYTlpaW4qRk,Domino Dancing - 2003 Remaster,,0.6649877429008484,2,,base,music|6M0HMy7UhtlPYTlpaW4qRk|Like the excitement of a spring day,x,0.0
T2_EN,poet,2,en,Like the excitement of a spring day,all,music,5dl8WFCxndWZlsDXuzT00p,The Best Day Ever,,0.6603004932403564,3,,base,music|5dl8WFCxndWZlsDXuzT00p|Like the excitement of a spring day,a,1.0
T2_EN,poet,2,en,Like the excitement of a spring day,all,music,23qDMWnwf8p0pr5slljB6i,Six-Pack Summer,,0.6563445925712585,4,,base,music|23qDMWnwf8p0pr5slljB6i|Like the excitement of a spring day,a,1.0
T2_EN,poet,2,en,Like the excitement of a spring day,all,music,7ds98B8y5BQltzC60Gdkri,Long Tall Sally - Remastered 2009,,0.6511162519454956,5,,base,music|7ds98B8y5BQltzC60Gdkri|Like the excitement of a spring day,a,1.0
T2_EN,poet,2,en,Like the excitement of a spring day,all,music,4EjdlRzIns3YulKVND2jr9,7 Days of the Week,,0.6461876034736633,6,,base,music|4EjdlRzIns3YulKVND2jr9|Like the excitement of a spring day,a,1.0
T2_EN,poet,2,en,Like the excitement of a spring day,all,music,1KdLP5FUQElS3s2OncQWnV,Going On A Picnic,,0.6455639600753784,7,,base,music|1KdLP5FUQElS3s2OncQWnV|Like the excitement of a spring day,a,1.0
T2_EN,poet,2,en,Like the excitement of a spring day,all,music,5Ozv6hQIj20iX3nFfJCe8E,The Rain The Park And Other Things,,0.6449310779571533,8,,base,music|5Ozv6hQIj20iX3nFfJCe8E|Like the excitement of a spring day,x,0.0
T2_EN,poet,2,en,Like the excitement of a spring day,all,music,0SAbkr0dS7WK3yJSjaZSZl,Magic - 2017 Remaster,,0.6376354694366455,9,,base,music|0SAbkr0dS7WK3yJSjaZSZl|Like the excitement of a spring day,a,1.0
T2_EN,poet,2,en,Like the excitement of a spring day,all,book,bx_0307131483,"Hunny, Funny, Sunny Day, A",,0.6308060884475708,10,,base,book|bx_0307131483|Like the excitement of a spring day,a,1.0
T3_EN,poet,3,en,What remains after farewell,movie,movie,112606,Bye Bye Love (1995),,0.6076688766479492,1,,base,movie|112606|What remains after farewell,a,1.0
T3_EN,poet,3,en,What remains after farewell,movie,movie,1371150,This Is Where I Leave You (2014),,0.5710506439208984,2,,base,movie|1371150|What remains after farewell,a,1.0
T3_EN,poet,3,en,What remains after farewell,movie,movie,1516002,A Beginner's Guide to Endings (2010),,0.5503808259963989,3,,base,movie|1516002|What remains after farewell,a,1.0
T3_EN,poet,3,en,What remains after farewell,movie,movie,3163304,Mita Tova (2014),,0.540904700756073,4,,base,movie|3163304|What remains after farewell,x,0.0
T3_EN,poet,3,en,What remains after farewell,movie,movie,93175,Hello Again (1987),,0.5334174036979675,5,,base,movie|93175|What remains after farewell,x,0.0
T3_EN,poet,3,en,What remains after farewell,movie,movie,2437548,Goodbye to All That (2014),,0.5313159227371216,6,,base,movie|2437548|What remains after farewell,a,1.0
T3_EN,poet,3,en,What remains after farewell,movie,movie,476323,Odgrobadogroba (2005),,0.5282716751098633,7,,base,movie|476323|What remains after farewell,a,1.0
T3_EN,poet,3,en,What remains after farewell,movie,movie,430650,"Surrender, Dorothy (2006)",,0.5234822630882263,8,,base,movie|430650|What remains after farewell,a,1.0
T3_EN,poet,3,en,What remains after farewell,movie,movie,1143148,Cinco dÌ_as sin Nora (2008),,0.5201123356819153,9,,base,movie|1143148|What remains after farewell,x,0.0
T3_EN,poet,3,en,What remains after farewell,movie,movie,360016,Standing Still (2005),,0.5157263278961182,10,,base,movie|360016|What remains after farewell,x,0.0
T3_EN,poet,3,en,What remains after farewell,music,music,1MbqOV4uT2Rrxxyk1ZvCTT,Old Shoes (& Picture Postcards),,0.6577409505844116,1,,base,music|1MbqOV4uT2Rrxxyk1ZvCTT|What remains after farewell,a,1.0
T3_EN,poet,3,en,What remains after farewell,music,music,1wa6QQsdSE3X2GbRljGpFk,Candles,,0.6283979415893555,2,,base,music|1wa6QQsdSE3X2GbRljGpFk|What remains after farewell,a,1.0
T3_EN,poet,3,en,What remains after farewell,music,music,12MqM3S0fTvR6X4Jt1Xvn6,Until You Were Gone (feat. Emily Warren),,0.6108846664428711,3,,base,music|12MqM3S0fTvR6X4Jt1Xvn6|What remains after farewell,a,1.0
T3_EN,poet,3,en,What remains after farewell,music,music,17Cs25j5Ui6X6W4Hk1kAyC,Long Gone,,0.6066306829452515,4,,base,music|17Cs25j5Ui6X6W4Hk1kAyC|What remains after farewell,a,1.0
T3_EN,poet,3,en,What remains after farewell,music,music,5RFYhFsx88Ged9UNmv5ORj,Out Of Time,,0.6037375926971436,5,,base,music|5RFYhFsx88Ged9UNmv5ORj|What remains after farewell,a,1.0
T3_EN,poet,3,en,What remains after farewell,music,music,4OMu5a8sFpcRCPCcsoEaov,Babe I'm Gonna Leave You - 1990 Remaster,,0.6024034023284912,6,,base,music|4OMu5a8sFpcRCPCcsoEaov|What remains after farewell,x,0.0
T3_EN,poet,3,en,What remains after farewell,music,music,66smTQp4sh79sF2cLEIf3H,Pretty Penny - 2019 Remaster,,0.6020629405975342,7,,base,music|66smTQp4sh79sF2cLEIf3H|What remains after farewell,a,1.0
T3_EN,poet,3,en,What remains after farewell,music,music,0eJiuxxTdhyOBC3ewtoLUN,Against All Odds (Take a Look At Me Now) - Remastered,,0.6001304984092712,8,,base,music|0eJiuxxTdhyOBC3ewtoLUN|What remains after farewell,a,1.0
T3_EN,poet,3,en,What remains after farewell,music,music,55Jty4lzy6jnC3Cm9h8bQQ,"It's All over Now, Baby Blue",,0.5991522073745728,9,,base,music|55Jty4lzy6jnC3Cm9h8bQQ|What remains after farewell,a,1.0
T3_EN,poet,3,en,What remains after farewell,music,music,285pBltuF7vW8TeWk8hdRR,Lucid Dreams,,0.5986593961715698,10,,base,music|285pBltuF7vW8TeWk8hdRR|What remains after farewell,a,1.0
T3_EN,poet,3,en,What remains after farewell,book,book,gr_30649795-goodbye-days,Goodbye Days,,0.6506363153457642,1,,base,book|gr_30649795-goodbye-days|What remains after farewell,a,1.0
T3_EN,poet,3,en,What remains after farewell,book,book,bx_0312906242,The Injured Party,,0.5911715626716614,2,,base,book|bx_0312906242|What remains after farewell,x,0.0
T3_EN,poet,3,en,What remains after farewell,book,book,kdl_B07LGH47L4,And in the End: The Last Days of the Beatles,,0.5835026502609253,3,,base,book|kdl_B07LGH47L4|What remains after farewell,x,0.0
T3_EN,poet,3,en,What remains after farewell,book,book,bx_0316173282,I'll Be There,,0.5816678404808044,4,,base,book|bx_0316173282|What remains after farewell,x,0.0
T3_EN,poet,3,en,What remains after farewell,book,book,gr_28921.The_Remains_of_the_Day,The Remains of the Day,,0.581529438495636,5,,base,book|gr_28921.The_Remains_of_the_Day|What remains after farewell,a,1.0
T3_EN,poet,3,en,What remains after farewell,book,book,gr_20773985-das-letzte-marchen,Das Letzte Marchen,,0.563935399055481,6,,base,book|gr_20773985-das-letzte-marchen|What remains after farewell,x,0.0
T3_EN,poet,3,en,What remains after farewell,book,book,gr_17285330-the-last-time-we-say-goodbye,The Last Time We Say Goodbye,,0.5628843307495117,7,,base,book|gr_17285330-the-last-time-we-say-goodbye|What remains after farewell,a,1.0
T3_EN,poet,3,en,What remains after farewell,book,book,gr_2223097.Farewell_I_m_Bound_to_Leave_You,"Farewell, I'm Bound to Leave You",,0.5592719316482544,8,,base,book|gr_2223097.Farewell_I_m_Bound_to_Leave_You|What remains after farewell,a,1.0
T3_EN,poet,3,en,What remains after farewell,book,book,gr_37569327-good-riddance,Good Riddance,,0.5519805550575256,9,,base,book|gr_37569327-good-riddance|What remains after farewell,a,1.0
T3_EN,poet,3,en,What remains after farewell,book,book,gr_8492856-what-happened-to-goodbye,What Happened to Goodbye,,0.5482783317565918,10,,base,book|gr_8492856-what-happened-to-goodbye|What remains after farewell,x,0.0
T3_EN,poet,3,en,What remains after farewell,all,music,1MbqOV4uT2Rrxxyk1ZvCTT,Old Shoes (& Picture Postcards),,0.6577409505844116,1,,base,music|1MbqOV4uT2Rrxxyk1ZvCTT|What remains after farewell,a,1.0
T3_EN,poet,3,en,What remains after farewell,all,book,gr_30649795-goodbye-days,Goodbye Days,,0.6506363153457642,2,,base,book|gr_30649795-goodbye-days|What remains after farewell,a,1.0
T3_EN,poet,3,en,What remains after farewell,all,music,1wa6QQsdSE3X2GbRljGpFk,Candles,,0.6283979415893555,3,,base,music|1wa6QQsdSE3X2GbRljGpFk|What remains after farewell,a,1.0
T3_EN,poet,3,en,What remains after farewell,all,music,12MqM3S0fTvR6X4Jt1Xvn6,Until You Were Gone (feat. Emily Warren),,0.6108846664428711,4,,base,music|12MqM3S0fTvR6X4Jt1Xvn6|What remains after farewell,a,1.0
T3_EN,poet,3,en,What remains after farewell,all,movie,112606,Bye Bye Love (1995),,0.6076688766479492,5,,base,movie|112606|What remains after farewell,a,1.0
T3_EN,poet,3,en,What remains after farewell,all,music,17Cs25j5Ui6X6W4Hk1kAyC,Long Gone,,0.6066306829452515,6,,base,music|17Cs25j5Ui6X6W4Hk1kAyC|What remains after farewell,a,1.0
T3_EN,poet,3,en,What remains after farewell,all,music,5RFYhFsx88Ged9UNmv5ORj,Out Of Time,,0.6037375926971436,7,,base,music|5RFYhFsx88Ged9UNmv5ORj|What remains after farewell,a,1.0
T3_EN,poet,3,en,What remains after farewell,all,music,4OMu5a8sFpcRCPCcsoEaov,Babe I'm Gonna Leave You - 1990 Remaster,,0.6024034023284912,8,,base,music|4OMu5a8sFpcRCPCcsoEaov|What remains after farewell,x,0.0
T3_EN,poet,3,en,What remains after farewell,all,music,66smTQp4sh79sF2cLEIf3H,Pretty Penny - 2019 Remaster,,0.6020629405975342,9,,base,music|66smTQp4sh79sF2cLEIf3H|What remains after farewell,a,1.0
T3_EN,poet,3,en,What remains after farewell,all,music,0eJiuxxTdhyOBC3ewtoLUN,Against All Odds (Take a Look At Me Now) - Remastered,,0.6001304984092712,10,,base,music|0eJiuxxTdhyOBC3ewtoLUN|What remains after farewell,a,1.0
T4_EN,poet,4,en,A voice whispering under moonlight,movie,movie,109748,EstÌ_ria do Gato e da Lua (1997),,0.5591995716094971,1,,base,movie|109748|A voice whispering under moonlight,o,2.0
T4_EN,poet,4,en,A voice whispering under moonlight,movie,movie,71690,"Je, tu, il, elle (1974)",,0.5127233266830444,2,,base,movie|71690|A voice whispering under moonlight,a,1.0
T4_EN,poet,4,en,A voice whispering under moonlight,movie,movie,130515,Blow Job (1963),,0.504684567451477,3,,base,movie|130515|A voice whispering under moonlight,x,0.0
T4_EN,poet,4,en,A voice whispering under moonlight,movie,movie,69300,Sophia de Mello Breyner Andresen (1969),,0.491098552942276,4,,base,movie|69300|A voice whispering under moonlight,x,0.0
T4_EN,poet,4,en,A voice whispering under moonlight,movie,movie,309506,Les dents du singe (1961),,0.4775497317314148,5,,base,movie|309506|A voice whispering under moonlight,a,1.0
T4_EN,poet,4,en,A voice whispering under moonlight,movie,movie,1745713,Guan yin shan (2010),,0.467365562915802,6,,base,movie|1745713|A voice whispering under moonlight,x,0.0
T4_EN,poet,4,en,A voice whispering under moonlight,movie,movie,60549,"Istoriya Asi Klyachinoy, kotoraya lyubila, da ne vyshla zamuzh (1966)",,0.4638127386569977,7,,base,movie|60549|A voice whispering under moonlight,x,0.0
T4_EN,poet,4,en,A voice whispering under moonlight,movie,movie,2719094,Papusza (2013),,0.4596080780029297,8,,base,movie|2719094|A voice whispering under moonlight,x,0.0
T4_EN,poet,4,en,A voice whispering under moonlight,movie,movie,63381,Whistle and I'll Come to You,,0.4587222933769226,9,,base,movie|63381|A voice whispering under moonlight,a,1.0
T4_EN,poet,4,en,A voice whispering under moonlight,movie,movie,316003,HÌ_mta en cykel (1968),,0.4536644220352173,10,,base,movie|316003|A voice whispering under moonlight,x,0.0
T4_EN,poet,4,en,A voice whispering under moonlight,music,music,3MmRfG64qt04Efx9gK9Ec8,Dagger,,0.6412982940673828,1,,base,music|3MmRfG64qt04Efx9gK9Ec8|A voice whispering under moonlight,a,1.0
T4_EN,poet,4,en,A voice whispering under moonlight,music,music,4j9dvpEjjIGHuUJDqw8tq8,The Saxophone Song,,0.6190391778945923,2,,base,music|4j9dvpEjjIGHuUJDqw8tq8|A voice whispering under moonlight,x,0.0
T4_EN,poet,4,en,A voice whispering under moonlight,music,music,5mb6SzBnxv1ywFSH9V3uxd,Delicate,,0.5943317413330078,3,,base,music|5mb6SzBnxv1ywFSH9V3uxd|A voice whispering under moonlight,a,1.0
T4_EN,poet,4,en,A voice whispering under moonlight,music,music,1BaAzMva4yf7cWeOGwp7H4,Mood Indigo,,0.5927984714508057,4,,base,music|1BaAzMva4yf7cWeOGwp7H4|A voice whispering under moonlight,a,1.0
T4_EN,poet,4,en,A voice whispering under moonlight,music,music,6GXe7h7e3VTbRp8sQ7GLv6,Can't Wait,,0.5876131057739258,5,,base,music|6GXe7h7e3VTbRp8sQ7GLv6|A voice whispering under moonlight,x,0.0
T4_EN,poet,4,en,A voice whispering under moonlight,music,music,0KvgYjNjdjpgjanBhUnSfO,Reaching,,0.5845204591751099,6,,base,music|0KvgYjNjdjpgjanBhUnSfO|A voice whispering under moonlight,a,1.0
T4_EN,poet,4,en,A voice whispering under moonlight,music,music,0sWXc2HP7INhTEkuUbxJGk,Amelia,,0.5760568380355835,7,,base,music|0sWXc2HP7INhTEkuUbxJGk|A voice whispering under moonlight,a,1.0
T4_EN,poet,4,en,A voice whispering under moonlight,music,music,45dFVMC4gijvG7lw3yNnD8,I Still Can't Sleep / The Cannot Touch Her (Betsy's Theme),,0.5759963393211365,8,,base,music|45dFVMC4gijvG7lw3yNnD8|A voice whispering under moonlight,a,1.0
T4_EN,poet,4,en,A voice whispering under moonlight,music,music,3AkxSspcYOvhWTkaMvqyaD,Volcano,,0.5722544193267822,9,,base,music|3AkxSspcYOvhWTkaMvqyaD|A voice whispering under moonlight,a,1.0
T4_EN,poet,4,en,A voice whispering under moonlight,music,music,2wBJCrwLcKL0Sqa1OQVhD7,Hawkmoon 269,,0.5715643763542175,10,,base,music|2wBJCrwLcKL0Sqa1OQVhD7|A voice whispering under moonlight,a,1.0
T4_EN,poet,4,en,A voice whispering under moonlight,book,book,bx_0316184136,The Complete Poems of Emily Dickinson,,0.5759641528129578,1,,base,book|bx_0316184136|A voice whispering under moonlight,a,1.0
T4_EN,poet,4,en,A voice whispering under moonlight,book,book,gr_11650112-the-listener,The Listener,,0.5438809394836426,2,,base,book|gr_11650112-the-listener|A voice whispering under moonlight,x,0.0
T4_EN,poet,4,en,A voice whispering under moonlight,book,book,gr_112204.The_Complete_Poems_of_Emily_Dickinson,The Complete Poems of Emily Dickinson,,0.5339539051055908,3,,base,book|gr_112204.The_Complete_Poems_of_Emily_Dickinson|A voice whispering under moonlight,a,1.0
T4_EN,poet,4,en,A voice whispering under moonlight,book,book,gr_7963189-le-bleu-est-une-couleur-chaude,Le bleu est une couleur chaude,,0.5296211242675781,4,,base,book|gr_7963189-le-bleu-est-une-couleur-chaude|A voice whispering under moonlight,x,0.0
T4_EN,poet,4,en,A voice whispering under moonlight,book,book,bx_0671035304,She,,0.5282793641090393,5,,base,book|bx_0671035304|A voice whispering under moonlight,x,0.0
T4_EN,poet,4,en,A voice whispering under moonlight,book,book,gr_6482276,الحالمة,,0.5195325613021851,6,,base,book|gr_6482276|A voice whispering under moonlight,x,0.0
T4_EN,poet,4,en,A voice whispering under moonlight,book,book,gr_97553.Crow,Crow: From the Life and Songs of the Crow (Faber Library),,0.5090946555137634,7,,base,book|gr_97553.Crow|A voice whispering under moonlight,a,1.0
T4_EN,poet,4,en,A voice whispering under moonlight,book,book,gr_23466527-mute,Mute: Poems That Saved My Life!: Poems by Vidya Gargote During Her Journey Battling with Depression,,0.5070179104804993,8,,base,book|gr_23466527-mute|A voice whispering under moonlight,x,0.0
T4_EN,poet,4,en,A voice whispering under moonlight,book,book,gr_13069681-speechless,Speechless,,0.4898295104503631,9,,base,book|gr_13069681-speechless|A voice whispering under moonlight,x,0.0
T4_EN,poet,4,en,A voice whispering under moonlight,book,book,gr_6019755-j-ai-nom-sans-bruit,J'ai nom sans bruit,,0.4761989712715149,10,,base,book|gr_6019755-j-ai-nom-sans-bruit|A voice whispering under moonlight,x,0.0
T4_EN,poet,4,en,A voice whispering under moonlight,all,music,3MmRfG64qt04Efx9gK9Ec8,Dagger,,0.6412982940673828,1,,base,music|3MmRfG64qt04Efx9gK9Ec8|A voice whispering under moonlight,a,1.0
T4_EN,poet,4,en,A voice whispering under moonlight,all,music,4j9dvpEjjIGHuUJDqw8tq8,The Saxophone Song,,0.6190391778945923,2,,base,music|4j9dvpEjjIGHuUJDqw8tq8|A voice whispering under moonlight,x,0.0
T4_EN,poet,4,en,A voice whispering under moonlight,all,music,5mb6SzBnxv1ywFSH9V3uxd,Delicate,,0.5943317413330078,3,,base,music|5mb6SzBnxv1ywFSH9V3uxd|A voice whispering under moonlight,a,1.0
T4_EN,poet,4,en,A voice whispering under moonlight,all,music,1BaAzMva4yf7cWeOGwp7H4,Mood Indigo,,0.5927984714508057,4,,base,music|1BaAzMva4yf7cWeOGwp7H4|A voice whispering under moonlight,a,1.0
T4_EN,poet,4,en,A voice whispering under moonlight,all,music,6GXe7h7e3VTbRp8sQ7GLv6,Can't Wait,,0.5876131057739258,5,,base,music|6GXe7h7e3VTbRp8sQ7GLv6|A voice whispering under moonlight,x,0.0
T4_EN,poet,4,en,A voice whispering under moonlight,all,music,0KvgYjNjdjpgjanBhUnSfO,Reaching,,0.5845204591751099,6,,base,music|0KvgYjNjdjpgjanBhUnSfO|A voice whispering under moonlight,a,1.0
T4_EN,poet,4,en,A voice whispering under moonlight,all,music,0sWXc2HP7INhTEkuUbxJGk,Amelia,,0.5760568380355835,7,,base,music|0sWXc2HP7INhTEkuUbxJGk|A voice whispering under moonlight,a,1.0
T4_EN,poet,4,en,A voice whispering under moonlight,all,music,45dFVMC4gijvG7lw3yNnD8,I Still Can't Sleep / The Cannot Touch Her (Betsy's Theme),,0.5759963393211365,8,,base,music|45dFVMC4gijvG7lw3yNnD8|A voice whispering under moonlight,a,1.0
T4_EN,poet,4,en,A voice whispering under moonlight,all,book,bx_0316184136,The Complete Poems of Emily Dickinson,,0.5759641528129578,9,,base,book|bx_0316184136|A voice whispering under moonlight,a,1.0
T4_EN,poet,4,en,A voice whispering under moonlight,all,music,3AkxSspcYOvhWTkaMvqyaD,Volcano,,0.5722544193267822,10,,base,music|3AkxSspcYOvhWTkaMvqyaD|A voice whispering under moonlight,a,1.0
A1_EN,atmosphere,1,en,A sunlit cafe,movie,movie,3711466,Kukhnya v Parizhe (2014),,0.6303105354309082,1,,base,movie|3711466|A sunlit cafe,a,1.0
A1_EN,atmosphere,1,en,A sunlit cafe,movie,movie,1259520,Bon appÌ©tit (2010),,0.621008038520813,2,,base,movie|1259520|A sunlit cafe,a,1.0
A1_EN,atmosphere,1,en,A sunlit cafe,movie,movie,1267498,Gli amici del bar Margherita (2009),,0.5986853837966919,3,,base,movie|1267498|A sunlit cafe,a,1.0
A1_EN,atmosphere,1,en,A sunlit cafe,movie,movie,4239548,Deli Man (2014),,0.5901458263397217,4,,base,movie|4239548|A sunlit cafe,a,1.0
A1_EN,atmosphere,1,en,A sunlit cafe,movie,movie,2883512,Chef (2014),,0.5844018459320068,5,,base,movie|2883512|A sunlit cafe,a,1.0
A1_EN,atmosphere,1,en,A sunlit cafe,movie,movie,1153053,Today's Special (2009),,0.5793719291687012,6,,base,movie|1153053|A sunlit cafe,a,1.0
A1_EN,atmosphere,1,en,A sunlit cafe,movie,movie,2094877,Les saveurs du Palais (2012),,0.567017674446106,7,,base,movie|2094877|A sunlit cafe,a,1.0
A1_EN,atmosphere,1,en,A sunlit cafe,movie,movie,78488,Who Is Killing the Great Chefs of Europe? (1978),,0.5644685626029968,8,,base,movie|78488|A sunlit cafe,x,0.0
A1_EN,atmosphere,1,en,A sunlit cafe,movie,movie,1740047,The Trip (2010),,0.562690258026123,9,,base,movie|1740047|A sunlit cafe,a,1.0
A1_EN,atmosphere,1,en,A sunlit cafe,movie,movie,115678,Big Night (1996),,0.5598605275154114,10,,base,movie|115678|A sunlit cafe,a,1.0
A1_EN,atmosphere,1,en,A sunlit cafe,music,music,3OIoLMnnWzAUORFQxRAhdF,You Matter to Me,,0.6166921854019165,1,,base,music|3OIoLMnnWzAUORFQxRAhdF|A sunlit cafe,x,0.0
A1_EN,atmosphere,1,en,A sunlit cafe,music,music,0h77yfaXxrLMLz31uNDigN,What Baking Can Do,,0.6139909029006958,2,,base,music|0h77yfaXxrLMLz31uNDigN|A sunlit cafe,x,0.0
A1_EN,atmosphere,1,en,A sunlit cafe,music,music,5Bw7Nf4mJAOQMtb2Ir9uJX,Everybody Eats When They Come To My House,,0.59971022605896,3,,base,music|5Bw7Nf4mJAOQMtb2Ir9uJX|A sunlit cafe,x,0.0
A1_EN,atmosphere,1,en,A sunlit cafe,music,music,0jQqdVb8wy0cQB3hIZw9Lz,Sunday Morning Coming Down,,0.5819371938705444,4,,base,music|0jQqdVb8wy0cQB3hIZw9Lz|A sunlit cafe,a,1.0
A1_EN,atmosphere,1,en,A sunlit cafe,music,music,2Xdc6qyaFBJZ8QW1KhpVci,Soul Kitchen,,0.5788719654083252,5,,base,music|2Xdc6qyaFBJZ8QW1KhpVci|A sunlit cafe,x,0.0
A1_EN,atmosphere,1,en,A sunlit cafe,music,music,0Blojh3eznTkOiIJSDKb6W,Opening Up,,0.5675551891326904,6,,base,music|0Blojh3eznTkOiIJSDKb6W|A sunlit cafe,x,0.0
A1_EN,atmosphere,1,en,A sunlit cafe,music,music,3qLhJr9raF4MeprdawyZqg,"Hey Brother, Pour The Wine",,0.5558552145957947,7,,base,music|3qLhJr9raF4MeprdawyZqg|A sunlit cafe,a,1.0
A1_EN,atmosphere,1,en,A sunlit cafe,music,music,74OLeDsyhWDNZgoAjIIw9I,Life Less Ordinary,,0.5522364974021912,8,,base,music|74OLeDsyhWDNZgoAjIIw9I|A sunlit cafe,a,1.0
A1_EN,atmosphere,1,en,A sunlit cafe,music,music,7CBrUf50mf2IqcRZla38by,She Used to Be Mine,,0.5474836826324463,9,,base,music|7CBrUf50mf2IqcRZla38by|A sunlit cafe,x,0.0
A1_EN,atmosphere,1,en,A sunlit cafe,music,music,7aNsPkxjfpxr6LM2Mg5sQr,This Everyday Love,,0.5464891791343689,10,,base,music|7aNsPkxjfpxr6LM2Mg5sQr|A sunlit cafe,a,1.0
A1_EN,atmosphere,1,en,A sunlit cafe,book,book,bx_0312046448,A Proper Breakfast,,0.7390409111976624,1,,base,book|bx_0312046448|A sunlit cafe,x,0.0
A1_EN,atmosphere,1,en,A sunlit cafe,book,book,gr_3300607-ottolenghi,Ottolenghi: The Cookbook,,0.7120112180709839,2,,base,book|gr_3300607-ottolenghi|A sunlit cafe,a,1.0
A1_EN,atmosphere,1,en,A sunlit cafe,book,book,gr_12881550-a-it-lia-de-jamie,A Itália de Jamie,,0.6923955678939819,3,,base,book|gr_12881550-a-it-lia-de-jamie|A sunlit cafe,a,1.0
A1_EN,atmosphere,1,en,A sunlit cafe,book,book,gr_32283424-the-little-french-bistro,The Little French Bistro,,0.6872456073760986,4,,base,book|gr_32283424-the-little-french-bistro|A sunlit cafe,a,1.0
A1_EN,atmosphere,1,en,A sunlit cafe,book,book,kdl_B0BR4ZRNGV,Diner: Day for Night [A Cookbook],,0.6864216327667236,5,,base,book|kdl_B0BR4ZRNGV|A sunlit cafe,a,1.0
A1_EN,atmosphere,1,en,A sunlit cafe,book,book,kdl_B01AES6ZMY,Poole's: Recipes and Stories from a Modern Diner [A Cookbook],,0.6704291105270386,6,,base,book|kdl_B01AES6ZMY|A sunlit cafe,x,0.0
A1_EN,atmosphere,1,en,A sunlit cafe,book,book,gr_29894572-s-dyllinen-ainesosa,Säädyllinen ainesosa,,0.654511570930481,7,,base,book|gr_29894572-s-dyllinen-ainesosa|A sunlit cafe,x,0.0
A1_EN,atmosphere,1,en,A sunlit cafe,book,book,kdl_B06X6FFKM4,L'Appart: The Delights and Disasters of Making My Paris Home,,0.6479557156562805,8,,base,book|kdl_B06X6FFKM4|A sunlit cafe,a,1.0
A1_EN,atmosphere,1,en,A sunlit cafe,book,book,kdl_B00N6PFDNK,"Fika: The Art of The Swedish Coffee Break, with Recipes for Pastries, Breads, and Other Treats [A Baking Book]",,0.6459149718284607,9,,base,book|kdl_B00N6PFDNK|A sunlit cafe,a,1.0
A1_EN,atmosphere,1,en,A sunlit cafe,book,book,kdl_B00CVS2L06,The Gramercy Tavern Cookbook,,0.6450037360191345,10,,base,book|kdl_B00CVS2L06|A sunlit cafe,a,1.0
A1_EN,atmosphere,1,en,A sunlit cafe,all,book,bx_0312046448,A Proper Breakfast,,0.7390409111976624,1,,base,book|bx_0312046448|A sunlit cafe,x,0.0
A1_EN,atmosphere,1,en,A sunlit cafe,all,book,gr_3300607-ottolenghi,Ottolenghi: The Cookbook,,0.7120112180709839,2,,base,book|gr_3300607-ottolenghi|A sunlit cafe,a,1.0
A1_EN,atmosphere,1,en,A sunlit cafe,all,book,gr_12881550-a-it-lia-de-jamie,A Itália de Jamie,,0.6923955678939819,3,,base,book|gr_12881550-a-it-lia-de-jamie|A sunlit cafe,a,1.0
A1_EN,atmosphere,1,en,A sunlit cafe,all,book,gr_32283424-the-little-french-bistro,The Little French Bistro,,0.6872456073760986,4,,base,book|gr_32283424-the-little-french-bistro|A sunlit cafe,a,1.0
A1_EN,atmosphere,1,en,A sunlit cafe,all,book,kdl_B0BR4ZRNGV,Diner: Day for Night [A Cookbook],,0.6864216327667236,5,,base,book|kdl_B0BR4ZRNGV|A sunlit cafe,a,1.0
A1_EN,atmosphere,1,en,A sunlit cafe,all,book,kdl_B01AES6ZMY,Poole's: Recipes and Stories from a Modern Diner [A Cookbook],,0.6704291105270386,6,,base,book|kdl_B01AES6ZMY|A sunlit cafe,x,0.0
A1_EN,atmosphere,1,en,A sunlit cafe,all,book,gr_29894572-s-dyllinen-ainesosa,Säädyllinen ainesosa,,0.654511570930481,7,,base,book|gr_29894572-s-dyllinen-ainesosa|A sunlit cafe,x,0.0
A1_EN,atmosphere,1,en,A sunlit cafe,all,book,kdl_B06X6FFKM4,L'Appart: The Delights and Disasters of Making My Paris Home,,0.6479557156562805,8,,base,book|kdl_B06X6FFKM4|A sunlit cafe,a,1.0
A1_EN,atmosphere,1,en,A sunlit cafe,all,book,kdl_B00N6PFDNK,"Fika: The Art of The Swedish Coffee Break, with Recipes for Pastries, Breads, and Other Treats [A Baking Book]",,0.6459149718284607,9,,base,book|kdl_B00N6PFDNK|A sunlit cafe,a,1.0
A1_EN,atmosphere,1,en,A sunlit cafe,all,book,kdl_B00CVS2L06,The Gramercy Tavern Cookbook,,0.6450037360191345,10,,base,book|kdl_B00CVS2L06|A sunlit cafe,a,1.0
A2_EN,atmosphere,2,en,A quiet afternoon with the sound of rain,movie,movie,3104818,"Like Sunday, Like Rain (2014)",,0.5806745290756226,1,,base,movie|3104818|A quiet afternoon with the sound of rain,a,1.0
A2_EN,atmosphere,2,en,A quiet afternoon with the sound of rain,movie,movie,284277,Lundi matin (2002),,0.5673033595085144,2,,base,movie|284277|A quiet afternoon with the sound of rain,a,1.0
A2_EN,atmosphere,2,en,A quiet afternoon with the sound of rain,movie,movie,1867566,Kitsutsuki to ame (2011),,0.5585417747497559,3,,base,movie|1867566|A quiet afternoon with the sound of rain,a,1.0
A2_EN,atmosphere,2,en,A quiet afternoon with the sound of rain,movie,movie,2016955,Nuit #1 (2011),,0.544127345085144,4,,base,movie|2016955|A quiet afternoon with the sound of rain,a,1.0
A2_EN,atmosphere,2,en,A quiet afternoon with the sound of rain,movie,movie,1314291,Oto-na-ri (2009),,0.5385371446609497,5,,base,movie|1314291|A quiet afternoon with the sound of rain,a,1.0
A2_EN,atmosphere,2,en,A quiet afternoon with the sound of rain,movie,movie,1065332,Parlez-moi de la pluie (2008),,0.5279796123504639,6,,base,movie|1065332|A quiet afternoon with the sound of rain,a,1.0
A2_EN,atmosphere,2,en,A quiet afternoon with the sound of rain,movie,movie,4851630,Maheshinte Prathikaaram (2016),,0.5179680585861206,7,,base,movie|4851630|A quiet afternoon with the sound of rain,x,0.0
A2_EN,atmosphere,2,en,A quiet afternoon with the sound of rain,movie,movie,3732252,Ja-yu-eui eon-deok (2014),,0.5017772912979126,8,,base,movie|3732252|A quiet afternoon with the sound of rain,a,1.0
A2_EN,atmosphere,2,en,A quiet afternoon with the sound of rain,movie,movie,96283,My Neighbor Totoro (1988),,0.4940446019172668,9,,base,movie|96283|A quiet afternoon with the sound of rain,a,1.0
A2_EN,atmosphere,2,en,A quiet afternoon with the sound of rain,movie,movie,1194615,Rain (2008),,0.4770428538322449,10,,base,movie|1194615|A quiet afternoon with the sound of rain,o,2.0
A2_EN,atmosphere,2,en,A quiet afternoon with the sound of rain,music,music,54uWRU1WbxnoduCVW2MTSa,"Quiet Rain(Loopable,No fade)",,0.7409628629684448,1,,base,music|54uWRU1WbxnoduCVW2MTSa|A quiet afternoon with the sound of rain,o,2.0
A2_EN,atmosphere,2,en,A quiet afternoon with the sound of rain,music,music,0GJMLR5EzMRcHqSZkGQI7R,"Soothing Rain(Loopable,No fade)",,0.7049922943115234,2,,base,music|0GJMLR5EzMRcHqSZkGQI7R|A quiet afternoon with the sound of rain,o,2.0
A2_EN,atmosphere,2,en,A quiet afternoon with the sound of rain,music,music,7lakKIL70bIDxfj2umABVS,Rain Storm,,0.6790974140167236,3,,base,music|7lakKIL70bIDxfj2umABVS|A quiet afternoon with the sound of rain,x,0.0
A2_EN,atmosphere,2,en,A quiet afternoon with the sound of rain,music,music,5fx09bPIoEiVlEpn3sc2SY,Autumn Rain,,0.6692832112312317,4,,base,music|5fx09bPIoEiVlEpn3sc2SY|A quiet afternoon with the sound of rain,o,2.0
A2_EN,atmosphere,2,en,A quiet afternoon with the sound of rain,music,music,7qd8HUQEoRTLbV4wd1CXRD,Rain With Distant Thunderstorm,,0.6471250057220459,5,,base,music|7qd8HUQEoRTLbV4wd1CXRD|A quiet afternoon with the sound of rain,a,1.0
A2_EN,atmosphere,2,en,A quiet afternoon with the sound of rain,music,music,3OhZdTcwr8eho3iol2YqMy,Rain Sounds,,0.645581841468811,6,,base,music|3OhZdTcwr8eho3iol2YqMy|A quiet afternoon with the sound of rain,o,2.0
A2_EN,atmosphere,2,en,A quiet afternoon with the sound of rain,music,music,7mil5nzqrkyw0Wl5QYzGu1,Rainfall,,0.6444770097732544,7,,base,music|7mil5nzqrkyw0Wl5QYzGu1|A quiet afternoon with the sound of rain,o,2.0
A2_EN,atmosphere,2,en,A quiet afternoon with the sound of rain,music,music,2jzY8CgqFHRUsYKvx2S41Q,"Gentle Rain, Rain Sound Meditation",,0.6427134275436401,8,,base,music|2jzY8CgqFHRUsYKvx2S41Q|A quiet afternoon with the sound of rain,o,2.0
A2_EN,atmosphere,2,en,A quiet afternoon with the sound of rain,music,music,6IZIEhCq9crPjl2jGUvELS,Save It For A Rainy Day,,0.6408427357673645,9,,base,music|6IZIEhCq9crPjl2jGUvELS|A quiet afternoon with the sound of rain,a,1.0
A2_EN,atmosphere,2,en,A quiet afternoon with the sound of rain,music,music,0uiqxkLv8bprabEd6OWnet,Lluvia,,0.6406065225601196,10,,base,music|0uiqxkLv8bprabEd6OWnet|A quiet afternoon with the sound of rain,o,2.0
A2_EN,atmosphere,2,en,A quiet afternoon with the sound of rain,book,book,bx_0307116824,Just a Rainy Day (Golden Little Look-Look Book),,0.6404291391372681,1,,base,book|bx_0307116824|A quiet afternoon with the sound of rain,a,1.0
A2_EN,atmosphere,2,en,A quiet afternoon with the sound of rain,book,book,gr_120405.Fowl_Weather,Fowl Weather,,0.5649749040603638,2,,base,book|gr_120405.Fowl_Weather|A quiet afternoon with the sound of rain,a,1.0
A2_EN,atmosphere,2,en,A quiet afternoon with the sound of rain,book,book,gr_23411600-simply-tuesday,Simply Tuesday: Small-Moment Living in a Fast-Moving World,,0.5404949188232422,3,,base,book|gr_23411600-simply-tuesday|A quiet afternoon with the sound of rain,a,1.0
A2_EN,atmosphere,2,en,A quiet afternoon with the sound of rain,book,book,bx_3526417857,Rain Man. Penguin Readers Level 3 (engl.),,0.5333153605461121,4,,base,book|bx_3526417857|A quiet afternoon with the sound of rain,x,0.0
A2_EN,atmosphere,2,en,A quiet afternoon with the sound of rain,book,book,bx_0307121259,I Am a Bunny (Golden Sturdy Book),,0.5209572315216064,5,,base,book|bx_0307121259|A quiet afternoon with the sound of rain,x,0.0
A2_EN,atmosphere,2,en,A quiet afternoon with the sound of rain,book,book,bx_0590331256,"Come On, Rain!",,0.5191423296928406,6,,base,book|bx_0590331256|A quiet afternoon with the sound of rain,a,1.0
A2_EN,atmosphere,2,en,A quiet afternoon with the sound of rain,book,book,gr_20567918-mini-habits,"Mini Habits: Smaller Habits, Bigger Results",,0.5117148756980896,7,,base,book|gr_20567918-mini-habits|A quiet afternoon with the sound of rain,x,0.0
A2_EN,atmosphere,2,en,A quiet afternoon with the sound of rain,book,book,gr_18308787-after-rain,After Rain,,0.5096077919006348,8,,base,book|gr_18308787-after-rain|A quiet afternoon with the sound of rain,a,1.0
A2_EN,atmosphere,2,en,A quiet afternoon with the sound of rain,book,book,bx_082340952X,Weather Words and What They Mean,,0.509149968624115,9,,base,book|bx_082340952X|A quiet afternoon with the sound of rain,a,1.0
A2_EN,atmosphere,2,en,A quiet afternoon with the sound of rain,book,book,gr_41386643-shouting-at-the-rain,Shouting at the Rain,,0.5060231685638428,10,,base,book|gr_41386643-shouting-at-the-rain|A quiet afternoon with the sound of rain,x,0.0
A2_EN,atmosphere,2,en,A quiet afternoon with the sound of rain,all,music,54uWRU1WbxnoduCVW2MTSa,"Quiet Rain(Loopable,No fade)",,0.7409628629684448,1,,base,music|54uWRU1WbxnoduCVW2MTSa|A quiet afternoon with the sound of rain,o,2.0
A2_EN,atmosphere,2,en,A quiet afternoon with the sound of rain,all,music,0GJMLR5EzMRcHqSZkGQI7R,"Soothing Rain(Loopable,No fade)",,0.7049922943115234,2,,base,music|0GJMLR5EzMRcHqSZkGQI7R|A quiet afternoon with the sound of rain,o,2.0
A2_EN,atmosphere,2,en,A quiet afternoon with the sound of rain,all,music,7lakKIL70bIDxfj2umABVS,Rain Storm,,0.6790974140167236,3,,base,music|7lakKIL70bIDxfj2umABVS|A quiet afternoon with the sound of rain,x,0.0
A2_EN,atmosphere,2,en,A quiet afternoon with the sound of rain,all,music,5fx09bPIoEiVlEpn3sc2SY,Autumn Rain,,0.6692832112312317,4,,base,music|5fx09bPIoEiVlEpn3sc2SY|A quiet afternoon with the sound of rain,o,2.0
A2_EN,atmosphere,2,en,A quiet afternoon with the sound of rain,all,music,7qd8HUQEoRTLbV4wd1CXRD,Rain With Distant Thunderstorm,,0.6471250057220459,5,,base,music|7qd8HUQEoRTLbV4wd1CXRD|A quiet afternoon with the sound of rain,a,1.0
A2_EN,atmosphere,2,en,A quiet afternoon with the sound of rain,all,music,3OhZdTcwr8eho3iol2YqMy,Rain Sounds,,0.645581841468811,6,,base,music|3OhZdTcwr8eho3iol2YqMy|A quiet afternoon with the sound of rain,o,2.0
A2_EN,atmosphere,2,en,A quiet afternoon with the sound of rain,all,music,7mil5nzqrkyw0Wl5QYzGu1,Rainfall,,0.6444770097732544,7,,base,music|7mil5nzqrkyw0Wl5QYzGu1|A quiet afternoon with the sound of rain,o,2.0
A2_EN,atmosphere,2,en,A quiet afternoon with the sound of rain,all,music,2jzY8CgqFHRUsYKvx2S41Q,"Gentle Rain, Rain Sound Meditation",,0.6427134275436401,8,,base,music|2jzY8CgqFHRUsYKvx2S41Q|A quiet afternoon with the sound of rain,o,2.0
A2_EN,atmosphere,2,en,A quiet afternoon with the sound of rain,all,music,6IZIEhCq9crPjl2jGUvELS,Save It For A Rainy Day,,0.6408427357673645,9,,base,music|6IZIEhCq9crPjl2jGUvELS|A quiet afternoon with the sound of rain,a,1.0
A2_EN,atmosphere,2,en,A quiet afternoon with the sound of rain,all,music,0uiqxkLv8bprabEd6OWnet,Lluvia,,0.6406065225601196,10,,base,music|0uiqxkLv8bprabEd6OWnet|A quiet afternoon with the sound of rain,o,2.0
A3_EN,atmosphere,3,en,In front of a warm fireplace in midwinter,movie,movie,23215,Mickey's Good Deed (1932),,0.6169101595878601,1,,base,movie|23215|In front of a warm fireplace in midwinter,a,1.0
A3_EN,atmosphere,3,en,In front of a warm fireplace in midwinter,movie,movie,1322287,A Colbert Christmas: The Greatest Gift of All! (2008),,0.6121670603752136,2,,base,movie|1322287|In front of a warm fireplace in midwinter,a,1.0
A3_EN,atmosphere,3,en,In front of a warm fireplace in midwinter,movie,movie,4537842,A Very Murray Christmas (2015),,0.5975924134254456,3,,base,movie|4537842|In front of a warm fireplace in midwinter,a,1.0
A3_EN,atmosphere,3,en,In front of a warm fireplace in midwinter,movie,movie,696462,Tom and Jerry,,0.5960839986801147,4,,base,movie|696462|In front of a warm fireplace in midwinter,x,0.0
A3_EN,atmosphere,3,en,In front of a warm fireplace in midwinter,movie,movie,104534,"It's Christmastime Again, Charlie Brown (1992)",,0.588690996170044,5,,base,movie|104534|In front of a warm fireplace in midwinter,a,1.0
A3_EN,atmosphere,3,en,In front of a warm fireplace in midwinter,movie,movie,950740,A Grandpa for Christmas (2007),,0.5765872597694397,6,,base,movie|950740|In front of a warm fireplace in midwinter,a,1.0
A3_EN,atmosphere,3,en,In front of a warm fireplace in midwinter,movie,movie,2331880,The Fitzgerald Family Christmas (2012),,0.5683106184005737,7,,base,movie|2331880|In front of a warm fireplace in midwinter,o,2.0
A3_EN,atmosphere,3,en,In front of a warm fireplace in midwinter,movie,movie,2994382,Window Wonderland (2013),,0.5637065768241882,8,,base,movie|2994382|In front of a warm fireplace in midwinter,a,1.0
A3_EN,atmosphere,3,en,In front of a warm fireplace in midwinter,movie,movie,123179,Mister Magoo's Christmas Carol (1962),,0.5617266893386841,9,,base,movie|123179|In front of a warm fireplace in midwinter,a,1.0
A3_EN,atmosphere,3,en,In front of a warm fireplace in midwinter,movie,movie,5210078,On the Twelfth Day of Christmas (2015),,0.5580757856369019,10,,base,movie|5210078|In front of a warm fireplace in midwinter,a,1.0
A3_EN,atmosphere,3,en,In front of a warm fireplace in midwinter,music,music,07RmHXaYqBdUyfAESPZkRO,Sleigh Ride,,0.6391342282295227,1,,base,music|07RmHXaYqBdUyfAESPZkRO|In front of a warm fireplace in midwinter,a,1.0
A3_EN,atmosphere,3,en,In front of a warm fireplace in midwinter,music,music,4syRWjlQqS2FokBP34KSzz,The Gift (feat. Collin Raye & Susan Ashton),,0.6338736414909363,2,,base,music|4syRWjlQqS2FokBP34KSzz|In front of a warm fireplace in midwinter,a,1.0
A3_EN,atmosphere,3,en,In front of a warm fireplace in midwinter,music,music,4PS1e8f2LvuTFgUs1Cn3ON,The Christmas Song (Merry Christmas To You),,0.6305007338523865,3,,base,music|4PS1e8f2LvuTFgUs1Cn3ON|In front of a warm fireplace in midwinter,a,1.0
A3_EN,atmosphere,3,en,In front of a warm fireplace in midwinter,music,music,4uQqahi1iUP35xE2qGdKdo,"Baby, It's Cold Outside - Remastered",,0.6123255491256714,4,,base,music|4uQqahi1iUP35xE2qGdKdo|In front of a warm fireplace in midwinter,a,1.0
A3_EN,atmosphere,3,en,In front of a warm fireplace in midwinter,music,music,38xhBO2AKrJnjdjVnhJES6,This Christmas,,0.6049436330795288,5,,base,music|38xhBO2AKrJnjdjVnhJES6|In front of a warm fireplace in midwinter,a,1.0
A3_EN,atmosphere,3,en,In front of a warm fireplace in midwinter,music,music,2uFaJJtFpPDc5Pa95XzTvg,Let It Snow! Let It Snow! Let It Snow!,,0.5996208786964417,6,,base,music|2uFaJJtFpPDc5Pa95XzTvg|In front of a warm fireplace in midwinter,o,2.0
A3_EN,atmosphere,3,en,In front of a warm fireplace in midwinter,music,music,53cumdNGYE6NFmGL0zHvx7,Mistletoe And Holly,,0.5995739102363586,7,,base,music|53cumdNGYE6NFmGL0zHvx7|In front of a warm fireplace in midwinter,a,1.0
A3_EN,atmosphere,3,en,In front of a warm fireplace in midwinter,music,music,6XzpeMXDvLC86GvAfnUsIA,A Holly Jolly Christmas - Single Version,,0.5973039269447327,8,,base,music|6XzpeMXDvLC86GvAfnUsIA|In front of a warm fireplace in midwinter,a,1.0
A3_EN,atmosphere,3,en,In front of a warm fireplace in midwinter,music,music,2FRnf9qhLbvw8fu4IBXx78,Last Christmas,,0.5961915850639343,9,,base,music|2FRnf9qhLbvw8fu4IBXx78|In front of a warm fireplace in midwinter,a,1.0
A3_EN,atmosphere,3,en,In front of a warm fireplace in midwinter,music,music,1OyNY4fiLDhopwm6oj6OmB,I Don't Know How To Love,,0.5879477262496948,10,,base,music|1OyNY4fiLDhopwm6oj6OmB|In front of a warm fireplace in midwinter,x,0.0
A3_EN,atmosphere,3,en,In front of a warm fireplace in midwinter,book,book,gr_3268926-the-christmas-sweater,The Christmas Sweater,,0.6921914219856262,1,,base,book|gr_3268926-the-christmas-sweater|In front of a warm fireplace in midwinter,a,1.0
A3_EN,atmosphere,3,en,In front of a warm fireplace in midwinter,book,book,bx_0571177468,Aunt Margaret's Lover,,0.634931206703186,2,,base,book|bx_0571177468|In front of a warm fireplace in midwinter,x,0.0
A3_EN,atmosphere,3,en,In front of a warm fireplace in midwinter,book,book,bx_0373483317,"Jingle Bells, Wedding Bells",,0.6324584484100342,3,,base,book|bx_0373483317|In front of a warm fireplace in midwinter,x,0.0
A3_EN,atmosphere,3,en,In front of a warm fireplace in midwinter,book,book,bx_0440223571,This Year It Will Be Different: And Other Stories,,0.6245606541633606,4,,base,book|bx_0440223571|In front of a warm fireplace in midwinter,a,1.0
A3_EN,atmosphere,3,en,In front of a warm fireplace in midwinter,book,book,gr_2889121-grace,Grace,,0.6143853068351746,5,,base,book|gr_2889121-grace|In front of a warm fireplace in midwinter,a,1.0
A3_EN,atmosphere,3,en,In front of a warm fireplace in midwinter,book,book,bx_0373151861,Christmas Memories,,0.614322304725647,6,,base,book|bx_0373151861|In front of a warm fireplace in midwinter,a,1.0
A3_EN,atmosphere,3,en,In front of a warm fireplace in midwinter,book,book,gr_13153963-a-wreath-of-snow,A Wreath of Snow,,0.6089974641799927,7,,base,book|gr_13153963-a-wreath-of-snow|In front of a warm fireplace in midwinter,a,1.0
A3_EN,atmosphere,3,en,In front of a warm fireplace in midwinter,book,book,kdl_B08VFC3PPR,An Unexpected Amish Christmas (Surprised by Love Book 3),,0.6067326664924622,8,,base,book|kdl_B08VFC3PPR|In front of a warm fireplace in midwinter,a,1.0
A3_EN,atmosphere,3,en,In front of a warm fireplace in midwinter,book,book,bx_1858137942,The Little Match Girl (Mini Classics),,0.6052523255348206,9,,base,book|bx_1858137942|In front of a warm fireplace in midwinter,a,1.0
A3_EN,atmosphere,3,en,In front of a warm fireplace in midwinter,book,book,bx_0156028530,Maigret's Christmas,,0.6042932271957397,10,,base,book|bx_0156028530|In front of a warm fireplace in midwinter,a,1.0
A3_EN,atmosphere,3,en,In front of a warm fireplace in midwinter,all,book,gr_3268926-the-christmas-sweater,The Christmas Sweater,,0.6921914219856262,1,,base,book|gr_3268926-the-christmas-sweater|In front of a warm fireplace in midwinter,a,1.0
A3_EN,atmosphere,3,en,In front of a warm fireplace in midwinter,all,music,07RmHXaYqBdUyfAESPZkRO,Sleigh Ride,,0.6391342282295227,2,,base,music|07RmHXaYqBdUyfAESPZkRO|In front of a warm fireplace in midwinter,a,1.0
A3_EN,atmosphere,3,en,In front of a warm fireplace in midwinter,all,book,bx_0571177468,Aunt Margaret's Lover,,0.634931206703186,3,,base,book|bx_0571177468|In front of a warm fireplace in midwinter,x,0.0
A3_EN,atmosphere,3,en,In front of a warm fireplace in midwinter,all,music,4syRWjlQqS2FokBP34KSzz,The Gift (feat. Collin Raye & Susan Ashton),,0.6338736414909363,4,,base,music|4syRWjlQqS2FokBP34KSzz|In front of a warm fireplace in midwinter,a,1.0
A3_EN,atmosphere,3,en,In front of a warm fireplace in midwinter,all,book,bx_0373483317,"Jingle Bells, Wedding Bells",,0.6324584484100342,5,,base,book|bx_0373483317|In front of a warm fireplace in midwinter,x,0.0
A3_EN,atmosphere,3,en,In front of a warm fireplace in midwinter,all,music,4PS1e8f2LvuTFgUs1Cn3ON,The Christmas Song (Merry Christmas To You),,0.6305007338523865,6,,base,music|4PS1e8f2LvuTFgUs1Cn3ON|In front of a warm fireplace in midwinter,a,1.0
A3_EN,atmosphere,3,en,In front of a warm fireplace in midwinter,all,book,bx_0440223571,This Year It Will Be Different: And Other Stories,,0.6245606541633606,7,,base,book|bx_0440223571|In front of a warm fireplace in midwinter,a,1.0
A3_EN,atmosphere,3,en,In front of a warm fireplace in midwinter,all,movie,23215,Mickey's Good Deed (1932),,0.6169101595878601,8,,base,movie|23215|In front of a warm fireplace in midwinter,a,1.0
A3_EN,atmosphere,3,en,In front of a warm fireplace in midwinter,all,book,gr_2889121-grace,Grace,,0.6143853068351746,9,,base,book|gr_2889121-grace|In front of a warm fireplace in midwinter,a,1.0
A3_EN,atmosphere,3,en,In front of a warm fireplace in midwinter,all,book,bx_0373151861,Christmas Memories,,0.614322304725647,10,,base,book|bx_0373151861|In front of a warm fireplace in midwinter,a,1.0
A4_EN,atmosphere,4,en,Empty city streets at dawn,movie,movie,1922561,The Day He Arrives (2011),,0.6046503782272339,1,,base,movie|1922561|Empty city streets at dawn,a,1.0
A4_EN,atmosphere,4,en,Empty city streets at dawn,movie,movie,125877,Low Life (1994),,0.6014304161071777,2,,base,movie|125877|Empty city streets at dawn,a,1.0
A4_EN,atmosphere,4,en,Empty city streets at dawn,movie,movie,1543701,Quchis dgeebi (2010),,0.5998013019561768,3,,base,movie|1543701|Empty city streets at dawn,x,0.0
A4_EN,atmosphere,4,en,Empty city streets at dawn,movie,movie,464105,Man Push Cart (2005),,0.5976331233978271,4,,base,movie|464105|Empty city streets at dawn,a,1.0
A4_EN,atmosphere,4,en,Empty city streets at dawn,movie,movie,3505712,Time Out of Mind (2014),,0.595022976398468,5,,base,movie|3505712|Empty city streets at dawn,a,1.0
A4_EN,atmosphere,4,en,Empty city streets at dawn,movie,movie,3096440,Im Schmerz geboren,,0.5810046195983887,6,,base,movie|3096440|Empty city streets at dawn,a,1.0
A4_EN,atmosphere,4,en,Empty city streets at dawn,movie,movie,4342172,Hymyjen maa (2015),,0.5602990388870239,7,,base,movie|4342172|Empty city streets at dawn,x,0.0
A4_EN,atmosphere,4,en,Empty city streets at dawn,movie,movie,107922,Rapado (1992),,0.5552593469619751,8,,base,movie|107922|Empty city streets at dawn,a,1.0
A4_EN,atmosphere,4,en,Empty city streets at dawn,movie,movie,52990,The Last Angry Man (1959),,0.5529451370239258,9,,base,movie|52990|Empty city streets at dawn,x,0.0
A4_EN,atmosphere,4,en,Empty city streets at dawn,movie,movie,1921179,Zero (2012),,0.5504453182220459,10,,base,movie|1921179|Empty city streets at dawn,a,1.0
A4_EN,atmosphere,4,en,Empty city streets at dawn,music,music,6Ubz7S4IFSWVxlkMiRyMIK,Motorcycle Emptiness,,0.6250467300415039,1,,base,music|6Ubz7S4IFSWVxlkMiRyMIK|Empty city streets at dawn,a,1.0
A4_EN,atmosphere,4,en,Empty city streets at dawn,music,music,0hKRSZhUGEhKU6aNSPBACZ,A Day In The Life - Remastered 2009,,0.6054074764251709,2,,base,music|0hKRSZhUGEhKU6aNSPBACZ|Empty city streets at dawn,a,1.0
A4_EN,atmosphere,4,en,Empty city streets at dawn,music,music,4nnJRbVecvQwqf3OQP4mja,These Days,,0.5848232507705688,3,,base,music|4nnJRbVecvQwqf3OQP4mja|Empty city streets at dawn,a,1.0
A4_EN,atmosphere,4,en,Empty city streets at dawn,music,music,7ppPZa3TRUSGKaks9wH7VT,Don't Look Back In Anger,,0.5791267156600952,4,,base,music|7ppPZa3TRUSGKaks9wH7VT|Empty city streets at dawn,x,0.0
A4_EN,atmosphere,4,en,Empty city streets at dawn,music,music,0R8BZU49NtJrUn5K3Q8eyM,"In The City - Live On MTV, 1994",,0.5613692402839661,5,,base,music|0R8BZU49NtJrUn5K3Q8eyM|Empty city streets at dawn,a,1.0
A4_EN,atmosphere,4,en,Empty city streets at dawn,music,music,1k2jYPMAJH5MQABhIY81cR,The Swamp Song - Version 1,,0.5593346357345581,6,,base,music|1k2jYPMAJH5MQABhIY81cR|Empty city streets at dawn,a,1.0
A4_EN,atmosphere,4,en,Empty city streets at dawn,music,music,3O1hpSOaJDW4SelgUG2XT3,Love Sick,,0.5581499338150024,7,,base,music|3O1hpSOaJDW4SelgUG2XT3|Empty city streets at dawn,a,1.0
A4_EN,atmosphere,4,en,Empty city streets at dawn,music,music,2ZnsnOk8bEM6LIUUUpWgDV,All the Madmen - 2015 Remaster,,0.5540748238563538,8,,base,music|2ZnsnOk8bEM6LIUUUpWgDV|Empty city streets at dawn,a,1.0
A4_EN,atmosphere,4,en,Empty city streets at dawn,music,music,2LXPIpt45CJ2dorhMNCE0F,Eight Miles High,,0.552038311958313,9,,base,music|2LXPIpt45CJ2dorhMNCE0F|Empty city streets at dawn,a,1.0
A4_EN,atmosphere,4,en,Empty city streets at dawn,music,music,63wqgs60gUQgdYnkTjYtby,Sugar Mice - 1999 Remaster,,0.5501449108123779,10,,base,music|63wqgs60gUQgdYnkTjYtby|Empty city streets at dawn,x,0.0
A4_EN,atmosphere,4,en,Empty city streets at dawn,book,book,bx_014004311X,Seize the Day,,0.6526044607162476,1,,base,book|bx_014004311X|Empty city streets at dawn,x,0.0
A4_EN,atmosphere,4,en,Empty city streets at dawn,book,book,gr_40409718-post-office,Post Office,,0.6096797585487366,2,,base,book|gr_40409718-post-office|Empty city streets at dawn,a,1.0
A4_EN,atmosphere,4,en,Empty city streets at dawn,book,book,bx_0531001725,The Catcher in the Rye,,0.5726805925369263,3,,base,book|bx_0531001725|Empty city streets at dawn,x,0.0
A4_EN,atmosphere,4,en,Empty city streets at dawn,book,book,gr_7429046-min-kamp-2,Min kamp 2,,0.5601604580879211,4,,base,book|gr_7429046-min-kamp-2|Empty city streets at dawn,x,0.0
A4_EN,atmosphere,4,en,Empty city streets at dawn,book,book,gr_168350.In_Dreams_Begin_Responsibilities_and_Other_Stories,In Dreams Begin Responsibilities and Other Stories,,0.5447605848312378,5,,base,book|gr_168350.In_Dreams_Begin_Responsibilities_and_Other_Stories|Empty city streets at dawn,x,0.0
A4_EN,atmosphere,4,en,Empty city streets at dawn,book,book,gr_2895061-miles-from-nowhere,Miles from Nowhere,,0.5430328249931335,6,,base,book|gr_2895061-miles-from-nowhere|Empty city streets at dawn,x,0.0
A4_EN,atmosphere,4,en,Empty city streets at dawn,book,book,gr_89208.How_Late_It_Was_How_Late,"How Late It Was, How Late",,0.5397684574127197,7,,base,book|gr_89208.How_Late_It_Was_How_Late|Empty city streets at dawn,x,0.0
A4_EN,atmosphere,4,en,Empty city streets at dawn,book,book,bx_3100922484,Amerikanische Reise: Roman,,0.5389082431793213,8,,base,book|bx_3100922484|Empty city streets at dawn,a,1.0
A4_EN,atmosphere,4,en,Empty city streets at dawn,book,book,bx_0571144640,Taxi Driver (Faber Film),,0.5370110869407654,9,,base,book|bx_0571144640|Empty city streets at dawn,x,0.0
A4_EN,atmosphere,4,en,Empty city streets at dawn,book,book,bx_0140039643,Fairytale of New York,,0.534590482711792,10,,base,book|bx_0140039643|Empty city streets at dawn,x,0.0
A4_EN,atmosphere,4,en,Empty city streets at dawn,all,book,bx_014004311X,Seize the Day,,0.6526044607162476,1,,base,book|bx_014004311X|Empty city streets at dawn,x,0.0
A4_EN,atmosphere,4,en,Empty city streets at dawn,all,music,6Ubz7S4IFSWVxlkMiRyMIK,Motorcycle Emptiness,,0.6250467300415039,2,,base,music|6Ubz7S4IFSWVxlkMiRyMIK|Empty city streets at dawn,a,1.0
A4_EN,atmosphere,4,en,Empty city streets at dawn,all,book,gr_40409718-post-office,Post Office,,0.6096797585487366,3,,base,book|gr_40409718-post-office|Empty city streets at dawn,a,1.0
A4_EN,atmosphere,4,en,Empty city streets at dawn,all,music,0hKRSZhUGEhKU6aNSPBACZ,A Day In The Life - Remastered 2009,,0.6054074764251709,4,,base,music|0hKRSZhUGEhKU6aNSPBACZ|Empty city streets at dawn,a,1.0
A4_EN,atmosphere,4,en,Empty city streets at dawn,all,movie,1922561,The Day He Arrives (2011),,0.6046503782272339,5,,base,movie|1922561|Empty city streets at dawn,a,1.0
A4_EN,atmosphere,4,en,Empty city streets at dawn,all,movie,125877,Low Life (1994),,0.6014304161071777,6,,base,movie|125877|Empty city streets at dawn,a,1.0
A4_EN,atmosphere,4,en,Empty city streets at dawn,all,movie,1543701,Quchis dgeebi (2010),,0.5998013019561768,7,,base,movie|1543701|Empty city streets at dawn,x,0.0
A4_EN,atmosphere,4,en,Empty city streets at dawn,all,movie,464105,Man Push Cart (2005),,0.5976331233978271,8,,base,movie|464105|Empty city streets at dawn,a,1.0
A4_EN,atmosphere,4,en,Empty city streets at dawn,all,movie,3505712,Time Out of Mind (2014),,0.595022976398468,9,,base,movie|3505712|Empty city streets at dawn,a,1.0
A4_EN,atmosphere,4,en,Empty city streets at dawn,all,music,4nnJRbVecvQwqf3OQP4mja,These Days,,0.5848232507705688,10,,base,music|4nnJRbVecvQwqf3OQP4mja|Empty city streets at dawn,a,1.0
D1_EN,direct,1,en,Action movie set in space,movie,movie,2865120,Ratchet & Clank (2016),,0.6647539138793945,1,,base,movie|2865120|Action movie set in space,o,2.0
D1_EN,direct,1,en,Action movie set in space,movie,movie,3864024,Lazer Team (2015),,0.6523916721343994,2,,base,movie|3864024|Action movie set in space,a,1.0
D1_EN,direct,1,en,Action movie set in space,movie,movie,30138,Flash Gordon's Trip to Mars (1938),,0.6425402164459229,3,,base,movie|30138|Action movie set in space,o,2.0
D1_EN,direct,1,en,Action movie set in space,movie,movie,43380,"Captain Video, Master of the Stratosphere (1951)",,0.6422462463378906,4,,base,movie|43380|Action movie set in space,a,1.0
D1_EN,direct,1,en,Action movie set in space,movie,movie,1278180,Kenny Begins (2009),,0.6384146809577942,5,,base,movie|1278180|Action movie set in space,a,1.0
D1_EN,direct,1,en,Action movie set in space,movie,movie,77278,Buck Rogers in the 25th Century (1979),,0.6340840458869934,6,,base,movie|77278|Action movie set in space,o,2.0
D1_EN,direct,1,en,Action movie set in space,movie,movie,384116,G.O.R.A. (2004),,0.633150041103363,7,,base,movie|384116|Action movie set in space,a,1.0
D1_EN,direct,1,en,Action movie set in space,movie,movie,93405,Leonard Part 6 (1987),,0.6318283081054688,8,,base,movie|93405|Action movie set in space,x,0.0
D1_EN,direct,1,en,Action movie set in space,movie,movie,3892384,Space Cop (2016),,0.6263184547424316,9,,base,movie|3892384|Action movie set in space,o,2.0
D1_EN,direct,1,en,Action movie set in space,movie,movie,32475,Flash Gordon Conquers the Universe (1940),,0.6244766712188721,10,,base,movie|32475|Action movie set in space,o,2.0
D1_EN,direct,1,en,Action movie set in space,music,music,5IWmdl33NNTLsKlLT6WSlh,First Class,,0.5378361940383911,1,,base,music|5IWmdl33NNTLsKlLT6WSlh|Action movie set in space,a,1.0
D1_EN,direct,1,en,Action movie set in space,music,music,2QyGSbGdT9suKuDKwnjwH9,The Touch,,0.5286871790885925,2,,base,music|2QyGSbGdT9suKuDKwnjwH9|Action movie set in space,a,1.0
D1_EN,direct,1,en,Action movie set in space,music,music,5m9czFpeSzeSaw2kA6o9dW,It's Dangerous to Go Alone,,0.5152676105499268,3,,base,music|5m9czFpeSzeSaw2kA6o9dW|Action movie set in space,x,0.0
D1_EN,direct,1,en,Action movie set in space,music,music,0NGVyXhUkqE3MRN6TmSzuG,Enterprising Young Men,,0.4888111352920532,4,,base,music|0NGVyXhUkqE3MRN6TmSzuG|Action movie set in space,x,0.0
D1_EN,direct,1,en,Action movie set in space,music,music,1UPyhGntpIx9jGJ5UVtKVS,Call Me A Spaceman - Radio Edit,,0.482226014137268,5,,base,music|1UPyhGntpIx9jGJ5UVtKVS|Action movie set in space,o,2.0
D1_EN,direct,1,en,Action movie set in space,music,music,45MllV1fJos1Ef6Cd13H2E,Life's Incredible Again,,0.4751698672771454,6,,base,music|45MllV1fJos1Ef6Cd13H2E|Action movie set in space,x,0.0
D1_EN,direct,1,en,Action movie set in space,music,music,21ScRnJyZCD7sioWBAzGML,The Eve of the War (feat. Richard Burton & Justin Hayward),,0.4738924205303192,7,,base,music|21ScRnJyZCD7sioWBAzGML|Action movie set in space,a,1.0
D1_EN,direct,1,en,Action movie set in space,music,music,5FgrPYCCs3pIu5y9LKc9j3,The Transformers (Theme),,0.4730374217033386,8,,base,music|5FgrPYCCs3pIu5y9LKc9j3|Action movie set in space,o,2.0
D1_EN,direct,1,en,Action movie set in space,music,music,1fJTWLZHIAwPdGoBzEYnhp,Supernaut - 2014 Remaster,,0.4660195708274841,9,,base,music|1fJTWLZHIAwPdGoBzEYnhp|Action movie set in space,a,1.0
D1_EN,direct,1,en,Action movie set in space,music,music,1S0DrC9rdjTIo6PjtVWDP1,Best Friend,,0.4608276486396789,10,,base,music|1S0DrC9rdjTIo6PjtVWDP1|Action movie set in space,x,0.0
D1_EN,direct,1,en,Action movie set in space,book,book,kdl_1953713726,Epic Zero 12: Tales of a Cosmic Catastrophe,,0.629847526550293,1,,base,book|kdl_1953713726|Action movie set in space,a,1.0
D1_EN,direct,1,en,Action movie set in space,book,book,bx_0743507037,Spock Vs Q : The Sequel (Alien Voices),,0.6290851831436157,2,,base,book|bx_0743507037|Action movie set in space,x,0.0
D1_EN,direct,1,en,Action movie set in space,book,book,bx_0060011785,Men in Black II: The Movie Novel,,0.614277184009552,3,,base,book|bx_0060011785|Action movie set in space,a,1.0
D1_EN,direct,1,en,Action movie set in space,book,book,gr_14537978-buck-rogers-in-the-25th-century,"Buck Rogers in the 25th Century: The Complete Newspaper Dailies, Vol. 7: 1938-1940",,0.6103774309158325,4,,base,book|gr_14537978-buck-rogers-in-the-25th-century|Action movie set in space,a,1.0
D1_EN,direct,1,en,Action movie set in space,book,book,gr_29479026-buck-rogers,Buck Rogers: 25th Century A.D. FCBD 2013,,0.599885106086731,5,,base,book|gr_29479026-buck-rogers|Action movie set in space,a,1.0
D1_EN,direct,1,en,Action movie set in space,book,book,gr_16206028-buck-rogers-in-the-25th-century,Buck Rogers in the 25th Century: The Western Publishing Years Volume 1,,0.5948737263679504,6,,base,book|gr_16206028-buck-rogers-in-the-25th-century|Action movie set in space,a,1.0
D1_EN,direct,1,en,Action movie set in space,book,book,bx_0884042847,"The Enemy Within (Mission Earth, Vol 3)",,0.59465491771698,7,,base,book|bx_0884042847|Action movie set in space,a,1.0
D1_EN,direct,1,en,Action movie set in space,book,book,bx_0916211258,Guide to the Universe/Eastman and Laird's Teenage Mutant Ninja Turtles,,0.5888124704360962,8,,base,book|bx_0916211258|Action movie set in space,x,0.0
D1_EN,direct,1,en,Action movie set in space,book,book,gr_263111.Dorsai_,Dorsai!,,0.5884613990783691,9,,base,book|gr_263111.Dorsai_|Action movie set in space,a,1.0
D1_EN,direct,1,en,Action movie set in space,book,book,bx_0394837851,Star Wars Storybook: Based on the Film by George Lucas,,0.5850592851638794,10,,base,book|bx_0394837851|Action movie set in space,o,2.0
D1_EN,direct,1,en,Action movie set in space,all,movie,2865120,Ratchet & Clank (2016),,0.6647539138793945,1,,base,movie|2865120|Action movie set in space,o,2.0
D1_EN,direct,1,en,Action movie set in space,all,movie,3864024,Lazer Team (2015),,0.6523916721343994,2,,base,movie|3864024|Action movie set in space,a,1.0
D1_EN,direct,1,en,Action movie set in space,all,movie,30138,Flash Gordon's Trip to Mars (1938),,0.6425402164459229,3,,base,movie|30138|Action movie set in space,o,2.0
D1_EN,direct,1,en,Action movie set in space,all,movie,43380,"Captain Video, Master of the Stratosphere (1951)",,0.6422462463378906,4,,base,movie|43380|Action movie set in space,a,1.0
D1_EN,direct,1,en,Action movie set in space,all,movie,1278180,Kenny Begins (2009),,0.6384146809577942,5,,base,movie|1278180|Action movie set in space,a,1.0
D1_EN,direct,1,en,Action movie set in space,all,movie,77278,Buck Rogers in the 25th Century (1979),,0.6340840458869934,6,,base,movie|77278|Action movie set in space,o,2.0
D1_EN,direct,1,en,Action movie set in space,all,movie,384116,G.O.R.A. (2004),,0.633150041103363,7,,base,movie|384116|Action movie set in space,a,1.0
D1_EN,direct,1,en,Action movie set in space,all,movie,93405,Leonard Part 6 (1987),,0.6318283081054688,8,,base,movie|93405|Action movie set in space,x,0.0
D1_EN,direct,1,en,Action movie set in space,all,book,kdl_1953713726,Epic Zero 12: Tales of a Cosmic Catastrophe,,0.629847526550293,9,,base,book|kdl_1953713726|Action movie set in space,a,1.0
D1_EN,direct,1,en,Action movie set in space,all,book,bx_0743507037,Spock Vs Q : The Sequel (Alien Voices),,0.6290851831436157,10,,base,book|bx_0743507037|Action movie set in space,x,0.0
D2_EN,direct,2,en,Soulful music featuring jazz piano,movie,movie,221300,Jazz,,0.5862202644348145,1,,base,movie|221300|Soulful music featuring jazz piano,a,1.0
D2_EN,direct,2,en,Soulful music featuring jazz piano,movie,movie,52234,St. Louis Blues (1958),,0.5238003134727478,2,,base,movie|52234|Soulful music featuring jazz piano,a,1.0
D2_EN,direct,2,en,Soulful music featuring jazz piano,movie,movie,43053,The Toast of New Orleans (1950),,0.5043634176254272,3,,base,movie|43053|Soulful music featuring jazz piano,a,1.0
D2_EN,direct,2,en,Soulful music featuring jazz piano,movie,movie,1333117,Still Bill (2009),,0.5027453303337097,4,,base,movie|1333117|Soulful music featuring jazz piano,a,1.0
D2_EN,direct,2,en,Soulful music featuring jazz piano,movie,movie,60660,A Man Called Adam (1966),,0.5018450617790222,5,,base,movie|60660|Soulful music featuring jazz piano,a,1.0
D2_EN,direct,2,en,Soulful music featuring jazz piano,movie,movie,100168,Mo' Better Blues (1990),,0.4919392466545105,6,,base,movie|100168|Soulful music featuring jazz piano,a,1.0
D2_EN,direct,2,en,Soulful music featuring jazz piano,movie,movie,88740,Artie Shaw: Time Is All You've Got (1985),,0.4802745580673218,7,,base,movie|88740|Soulful music featuring jazz piano,a,1.0
D2_EN,direct,2,en,Soulful music featuring jazz piano,movie,movie,141986,Wild Man Blues (1997),,0.4729833304882049,8,,base,movie|141986|Soulful music featuring jazz piano,a,1.0
D2_EN,direct,2,en,Soulful music featuring jazz piano,movie,movie,89507,Louie Bluie (1985),,0.4684491157531738,9,,base,movie|89507|Soulful music featuring jazz piano,a,1.0
D2_EN,direct,2,en,Soulful music featuring jazz piano,movie,movie,2674040,Keep on Keepin' On (2014),,0.4641796946525574,10,,base,movie|2674040|Soulful music featuring jazz piano,a,1.0
D2_EN,direct,2,en,Soulful music featuring jazz piano,music,music,3lAEcWkOJQMx4jzFToxvQq,The Total Experience,,0.7132655382156372,1,,base,music|3lAEcWkOJQMx4jzFToxvQq|Soulful music featuring jazz piano,a,1.0
D2_EN,direct,2,en,Soulful music featuring jazz piano,music,music,0YJAz1QqMNrPhJ2vhHupcZ,Begin the Beguine,,0.6955152750015259,2,,base,music|0YJAz1QqMNrPhJ2vhHupcZ|Soulful music featuring jazz piano,a,1.0
D2_EN,direct,2,en,Soulful music featuring jazz piano,music,music,2STqplYkSLD5ovON11dwcB,West End Blues,,0.6673122644424438,3,,base,music|2STqplYkSLD5ovON11dwcB|Soulful music featuring jazz piano,a,1.0
D2_EN,direct,2,en,Soulful music featuring jazz piano,music,music,6OZ210lsvCsoIqjBZcGYvm,Out of Nowhere,,0.6610570549964905,4,,base,music|6OZ210lsvCsoIqjBZcGYvm|Soulful music featuring jazz piano,a,1.0
D2_EN,direct,2,en,Soulful music featuring jazz piano,music,music,6QXoo3gKDFKptr27OSSGmC,Keep That Same Old Feeling,,0.6577045321464539,5,,base,music|6QXoo3gKDFKptr27OSSGmC|Soulful music featuring jazz piano,a,1.0
D2_EN,direct,2,en,Soulful music featuring jazz piano,music,music,4bCU6tEbGHQcEwTC3ny2KY,Take A Look (At Yourself),,0.6503534913063049,6,,base,music|4bCU6tEbGHQcEwTC3ny2KY|Soulful music featuring jazz piano,a,1.0
D2_EN,direct,2,en,Soulful music featuring jazz piano,music,music,67gegBlOgrRPHhfLfb3CEj,Saving All My Love for You,,0.6487833857536316,7,,base,music|67gegBlOgrRPHhfLfb3CEj|Soulful music featuring jazz piano,a,1.0
D2_EN,direct,2,en,Soulful music featuring jazz piano,music,music,1GZD0TZJHmdQaZsucHBmWT,Besame Mucho,,0.6482210755348206,8,,base,music|1GZD0TZJHmdQaZsucHBmWT|Soulful music featuring jazz piano,a,1.0
D2_EN,direct,2,en,Soulful music featuring jazz piano,music,music,4LbJFM4QRgvKoYU7nzj3Dx,Blue bossa,,0.6474674940109253,9,,base,music|4LbJFM4QRgvKoYU7nzj3Dx|Soulful music featuring jazz piano,a,1.0
D2_EN,direct,2,en,Soulful music featuring jazz piano,music,music,2xm9ihELo6xwrRKrBbPql9,Body and Soul,,0.6460708379745483,10,,base,music|2xm9ihELo6xwrRKrBbPql9|Soulful music featuring jazz piano,a,1.0
D2_EN,direct,2,en,Soulful music featuring jazz piano,book,book,gr_2514258.Jazz_in_Search_of_Itself,Jazz in Search of Itself,,0.5635694265365601,1,,base,book|gr_2514258.Jazz_in_Search_of_Itself|Soulful music featuring jazz piano,a,1.0
D2_EN,direct,2,en,Soulful music featuring jazz piano,book,book,kdl_B009DWO5PM,Jazz Styles,,0.561235249042511,2,,base,book|kdl_B009DWO5PM|Soulful music featuring jazz piano,a,1.0
D2_EN,direct,2,en,Soulful music featuring jazz piano,book,book,bx_0306810336,Jazz in the Bittersweet Blues of Life,,0.5548875331878662,3,,base,book|bx_0306810336|Soulful music featuring jazz piano,a,1.0
D2_EN,direct,2,en,Soulful music featuring jazz piano,book,book,gr_1215053.Mitchell_Ruff,Mitchell & Ruff: An American Profile in Jazz,,0.5473453998565674,4,,base,book|gr_1215053.Mitchell_Ruff|Soulful music featuring jazz piano,a,1.0
D2_EN,direct,2,en,Soulful music featuring jazz piano,book,book,bx_207042314X,L'Homme Ã?Â  l'affÃ?Â»t,,0.5300394296646118,5,,base,book|bx_207042314X|Soulful music featuring jazz piano,a,1.0
D2_EN,direct,2,en,Soulful music featuring jazz piano,book,book,kdl_B004ELBJ5Q,Keeping Time: Readings in Jazz History,,0.5285075306892395,6,,base,book|kdl_B004ELBJ5Q|Soulful music featuring jazz piano,a,1.0
D2_EN,direct,2,en,Soulful music featuring jazz piano,book,book,gr_6531880-pops,Pops: A Life of Louis Armstrong,,0.5243468284606934,7,,base,book|gr_6531880-pops|Soulful music featuring jazz piano,a,1.0
D2_EN,direct,2,en,Soulful music featuring jazz piano,book,book,kdl_B079SMMR28,"Essential Jazz Lines: The Style of Charlie Parker, Guitar Edition",,0.5163246393203735,8,,base,book|kdl_B079SMMR28|Soulful music featuring jazz piano,x,0.0
D2_EN,direct,2,en,Soulful music featuring jazz piano,book,book,kdl_B00IQ1V8WO,Louis Armstrong's New Orleans,,0.5100489854812622,9,,base,book|kdl_B00IQ1V8WO|Soulful music featuring jazz piano,a,1.0
D2_EN,direct,2,en,Soulful music featuring jazz piano,book,book,kdl_B083JQNQSB,Cocktail Piano: Jazz Piano Solos Series Volume 31,,0.5070528388023376,10,,base,book|kdl_B083JQNQSB|Soulful music featuring jazz piano,a,1.0
D2_EN,direct,2,en,Soulful music featuring jazz piano,all,music,3lAEcWkOJQMx4jzFToxvQq,The Total Experience,,0.7132655382156372,1,,base,music|3lAEcWkOJQMx4jzFToxvQq|Soulful music featuring jazz piano,a,1.0
D2_EN,direct,2,en,Soulful music featuring jazz piano,all,music,0YJAz1QqMNrPhJ2vhHupcZ,Begin the Beguine,,0.6955152750015259,2,,base,music|0YJAz1QqMNrPhJ2vhHupcZ|Soulful music featuring jazz piano,a,1.0
D2_EN,direct,2,en,Soulful music featuring jazz piano,all,music,2STqplYkSLD5ovON11dwcB,West End Blues,,0.6673122644424438,3,,base,music|2STqplYkSLD5ovON11dwcB|Soulful music featuring jazz piano,a,1.0
D2_EN,direct,2,en,Soulful music featuring jazz piano,all,music,6OZ210lsvCsoIqjBZcGYvm,Out of Nowhere,,0.6610570549964905,4,,base,music|6OZ210lsvCsoIqjBZcGYvm|Soulful music featuring jazz piano,a,1.0
D2_EN,direct,2,en,Soulful music featuring jazz piano,all,music,6QXoo3gKDFKptr27OSSGmC,Keep That Same Old Feeling,,0.6577045321464539,5,,base,music|6QXoo3gKDFKptr27OSSGmC|Soulful music featuring jazz piano,a,1.0
D2_EN,direct,2,en,Soulful music featuring jazz piano,all,music,4bCU6tEbGHQcEwTC3ny2KY,Take A Look (At Yourself),,0.6503534913063049,6,,base,music|4bCU6tEbGHQcEwTC3ny2KY|Soulful music featuring jazz piano,a,1.0
D2_EN,direct,2,en,Soulful music featuring jazz piano,all,music,67gegBlOgrRPHhfLfb3CEj,Saving All My Love for You,,0.6487833857536316,7,,base,music|67gegBlOgrRPHhfLfb3CEj|Soulful music featuring jazz piano,a,1.0
D2_EN,direct,2,en,Soulful music featuring jazz piano,all,music,1GZD0TZJHmdQaZsucHBmWT,Besame Mucho,,0.6482210755348206,8,,base,music|1GZD0TZJHmdQaZsucHBmWT|Soulful music featuring jazz piano,a,1.0
D2_EN,direct,2,en,Soulful music featuring jazz piano,all,music,4LbJFM4QRgvKoYU7nzj3Dx,Blue bossa,,0.6474674940109253,9,,base,music|4LbJFM4QRgvKoYU7nzj3Dx|Soulful music featuring jazz piano,a,1.0
D2_EN,direct,2,en,Soulful music featuring jazz piano,all,music,2xm9ihELo6xwrRKrBbPql9,Body and Soul,,0.6460708379745483,10,,base,music|2xm9ihELo6xwrRKrBbPql9|Soulful music featuring jazz piano,a,1.0
D3_EN,direct,3,en,Mystery thriller novel with a twist ending,movie,movie,1935201,Please Kill Mr. Know It All (2012),,0.5057517290115356,1,,base,movie|1935201|Mystery thriller novel with a twist ending,x,0.0
D3_EN,direct,3,en,Mystery thriller novel with a twist ending,movie,movie,89155,Fletch (1985),,0.4971950054168701,2,,base,movie|89155|Mystery thriller novel with a twist ending,a,1.0
D3_EN,direct,3,en,Mystery thriller novel with a twist ending,movie,movie,118150,Where's Marlowe? (1998),,0.4928237795829773,3,,base,movie|118150|Mystery thriller novel with a twist ending,a,1.0
D3_EN,direct,3,en,Mystery thriller novel with a twist ending,movie,movie,257231,Torrente 2: MisiÌ_n en Marbella (2001),,0.481364369392395,4,,base,movie|257231|Mystery thriller novel with a twist ending,x,0.0
D3_EN,direct,3,en,Mystery thriller novel with a twist ending,movie,movie,282521,Get a Clue (2002),,0.4637733995914459,5,,base,movie|282521|Mystery thriller novel with a twist ending,x,0.0
D3_EN,direct,3,en,Mystery thriller novel with a twist ending,movie,movie,79966,Sunburn (1979),,0.4597788751125335,6,,base,movie|79966|Mystery thriller novel with a twist ending,x,0.0
D3_EN,direct,3,en,Mystery thriller novel with a twist ending,movie,movie,2175565,AssociÌ©s contre le crime: L'oeuf d'Ambroise (2012),,0.4572967290878296,7,,base,movie|2175565|Mystery thriller novel with a twist ending,x,0.0
D3_EN,direct,3,en,Mystery thriller novel with a twist ending,movie,movie,27442,Charlie Chan's Secret (1936),,0.4566939771175384,8,,base,movie|27442|Mystery thriller novel with a twist ending,a,1.0
D3_EN,direct,3,en,Mystery thriller novel with a twist ending,movie,movie,1237838,Mystery Team (2009),,0.4546829164028168,9,,base,movie|1237838|Mystery thriller novel with a twist ending,a,1.0
D3_EN,direct,3,en,Mystery thriller novel with a twist ending,movie,movie,1002966,Ca$h (2008),,0.454355388879776,10,,base,movie|1002966|Mystery thriller novel with a twist ending,x,0.0
D3_EN,direct,3,en,Mystery thriller novel with a twist ending,music,music,2BstRQGodshjGpeDGQiNgo,Do It Again,,0.3559337258338928,1,,base,music|2BstRQGodshjGpeDGQiNgo|Mystery thriller novel with a twist ending,x,0.0
D3_EN,direct,3,en,Mystery thriller novel with a twist ending,music,music,7l3kYZIfTIpgthYcekjv4k,Skullcrusher Mountain,,0.3414879739284515,2,,base,music|7l3kYZIfTIpgthYcekjv4k|Mystery thriller novel with a twist ending,x,0.0
D3_EN,direct,3,en,Mystery thriller novel with a twist ending,music,music,0gLMti4dRYx9McEatLlwBJ,I Got The News,,0.3312243819236755,3,,base,music|0gLMti4dRYx9McEatLlwBJ|Mystery thriller novel with a twist ending,x,0.0
D3_EN,direct,3,en,Mystery thriller novel with a twist ending,music,music,2Ui4rye4ZabIjurcFTwWkU,The Maigret Theme,,0.3311821222305298,4,,base,music|2Ui4rye4ZabIjurcFTwWkU|Mystery thriller novel with a twist ending,x,0.0
D3_EN,direct,3,en,Mystery thriller novel with a twist ending,music,music,0cm6cAtRu0C0sEZzDjZFsx,Discombobulate,,0.3190392851829529,5,,base,music|0cm6cAtRu0C0sEZzDjZFsx|Mystery thriller novel with a twist ending,a,1.0
D3_EN,direct,3,en,Mystery thriller novel with a twist ending,music,music,29YcYtqUNLWaYvGVGdYtZy,Devil Woman - 2001 Remaster,,0.3178826868534088,6,,base,music|29YcYtqUNLWaYvGVGdYtZy|Mystery thriller novel with a twist ending,a,1.0
D3_EN,direct,3,en,Mystery thriller novel with a twist ending,music,music,5IMtdHjJ1OtkxbGe4zfUxQ,Escape (The Pina Colada Song),,0.3044659197330475,7,,base,music|5IMtdHjJ1OtkxbGe4zfUxQ|Mystery thriller novel with a twist ending,x,0.0
D3_EN,direct,3,en,Mystery thriller novel with a twist ending,music,music,7MTX3vevnm41xuEoPxWT3j,Year of the Cat,,0.303504467010498,8,,base,music|7MTX3vevnm41xuEoPxWT3j|Mystery thriller novel with a twist ending,x,0.0
D3_EN,direct,3,en,Mystery thriller novel with a twist ending,music,music,0p4uJwIIGfN3tfTFvwALwB,Murder She Wrote (Original Mix),,0.3029879033565521,9,,base,music|0p4uJwIIGfN3tfTFvwALwB|Mystery thriller novel with a twist ending,x,0.0
D3_EN,direct,3,en,Mystery thriller novel with a twist ending,music,music,30L03C5kzirLPuEVjcgBI5,Crime News,,0.298647403717041,10,,base,music|30L03C5kzirLPuEVjcgBI5|Mystery thriller novel with a twist ending,x,0.0
D3_EN,direct,3,en,Mystery thriller novel with a twist ending,book,book,kdl_B003GYEGMU,Sizzling Sixteen (Stephanie Plum Book 16),,0.5657018423080444,1,,base,book|kdl_B003GYEGMU|Mystery thriller novel with a twist ending,a,1.0
D3_EN,direct,3,en,Mystery thriller novel with a twist ending,book,book,bx_0671700359,"HOT PURSUIT (NANCY DREW FILES 58) : HOT PURSUIT (The Nancy Drew Files, Case No. 58)",,0.5552111268043518,2,,base,book|bx_0671700359|Mystery thriller novel with a twist ending,a,1.0
D3_EN,direct,3,en,Mystery thriller novel with a twist ending,book,book,bx_0425191192,McNally's Alibi: An Archy McNally Novel (Archy McNally Novels (Paperback)),,0.553293764591217,3,,base,book|bx_0425191192|Mystery thriller novel with a twist ending,a,1.0
D3_EN,direct,3,en,Mystery thriller novel with a twist ending,book,book,bx_0671473336,MURDER BY BOOK,,0.5504684448242188,4,,base,book|bx_0671473336|Mystery thriller novel with a twist ending,a,1.0
D3_EN,direct,3,en,Mystery thriller novel with a twist ending,book,book,gr_484531.Fletch,Fletch,,0.5432904958724976,5,,base,book|gr_484531.Fletch|Mystery thriller novel with a twist ending,a,1.0
D3_EN,direct,3,en,Mystery thriller novel with a twist ending,book,book,bx_0425177017,The Crossword Murder,,0.5383781790733337,6,,base,book|bx_0425177017|Mystery thriller novel with a twist ending,a,1.0
D3_EN,direct,3,en,Mystery thriller novel with a twist ending,book,book,gr_27002.First_Among_Sequels,First Among Sequels,,0.52994704246521,7,,base,book|gr_27002.First_Among_Sequels|Mystery thriller novel with a twist ending,a,1.0
D3_EN,direct,3,en,Mystery thriller novel with a twist ending,book,book,gr_11156028-suspects-sleuth-s-murder-mystery-design-guide,"Suspects & Sleuth's Murder Mystery Design Guide: A Guide to Creating, Writing, and Hosting your own Murder Mystery Dinner Party Games",,0.5268236398696899,8,,base,book|gr_11156028-suspects-sleuth-s-murder-mystery-design-guide|Mystery thriller novel with a twist ending,x,0.0
D3_EN,direct,3,en,Mystery thriller novel with a twist ending,book,book,bx_0425181839,A Tax Deductible Death,,0.5243358612060547,9,,base,book|bx_0425181839|Mystery thriller novel with a twist ending,a,1.0
D3_EN,direct,3,en,Mystery thriller novel with a twist ending,book,book,kdl_B07SNTPJ9N,The Director's Cut: A Patricia Fisher Mystery (Patricia Fisher Cruise Ship Mysteries Book 3),,0.522086501121521,10,,base,book|kdl_B07SNTPJ9N|Mystery thriller novel with a twist ending,a,1.0
D3_EN,direct,3,en,Mystery thriller novel with a twist ending,all,book,kdl_B003GYEGMU,Sizzling Sixteen (Stephanie Plum Book 16),,0.5657018423080444,1,,base,book|kdl_B003GYEGMU|Mystery thriller novel with a twist ending,a,1.0
D3_EN,direct,3,en,Mystery thriller novel with a twist ending,all,book,bx_0671700359,"HOT PURSUIT (NANCY DREW FILES 58) : HOT PURSUIT (The Nancy Drew Files, Case No. 58)",,0.5552111268043518,2,,base,book|bx_0671700359|Mystery thriller novel with a twist ending,a,1.0
D3_EN,direct,3,en,Mystery thriller novel with a twist ending,all,book,bx_0425191192,McNally's Alibi: An Archy McNally Novel (Archy McNally Novels (Paperback)),,0.553293764591217,3,,base,book|bx_0425191192|Mystery thriller novel with a twist ending,a,1.0
D3_EN,direct,3,en,Mystery thriller novel with a twist ending,all,book,bx_0671473336,MURDER BY BOOK,,0.5504684448242188,4,,base,book|bx_0671473336|Mystery thriller novel with a twist ending,a,1.0
D3_EN,direct,3,en,Mystery thriller novel with a twist ending,all,book,gr_484531.Fletch,Fletch,,0.5432904958724976,5,,base,book|gr_484531.Fletch|Mystery thriller novel with a twist ending,a,1.0
D3_EN,direct,3,en,Mystery thriller novel with a twist ending,all,book,bx_0425177017,The Crossword Murder,,0.5383781790733337,6,,base,book|bx_0425177017|Mystery thriller novel with a twist ending,a,1.0
D3_EN,direct,3,en,Mystery thriller novel with a twist ending,all,book,gr_27002.First_Among_Sequels,First Among Sequels,,0.52994704246521,7,,base,book|gr_27002.First_Among_Sequels|Mystery thriller novel with a twist ending,a,1.0
D3_EN,direct,3,en,Mystery thriller novel with a twist ending,all,book,gr_11156028-suspects-sleuth-s-murder-mystery-design-guide,"Suspects & Sleuth's Murder Mystery Design Guide: A Guide to Creating, Writing, and Hosting your own Murder Mystery Dinner Party Games",,0.5268236398696899,8,,base,book|gr_11156028-suspects-sleuth-s-murder-mystery-design-guide|Mystery thriller novel with a twist ending,x,0.0
D3_EN,direct,3,en,Mystery thriller novel with a twist ending,all,book,bx_0425181839,A Tax Deductible Death,,0.5243358612060547,9,,base,book|bx_0425181839|Mystery thriller novel with a twist ending,a,1.0
D3_EN,direct,3,en,Mystery thriller novel with a twist ending,all,book,kdl_B07SNTPJ9N,The Director's Cut: A Patricia Fisher Mystery (Patricia Fisher Cruise Ship Mysteries Book 3),,0.522086501121521,10,,base,book|kdl_B07SNTPJ9N|Mystery thriller novel with a twist ending,a,1.0
D4_EN,direct,4,en,A film about a romance between two people,movie,movie,2070776,Populaire (2012),,0.6336625814437866,1,,base,movie|2070776|A film about a romance between two people,a,1.0
D4_EN,direct,4,en,A film about a romance between two people,movie,movie,50307,Desk Set (1957),,0.6180019378662109,2,,base,movie|50307|A film about a romance between two people,a,1.0
D4_EN,direct,4,en,A film about a romance between two people,movie,movie,306734,Le divorce (2003),,0.6135362386703491,3,,base,movie|306734|A film about a romance between two people,o,2.0
D4_EN,direct,4,en,A film about a romance between two people,movie,movie,2186812,20 ans d'Ì©cart (2013),,0.6130117177963257,4,,base,movie|2186812|A film about a romance between two people,o,2.0
D4_EN,direct,4,en,A film about a romance between two people,movie,movie,117365,Portraits chinois (1996),,0.6026792526245117,5,,base,movie|117365|A film about a romance between two people,o,2.0
D4_EN,direct,4,en,A film about a romance between two people,movie,movie,52662,But Not for Me (1959),,0.5946797728538513,6,,base,movie|52662|A film about a romance between two people,o,2.0
D4_EN,direct,4,en,A film about a romance between two people,movie,movie,421994,Imagine Me & You (2005),,0.593129575252533,7,,base,movie|421994|A film about a romance between two people,o,2.0
D4_EN,direct,4,en,A film about a romance between two people,movie,movie,82764,Modern Romance (1981),,0.5921856164932251,8,,base,movie|82764|A film about a romance between two people,o,2.0
D4_EN,direct,4,en,A film about a romance between two people,movie,movie,11865,Why Change Your Wife? (1920),,0.5883010625839233,9,,base,movie|11865|A film about a romance between two people,a,1.0
D4_EN,direct,4,en,A film about a romance between two people,movie,movie,58938,The Dolls (1965),,0.5842034220695496,10,,base,movie|58938|A film about a romance between two people,a,1.0
D4_EN,direct,4,en,A film about a romance between two people,music,music,3gtSCifHWtbRxX0GFLBpcH,L O V E,,0.4463233947753906,1,,base,music|3gtSCifHWtbRxX0GFLBpcH|A film about a romance between two people,o,2.0
D4_EN,direct,4,en,A film about a romance between two people,music,music,57MflfPN3ObQQAQtPUp0WF,Romeo and Juliet,,0.4241850674152374,2,,base,music|57MflfPN3ObQQAQtPUp0WF|A film about a romance between two people,a,1.0
D4_EN,direct,4,en,A film about a romance between two people,music,music,36JuaGlNLdEDPnBWpEUjJW,A plea for tenderness,,0.4025219082832336,3,,base,music|36JuaGlNLdEDPnBWpEUjJW|A film about a romance between two people,a,1.0
D4_EN,direct,4,en,A film about a romance between two people,music,music,43eWoKLdHEVT26MGT5P2n6,When All Is Said And Done - From 'Mamma Mia!' Original Motion Picture Soundtrack,,0.3940145969390869,4,,base,music|43eWoKLdHEVT26MGT5P2n6|A film about a romance between two people,a,1.0
D4_EN,direct,4,en,A film about a romance between two people,music,music,3jTavhTXfWlnu8zsn9NCAY,Angie's Heart,,0.3921394348144531,5,,base,music|3jTavhTXfWlnu8zsn9NCAY|A film about a romance between two people,o,2.0
D4_EN,direct,4,en,A film about a romance between two people,music,music,29lZKytTb56zzAwryJ3X38,"Love Theme (from ""Romeo and Juliet"")",,0.3903068602085113,6,,base,music|29lZKytTb56zzAwryJ3X38|A film about a romance between two people,a,1.0
D4_EN,direct,4,en,A film about a romance between two people,music,music,1N131UBLlYAUJNVpHOfEc1,The Book of Love,,0.3895599544048309,7,,base,music|1N131UBLlYAUJNVpHOfEc1|A film about a romance between two people,a,1.0
D4_EN,direct,4,en,A film about a romance between two people,music,music,4ygdy4dVdycreRQB95DhhS,You know who's a great lady?,,0.3769650757312774,8,,base,music|4ygdy4dVdycreRQB95DhhS|A film about a romance between two people,x,0.0
D4_EN,direct,4,en,A film about a romance between two people,music,music,26lCNg8WekUoDbLhEbUyXZ,Lawyers in Love,,0.3716215491294861,9,,base,music|26lCNg8WekUoDbLhEbUyXZ|A film about a romance between two people,a,1.0
D4_EN,direct,4,en,A film about a romance between two people,music,music,0Lhy1sDDdtUFY2pyq2ZVi9,Hit Me Up,,0.3693576455116272,10,,base,music|0Lhy1sDDdtUFY2pyq2ZVi9|A film about a romance between two people,x,0.0
D4_EN,direct,4,en,A film about a romance between two people,book,book,bx_0688168914,From This Day Forward,,0.577832818031311,1,,base,book|bx_0688168914|A film about a romance between two people,a,1.0
D4_EN,direct,4,en,A film about a romance between two people,book,book,bx_068484785X,"The Collected Plays of Neil Simon, Vol. 4",,0.5700787305831909,2,,base,book|bx_068484785X|A film about a romance between two people,x,0.0
D4_EN,direct,4,en,A film about a romance between two people,book,book,gr_7482511-must-you-go,Must You Go?: My Life with Harold Pinter,,0.5627207159996033,3,,base,book|gr_7482511-must-you-go|A film about a romance between two people,x,0.0
D4_EN,direct,4,en,A film about a romance between two people,book,book,kdl_B0971WJBF8,Husband Material (London Calling Book 2),,0.5602824687957764,4,,base,book|kdl_B0971WJBF8|A film about a romance between two people,a,1.0
D4_EN,direct,4,en,A film about a romance between two people,book,book,kdl_B00EBRGIPY,Meet the Mertzes: The Life Stories of I Love Lucy's Other Couple,,0.5420595407485962,5,,base,book|kdl_B00EBRGIPY|A film about a romance between two people,x,0.0
D4_EN,direct,4,en,A film about a romance between two people,book,book,gr_31101.Mr_Maybe,Mr. Maybe,,0.5278271436691284,6,,base,book|gr_31101.Mr_Maybe|A film about a romance between two people,a,1.0
D4_EN,direct,4,en,A film about a romance between two people,book,book,kdl_B075WNTFRF,Lives of the Wives: Five Literary Marriages,,0.5173355937004089,7,,base,book|kdl_B075WNTFRF|A film about a romance between two people,x,0.0
D4_EN,direct,4,en,A film about a romance between two people,book,book,bx_0060536683,The Not-So-Perfect Man,,0.514609158039093,8,,base,book|bx_0060536683|A film about a romance between two people,x,0.0
D4_EN,direct,4,en,A film about a romance between two people,book,book,gr_25319777-miss-wrong-and-mr-right,Miss Wrong and Mr Right,,0.5116077661514282,9,,base,book|gr_25319777-miss-wrong-and-mr-right|A film about a romance between two people,a,1.0
D4_EN,direct,4,en,A film about a romance between two people,book,book,gr_35498704-waiting-for-the-punchline,Waiting for the Punchline,,0.5115145444869995,10,,base,book|gr_35498704-waiting-for-the-punchline|A film about a romance between two people,a,1.0
D4_EN,direct,4,en,A film about a romance between two people,all,movie,2070776,Populaire (2012),,0.6336625814437866,1,,base,movie|2070776|A film about a romance between two people,a,1.0
D4_EN,direct,4,en,A film about a romance between two people,all,movie,50307,Desk Set (1957),,0.6180019378662109,2,,base,movie|50307|A film about a romance between two people,a,1.0
D4_EN,direct,4,en,A film about a romance between two people,all,movie,306734,Le divorce (2003),,0.6135362386703491,3,,base,movie|306734|A film about a romance between two people,o,2.0
D4_EN,direct,4,en,A film about a romance between two people,all,movie,2186812,20 ans d'Ì©cart (2013),,0.6130117177963257,4,,base,movie|2186812|A film about a romance between two people,o,2.0
D4_EN,direct,4,en,A film about a romance between two people,all,movie,117365,Portraits chinois (1996),,0.6026792526245117,5,,base,movie|117365|A film about a romance between two people,o,2.0
D4_EN,direct,4,en,A film about a romance between two people,all,movie,52662,But Not for Me (1959),,0.5946797728538513,6,,base,movie|52662|A film about a romance between two people,o,2.0
D4_EN,direct,4,en,A film about a romance between two people,all,movie,421994,Imagine Me & You (2005),,0.593129575252533,7,,base,movie|421994|A film about a romance between two people,o,2.0
D4_EN,direct,4,en,A film about a romance between two people,all,movie,82764,Modern Romance (1981),,0.5921856164932251,8,,base,movie|82764|A film about a romance between two people,o,2.0
D4_EN,direct,4,en,A film about a romance between two people,all,movie,11865,Why Change Your Wife? (1920),,0.5883010625839233,9,,base,movie|11865|A film about a romance between two people,a,1.0
D4_EN,direct,4,en,A film about a romance between two people,all,movie,58938,The Dolls (1965),,0.5842034220695496,10,,base,movie|58938|A film about a romance between two people,a,1.0
P5_EN,philosophical,5,en,How much of me is made of memory,movie,movie,1462017,In Search of Memory (2009),,0.6434661149978638,1,,base,movie|1462017|How much of me is made of memory,a,1.0
P5_EN,philosophical,5,en,How much of me is made of memory,movie,movie,2402602,The Man Whose Mind Exploded (2012),,0.5951797962188721,2,,base,movie|2402602|How much of me is made of memory,a,1.0
P5_EN,philosophical,5,en,How much of me is made of memory,movie,movie,1847672,Remainder (2015),,0.555935800075531,3,,base,movie|1847672|How much of me is made of memory,a,1.0
P5_EN,philosophical,5,en,How much of me is made of memory,movie,movie,3704050,Remember (2015),,0.5533766746520996,4,,base,movie|3704050|How much of me is made of memory,a,1.0
P5_EN,philosophical,5,en,How much of me is made of memory,movie,movie,118040,Unforgettable (1996),,0.551837682723999,5,,base,movie|118040|How much of me is made of memory,o,2.0
P5_EN,philosophical,5,en,How much of me is made of memory,movie,movie,3815136,My Beautiful Broken Brain (2014),,0.5441242456436157,6,,base,movie|3815136|How much of me is made of memory,a,1.0
P5_EN,philosophical,5,en,How much of me is made of memory,movie,movie,1825806,I Am I (2013),,0.5425403118133545,7,,base,movie|1825806|How much of me is made of memory,a,1.0
P5_EN,philosophical,5,en,How much of me is made of memory,movie,movie,338013,Eternal Sunshine of the Spotless Mind (2004),,0.5322592258453369,8,,base,movie|338013|How much of me is made of memory,o,2.0
P5_EN,philosophical,5,en,How much of me is made of memory,movie,movie,366627,The Jacket (2005),,0.5211684107780457,9,,base,movie|366627|How much of me is made of memory,x,0.0
P5_EN,philosophical,5,en,How much of me is made of memory,movie,movie,106438,Blue (1993),,0.5207308530807495,10,,base,movie|106438|How much of me is made of memory,a,1.0
P5_EN,philosophical,5,en,How much of me is made of memory,music,music,0JhpYE9xA3UpSFrmXTZyIF,I Might Be Wrong,,0.5747453570365906,1,,base,music|0JhpYE9xA3UpSFrmXTZyIF|How much of me is made of memory,a,1.0
P5_EN,philosophical,5,en,How much of me is made of memory,music,music,3jaA0iP323UuDVVDA9sfSl,Morning Bell/Amnesiac,,0.5249419212341309,2,,base,music|3jaA0iP323UuDVVDA9sfSl|How much of me is made of memory,a,1.0
P5_EN,philosophical,5,en,How much of me is made of memory,music,music,51Pu4nIwYTXhAhgmSSuOo7,Wait for Me,,0.5053778886795044,3,,base,music|51Pu4nIwYTXhAhgmSSuOo7|How much of me is made of memory,a,1.0
P5_EN,philosophical,5,en,How much of me is made of memory,music,music,7he52OqF36BVF6dSVKKQPq,Packt Like Sardines In a Crushed Tin Box,,0.5050990581512451,4,,base,music|7he52OqF36BVF6dSVKKQPq|How much of me is made of memory,a,1.0
P5_EN,philosophical,5,en,How much of me is made of memory,music,music,2mvmuCtmmrERnm03ULdDye,Dollars & Cents,,0.4888433814048767,5,,base,music|2mvmuCtmmrERnm03ULdDye|How much of me is made of memory,a,1.0
P5_EN,philosophical,5,en,How much of me is made of memory,music,music,5LlsD7LdSMkGV4Iu0a2Zq0,Waste A Moment,,0.4885162115097046,6,,base,music|5LlsD7LdSMkGV4Iu0a2Zq0|How much of me is made of memory,a,1.0
P5_EN,philosophical,5,en,How much of me is made of memory,music,music,796KVmeIoTOek76YwNduEL,So Happy,,0.4853509664535522,7,,base,music|796KVmeIoTOek76YwNduEL|How much of me is made of memory,x,0.0
P5_EN,philosophical,5,en,How much of me is made of memory,music,music,2xbrMtkxp399aSiCJ8EAON,Knives Out,,0.4822152256965637,8,,base,music|2xbrMtkxp399aSiCJ8EAON|How much of me is made of memory,a,1.0
P5_EN,philosophical,5,en,How much of me is made of memory,music,music,5xyACR2lzIyzFepF4qlAas,Not Meant to Be,,0.4731212556362152,9,,base,music|5xyACR2lzIyzFepF4qlAas|How much of me is made of memory,a,1.0
P5_EN,philosophical,5,en,How much of me is made of memory,music,music,06h3McKzmxS8Bx58USHiMq,Silhouettes - Original Radio Edit,,0.470827043056488,10,,base,music|06h3McKzmxS8Bx58USHiMq|How much of me is made of memory,a,1.0
P5_EN,philosophical,5,en,How much of me is made of memory,book,book,gr_6523904-autoportret-ntr-o-oglind-spart,Autoportret într-o oglindă spartă,,0.641334056854248,1,,base,book|gr_6523904-autoportret-ntr-o-oglind-spart|How much of me is made of memory,a,1.0
P5_EN,philosophical,5,en,How much of me is made of memory,book,book,kdl_B002PQ7B5O,In Search of Memory: The Emergence of a New Science of Mind,,0.6318997144699097,2,,base,book|kdl_B002PQ7B5O|How much of me is made of memory,a,1.0
P5_EN,philosophical,5,en,How much of me is made of memory,book,book,gr_1563635.Ein_perfekter_Freund,Ein perfekter Freund,,0.6277791857719421,3,,base,book|gr_1563635.Ein_perfekter_Freund|How much of me is made of memory,x,0.0
P5_EN,philosophical,5,en,How much of me is made of memory,book,book,bx_0446343137,Sybil,,0.6140135526657104,4,,base,book|bx_0446343137|How much of me is made of memory,x,0.0
P5_EN,philosophical,5,en,How much of me is made of memory,book,book,bx_3404148371,Epsilon.,,0.6107231974601746,5,,base,book|bx_3404148371|How much of me is made of memory,x,0.0
P5_EN,philosophical,5,en,How much of me is made of memory,book,book,bx_8433961713,El Hombre Que Confundio a Su Mujer Con Un Sombrero,,0.5933755040168762,6,,base,book|bx_8433961713|How much of me is made of memory,x,0.0
P5_EN,philosophical,5,en,How much of me is made of memory,book,book,bx_0618219196,The Seven Sins of Memory: How the Mind Forgets and Remembers,,0.5868383049964905,7,,base,book|bx_0618219196|How much of me is made of memory,a,1.0
P5_EN,philosophical,5,en,How much of me is made of memory,book,book,bx_0451161491,How to Develop a Super-Power Memory,,0.5858803987503052,8,,base,book|bx_0451161491|How much of me is made of memory,x,0.0
P5_EN,philosophical,5,en,How much of me is made of memory,book,book,kdl_B01N4UA7B9,"The Forgetting Machine: Memory, Perception, and the Jennifer Aniston Neuron",,0.583599328994751,9,,base,book|kdl_B01N4UA7B9|How much of me is made of memory,a,1.0
P5_EN,philosophical,5,en,How much of me is made of memory,book,book,gr_9639197-turn-of-mind,Turn of Mind,,0.5822794437408447,10,,base,book|gr_9639197-turn-of-mind|How much of me is made of memory,a,1.0
P5_EN,philosophical,5,en,How much of me is made of memory,all,movie,1462017,In Search of Memory (2009),,0.6434661149978638,1,,base,movie|1462017|How much of me is made of memory,a,1.0
P5_EN,philosophical,5,en,How much of me is made of memory,all,book,gr_6523904-autoportret-ntr-o-oglind-spart,Autoportret într-o oglindă spartă,,0.641334056854248,2,,base,book|gr_6523904-autoportret-ntr-o-oglind-spart|How much of me is made of memory,a,1.0
P5_EN,philosophical,5,en,How much of me is made of memory,all,book,kdl_B002PQ7B5O,In Search of Memory: The Emergence of a New Science of Mind,,0.6318997144699097,3,,base,book|kdl_B002PQ7B5O|How much of me is made of memory,a,1.0
P5_EN,philosophical,5,en,How much of me is made of memory,all,book,gr_1563635.Ein_perfekter_Freund,Ein perfekter Freund,,0.6277791857719421,4,,base,book|gr_1563635.Ein_perfekter_Freund|How much of me is made of memory,x,0.0
P5_EN,philosophical,5,en,How much of me is made of memory,all,book,bx_0446343137,Sybil,,0.6140135526657104,5,,base,book|bx_0446343137|How much of me is made of memory,x,0.0
P5_EN,philosophical,5,en,How much of me is made of memory,all,book,bx_3404148371,Epsilon.,,0.6107231974601746,6,,base,book|bx_3404148371|How much of me is made of memory,x,0.0
P5_EN,philosophical,5,en,How much of me is made of memory,all,movie,2402602,The Man Whose Mind Exploded (2012),,0.5951797962188721,7,,base,movie|2402602|How much of me is made of memory,a,1.0
P5_EN,philosophical,5,en,How much of me is made of memory,all,book,bx_8433961713,El Hombre Que Confundio a Su Mujer Con Un Sombrero,,0.5933755040168762,8,,base,book|bx_8433961713|How much of me is made of memory,x,0.0
P5_EN,philosophical,5,en,How much of me is made of memory,all,book,bx_0618219196,The Seven Sins of Memory: How the Mind Forgets and Remembers,,0.5868383049964905,9,,base,book|bx_0618219196|How much of me is made of memory,a,1.0
P5_EN,philosophical,5,en,How much of me is made of memory,all,book,bx_0451161491,How to Develop a Super-Power Memory,,0.5858803987503052,10,,base,book|bx_0451161491|How much of me is made of memory,x,0.0
P6_EN,philosophical,6,en,The border between chance and fate,movie,movie,57344,Any Number Can Win (1963),,0.5794978141784668,1,,base,movie|57344|The border between chance and fate,a,1.0
P6_EN,philosophical,6,en,The border between chance and fate,movie,movie,34998,Lucky Jordan (1942),,0.5591179132461548,2,,base,movie|34998|The border between chance and fate,a,1.0
P6_EN,philosophical,6,en,The border between chance and fate,movie,movie,1843202,The Pelayos (2012),,0.5516272783279419,3,,base,movie|1843202|The border between chance and fate,a,1.0
P6_EN,philosophical,6,en,The border between chance and fate,movie,movie,2400283,An... (2012),,0.5434134006500244,4,,base,movie|2400283|The border between chance and fate,a,1.0
P6_EN,philosophical,6,en,The border between chance and fate,movie,movie,990413,Sugar (2008),,0.5427778959274292,5,,base,movie|990413|The border between chance and fate,a,1.0
P6_EN,philosophical,6,en,The border between chance and fate,movie,movie,338216,Lucky You (2007),,0.5342303514480591,6,,base,movie|338216|The border between chance and fate,a,1.0
P6_EN,philosophical,6,en,The border between chance and fate,movie,movie,3110958,Now You See Me 2 (2016),,0.5298264026641846,7,,base,movie|3110958|The border between chance and fate,x,0.0
P6_EN,philosophical,6,en,The border between chance and fate,movie,movie,1473397,Lucky (2011),,0.5268288850784302,8,,base,movie|1473397|The border between chance and fate,a,1.0
P6_EN,philosophical,6,en,The border between chance and fate,movie,movie,56626,Two for the Seesaw (1962),,0.521030068397522,9,,base,movie|56626|The border between chance and fate,a,1.0
P6_EN,philosophical,6,en,The border between chance and fate,movie,movie,192023,Finder's Fee (2001),,0.5190783143043518,10,,base,movie|192023|The border between chance and fate,a,1.0
P6_EN,philosophical,6,en,The border between chance and fate,music,music,6Cv6R8bn34gMA8R29nFXkS,The American Dream,,0.5349613428115845,1,,base,music|6Cv6R8bn34gMA8R29nFXkS|The border between chance and fate,x,0.0
P6_EN,philosophical,6,en,The border between chance and fate,music,music,0GVuLQtPXFaL18ijEOqoAa,Tightrope,,0.5183700323104858,2,,base,music|0GVuLQtPXFaL18ijEOqoAa|The border between chance and fate,a,1.0
P6_EN,philosophical,6,en,The border between chance and fate,music,music,5KqldkCunQ2rWxruMEtGh0,The Gambler,,0.4658655226230621,3,,base,music|5KqldkCunQ2rWxruMEtGh0|The border between chance and fate,a,1.0
P6_EN,philosophical,6,en,The border between chance and fate,music,music,2OgVsp77En2nju8pnCieVU,Waiting for a Girl like You,,0.4630608260631561,4,,base,music|2OgVsp77En2nju8pnCieVU|The border between chance and fate,x,0.0
P6_EN,philosophical,6,en,The border between chance and fate,music,music,0hEHxP2xeEFOqQ6z3CHMKM,Deal,,0.453135073184967,5,,base,music|0hEHxP2xeEFOqQ6z3CHMKM|The border between chance and fate,a,1.0
P6_EN,philosophical,6,en,The border between chance and fate,music,music,6Rr2l2xA1JuxYDhzx6lEJx,Got 2 Believe in Magic - Version 1,,0.4422914385795593,6,,base,music|6Rr2l2xA1JuxYDhzx6lEJx|The border between chance and fate,a,1.0
P6_EN,philosophical,6,en,The border between chance and fate,music,music,03xBflhpS0IAKrvRmSosgd,Making Music For Money,,0.436208963394165,7,,base,music|03xBflhpS0IAKrvRmSosgd|The border between chance and fate,x,0.0
P6_EN,philosophical,6,en,The border between chance and fate,music,music,7kJpAkJSFMCkM6T4plsRLd,Ooh Las Vegas (feat. Emmylou Harris) - Remastered Version,,0.4349760711193084,8,,base,music|7kJpAkJSFMCkM6T4plsRLd|The border between chance and fate,a,1.0
P6_EN,philosophical,6,en,The border between chance and fate,music,music,5SkM78PvNpn41YLTixzRpl,Reno,,0.4305647909641266,9,,base,music|5SkM78PvNpn41YLTixzRpl|The border between chance and fate,a,1.0
P6_EN,philosophical,6,en,The border between chance and fate,music,music,0Iys022UwQ8xBfxE1g4nWZ,One Last Time,,0.4291704893112182,10,,base,music|0Iys022UwQ8xBfxE1g4nWZ|The border between chance and fate,x,0.0
P6_EN,philosophical,6,en,The border between chance and fate,book,book,bx_1551520826,Luck of the Draw,,0.5887099504470825,1,,base,book|bx_1551520826|The border between chance and fate,a,1.0
P6_EN,philosophical,6,en,The border between chance and fate,book,book,bx_0786869143,"The Luck Factor : Changing Your Luck,changing Your Life - The Four  Essential Principles",,0.585432767868042,2,,base,book|bx_0786869143|The border between chance and fate,a,1.0
P6_EN,philosophical,6,en,The border between chance and fate,book,book,kdl_B08BWZMT78,The Luck Factor (Harriman Classics): Why some people are luckier than others and how you can become one of them,,0.5804077386856079,3,,base,book|kdl_B08BWZMT78|The border between chance and fate,a,1.0
P6_EN,philosophical,6,en,The border between chance and fate,book,book,gr_95914.On_Fortune_s_Wheel,On Fortune's Wheel,,0.5772661566734314,4,,base,book|gr_95914.On_Fortune_s_Wheel|The border between chance and fate,a,1.0
P6_EN,philosophical,6,en,The border between chance and fate,book,book,gr_329484.A_Dollar_And_A_Dream,A Dollar And A Dream,,0.5719116926193237,5,,base,book|gr_329484.A_Dollar_And_A_Dream|The border between chance and fate,x,0.0
P6_EN,philosophical,6,en,The border between chance and fate,book,book,gr_33854202-next-spin,Next Spin : Tryst with greed,,0.5678907632827759,6,,base,book|gr_33854202-next-spin|The border between chance and fate,x,0.0
P6_EN,philosophical,6,en,The border between chance and fate,book,book,gr_3275.Time_and_Chance,Time and Chance,,0.5611612796783447,7,,base,book|gr_3275.Time_and_Chance|The border between chance and fate,a,1.0
P6_EN,philosophical,6,en,The border between chance and fate,book,book,gr_357399.Red_River_Vol_1,"Red River, Vol. 1",,0.5376919507980347,8,,base,book|gr_357399.Red_River_Vol_1|The border between chance and fate,x,0.0
P6_EN,philosophical,6,en,The border between chance and fate,book,book,bx_0425157474,Chance,,0.5327286720275879,9,,base,book|bx_0425157474|The border between chance and fate,a,1.0
P6_EN,philosophical,6,en,The border between chance and fate,book,book,gr_18054175-the-good-luck-of-right-now,The Good Luck of Right Now,,0.5291533470153809,10,,base,book|gr_18054175-the-good-luck-of-right-now|The border between chance and fate,a,1.0
P6_EN,philosophical,6,en,The border between chance and fate,all,book,bx_1551520826,Luck of the Draw,,0.5887099504470825,1,,base,book|bx_1551520826|The border between chance and fate,a,1.0
P6_EN,philosophical,6,en,The border between chance and fate,all,book,bx_0786869143,"The Luck Factor : Changing Your Luck,changing Your Life - The Four  Essential Principles",,0.585432767868042,2,,base,book|bx_0786869143|The border between chance and fate,a,1.0
P6_EN,philosophical,6,en,The border between chance and fate,all,book,kdl_B08BWZMT78,The Luck Factor (Harriman Classics): Why some people are luckier than others and how you can become one of them,,0.5804077386856079,3,,base,book|kdl_B08BWZMT78|The border between chance and fate,a,1.0
P6_EN,philosophical,6,en,The border between chance and fate,all,movie,57344,Any Number Can Win (1963),,0.5794978141784668,4,,base,movie|57344|The border between chance and fate,a,1.0
P6_EN,philosophical,6,en,The border between chance and fate,all,book,gr_95914.On_Fortune_s_Wheel,On Fortune's Wheel,,0.5772661566734314,5,,base,book|gr_95914.On_Fortune_s_Wheel|The border between chance and fate,a,1.0
P6_EN,philosophical,6,en,The border between chance and fate,all,book,gr_329484.A_Dollar_And_A_Dream,A Dollar And A Dream,,0.5719116926193237,6,,base,book|gr_329484.A_Dollar_And_A_Dream|The border between chance and fate,x,0.0
P6_EN,philosophical,6,en,The border between chance and fate,all,book,gr_33854202-next-spin,Next Spin : Tryst with greed,,0.5678907632827759,7,,base,book|gr_33854202-next-spin|The border between chance and fate,x,0.0
P6_EN,philosophical,6,en,The border between chance and fate,all,book,gr_3275.Time_and_Chance,Time and Chance,,0.5611612796783447,8,,base,book|gr_3275.Time_and_Chance|The border between chance and fate,a,1.0
P6_EN,philosophical,6,en,The border between chance and fate,all,movie,34998,Lucky Jordan (1942),,0.5591179132461548,9,,base,movie|34998|The border between chance and fate,a,1.0
P6_EN,philosophical,6,en,The border between chance and fate,all,movie,1843202,The Pelayos (2012),,0.5516272783279419,10,,base,movie|1843202|The border between chance and fate,a,1.0
P7_EN,philosophical,7,en,The limits of understanding another person,movie,movie,275584,Paradigm (1970),,0.6272364854812622,1,,base,movie|275584|The limits of understanding another person,a,1.0
P7_EN,philosophical,7,en,The limits of understanding another person,movie,movie,1817287,Is the Man Who Is Tall Happy? (2013),,0.608015775680542,2,,base,movie|1817287|The limits of understanding another person,a,1.0
P7_EN,philosophical,7,en,The limits of understanding another person,movie,movie,1187041,The Answer Man (2009),,0.5586637258529663,3,,base,movie|1187041|The limits of understanding another person,a,1.0
P7_EN,philosophical,7,en,The limits of understanding another person,movie,movie,3149038,A Brilliant Young Mind (2014),,0.5563483834266663,4,,base,movie|3149038|The limits of understanding another person,a,1.0
P7_EN,philosophical,7,en,The limits of understanding another person,movie,movie,69854,Casual Relations (1974),,0.5285089612007141,5,,base,movie|69854|The limits of understanding another person,a,1.0
P7_EN,philosophical,7,en,The limits of understanding another person,movie,movie,343992,The Long and Short of It (2003),,0.5247661471366882,6,,base,movie|343992|The limits of understanding another person,x,0.0
P7_EN,philosophical,7,en,The limits of understanding another person,movie,movie,499596,What the Bleep!?: Down the Rabbit Hole (2006),,0.5204120874404907,7,,base,movie|499596|The limits of understanding another person,a,1.0
P7_EN,philosophical,7,en,The limits of understanding another person,movie,movie,790627,Brief Interviews with Hideous Men (2009),,0.5091609954833984,8,,base,movie|790627|The limits of understanding another person,a,1.0
P7_EN,philosophical,7,en,The limits of understanding another person,movie,movie,377107,Proof (2005),,0.5054261684417725,9,,base,movie|377107|The limits of understanding another person,a,1.0
P7_EN,philosophical,7,en,The limits of understanding another person,movie,movie,234940,Un couple í©patant (2002),,0.5039448738098145,10,,base,movie|234940|The limits of understanding another person,a,1.0
P7_EN,philosophical,7,en,The limits of understanding another person,music,music,0oN2fJx5t5BzkKQQiojHrr,I Am A Scientist,,0.4684697687625885,1,,base,music|0oN2fJx5t5BzkKQQiojHrr|The limits of understanding another person,a,1.0
P7_EN,philosophical,7,en,The limits of understanding another person,music,music,2m5ItG3IIMsaGYJjZOvUoE,Question,,0.4513698518276214,2,,base,music|2m5ItG3IIMsaGYJjZOvUoE|The limits of understanding another person,a,1.0
P7_EN,philosophical,7,en,The limits of understanding another person,music,music,5nk6wxUSFUBxUKxjz0fKD6,Head Games,,0.4492438435554504,3,,base,music|5nk6wxUSFUBxUKxjz0fKD6|The limits of understanding another person,a,1.0
P7_EN,philosophical,7,en,The limits of understanding another person,music,music,50CgC2wKmbWm4WLQKY87oP,In Motion,,0.4474058747291565,4,,base,music|50CgC2wKmbWm4WLQKY87oP|The limits of understanding another person,a,1.0
P7_EN,philosophical,7,en,The limits of understanding another person,music,music,0kC2pQf3a4Cdvs16KTbWCC,Question And Answer,,0.446069598197937,5,,base,music|0kC2pQf3a4Cdvs16KTbWCC|The limits of understanding another person,a,1.0
P7_EN,philosophical,7,en,The limits of understanding another person,music,music,4A2ACnyRUwxcfKiQypDwFy,Walk the Walk,,0.4441695213317871,6,,base,music|4A2ACnyRUwxcfKiQypDwFy|The limits of understanding another person,a,1.0
P7_EN,philosophical,7,en,The limits of understanding another person,music,music,13Mzo1l88eZPohxdl5T1qv,Round & Round,,0.4402678310871124,7,,base,music|13Mzo1l88eZPohxdl5T1qv|The limits of understanding another person,x,0.0
P7_EN,philosophical,7,en,The limits of understanding another person,music,music,4zRZAmBQP8vhNPf9i9opXt,8 Letters,,0.4398653209209442,8,,base,music|4zRZAmBQP8vhNPf9i9opXt|The limits of understanding another person,a,1.0
P7_EN,philosophical,7,en,The limits of understanding another person,music,music,567gPvGfxxKoZxDKqM9tEl,Parallel Line,,0.4393947124481201,9,,base,music|567gPvGfxxKoZxDKqM9tEl|The limits of understanding another person,a,1.0
P7_EN,philosophical,7,en,The limits of understanding another person,music,music,19Atssu8qmXPrB9jnxeqZZ,"Left Brain, Right Brain",,0.4340844750404358,10,,base,music|19Atssu8qmXPrB9jnxeqZZ|The limits of understanding another person,x,0.0
P7_EN,philosophical,7,en,The limits of understanding another person,book,book,gr_17415877-the-equanimity-knowledge,The Equanimity Knowledge,,0.6540424823760986,1,,base,book|gr_17415877-the-equanimity-knowledge|The limits of understanding another person,x,0.0
P7_EN,philosophical,7,en,The limits of understanding another person,book,book,bx_0330355953,Why don't people listen?,,0.6376029253005981,2,,base,book|bx_0330355953|The limits of understanding another person,a,1.0
P7_EN,philosophical,7,en,The limits of understanding another person,book,book,gr_43848929-talking-to-strangers,Talking to Strangers: What We Should Know About the People We Don’t Know,,0.6175822615623474,3,,base,book|gr_43848929-talking-to-strangers|The limits of understanding another person,a,1.0
P7_EN,philosophical,7,en,The limits of understanding another person,book,book,bx_0142000868,Thinks,,0.6162699460983276,4,,base,book|bx_0142000868|The limits of understanding another person,x,0.0
P7_EN,philosophical,7,en,The limits of understanding another person,book,book,gr_162314.Why_Men_Don_t_Listen_and_Women_Can_t_Read_Maps,Why Men Don't Listen and Women Can't Read Maps: How We're Different and What to Do About It,,0.6062870621681213,5,,base,book|gr_162314.Why_Men_Don_t_Listen_and_Women_Can_t_Read_Maps|The limits of understanding another person,a,1.0
P7_EN,philosophical,7,en,The limits of understanding another person,book,book,bx_0345407113,The  Conversation Piece: Creative Questions to Tickle the Mind,,0.6027015447616577,6,,base,book|bx_0345407113|The limits of understanding another person,a,1.0
P7_EN,philosophical,7,en,The limits of understanding another person,book,book,bx_0195106423,Love Is a Story: A New Theory of Relationships,,0.6017723679542542,7,,base,book|bx_0195106423|The limits of understanding another person,x,0.0
P7_EN,philosophical,7,en,The limits of understanding another person,book,book,bx_376433018X,The Mathematical Experience,,0.601737380027771,8,,base,book|bx_376433018X|The limits of understanding another person,x,0.0
P7_EN,philosophical,7,en,The limits of understanding another person,book,book,bx_0140289216,Sociolinguistics: An Introduction to Language and Society,,0.5998417735099792,9,,base,book|bx_0140289216|The limits of understanding another person,a,1.0
P7_EN,philosophical,7,en,The limits of understanding another person,book,book,gr_41777.Mike_Nelson_s_Mind_over_Matters,Mike Nelson's Mind over Matters,,0.5986270904541016,10,,base,book|gr_41777.Mike_Nelson_s_Mind_over_Matters|The limits of understanding another person,x,0.0
P7_EN,philosophical,7,en,The limits of understanding another person,all,book,gr_17415877-the-equanimity-knowledge,The Equanimity Knowledge,,0.6540424823760986,1,,base,book|gr_17415877-the-equanimity-knowledge|The limits of understanding another person,x,0.0
P7_EN,philosophical,7,en,The limits of understanding another person,all,book,bx_0330355953,Why don't people listen?,,0.6376029253005981,2,,base,book|bx_0330355953|The limits of understanding another person,a,1.0
P7_EN,philosophical,7,en,The limits of understanding another person,all,movie,275584,Paradigm (1970),,0.6272364854812622,3,,base,movie|275584|The limits of understanding another person,a,1.0
P7_EN,philosophical,7,en,The limits of understanding another person,all,book,gr_43848929-talking-to-strangers,Talking to Strangers: What We Should Know About the People We Don’t Know,,0.6175822615623474,4,,base,book|gr_43848929-talking-to-strangers|The limits of understanding another person,a,1.0
P7_EN,philosophical,7,en,The limits of understanding another person,all,book,bx_0142000868,Thinks,,0.6162699460983276,5,,base,book|bx_0142000868|The limits of understanding another person,x,0.0
P7_EN,philosophical,7,en,The limits of understanding another person,all,movie,1817287,Is the Man Who Is Tall Happy? (2013),,0.608015775680542,6,,base,movie|1817287|The limits of understanding another person,a,1.0
P7_EN,philosophical,7,en,The limits of understanding another person,all,book,gr_162314.Why_Men_Don_t_Listen_and_Women_Can_t_Read_Maps,Why Men Don't Listen and Women Can't Read Maps: How We're Different and What to Do About It,,0.6062870621681213,7,,base,book|gr_162314.Why_Men_Don_t_Listen_and_Women_Can_t_Read_Maps|The limits of understanding another person,a,1.0
P7_EN,philosophical,7,en,The limits of understanding another person,all,book,bx_0345407113,The  Conversation Piece: Creative Questions to Tickle the Mind,,0.6027015447616577,8,,base,book|bx_0345407113|The limits of understanding another person,a,1.0
P7_EN,philosophical,7,en,The limits of understanding another person,all,book,bx_0195106423,Love Is a Story: A New Theory of Relationships,,0.6017723679542542,9,,base,book|bx_0195106423|The limits of understanding another person,x,0.0
P7_EN,philosophical,7,en,The limits of understanding another person,all,book,bx_376433018X,The Mathematical Experience,,0.601737380027771,10,,base,book|bx_376433018X|The limits of understanding another person,x,0.0
P8_EN,philosophical,8,en,The weight of a life facing its end,movie,movie,2094949,Svend (2011),,0.5692740082740784,1,,base,movie|2094949|The weight of a life facing its end,a,1.0
P8_EN,philosophical,8,en,The weight of a life facing its end,movie,movie,1715802,How to Die in Oregon (2011),,0.5483434796333313,2,,base,movie|1715802|The weight of a life facing its end,a,1.0
P8_EN,philosophical,8,en,The weight of a life facing its end,movie,movie,77504,The End (1978),,0.5458343625068665,3,,base,movie|77504|The weight of a life facing its end,o,2.0
P8_EN,philosophical,8,en,The weight of a life facing its end,movie,movie,1516002,A Beginner's Guide to Endings (2010),,0.5190911293029785,4,,base,movie|1516002|The weight of a life facing its end,a,1.0
P8_EN,philosophical,8,en,The weight of a life facing its end,movie,movie,364484,Long Gone (2003),,0.5183187127113342,5,,base,movie|364484|The weight of a life facing its end,x,0.0
P8_EN,philosophical,8,en,The weight of a life facing its end,movie,movie,4221762,TransFatty Lives (2015),,0.5172621607780457,6,,base,movie|4221762|The weight of a life facing its end,a,1.0
P8_EN,philosophical,8,en,The weight of a life facing its end,movie,movie,2836450,Aziz Ansari: Buried Alive (2013),,0.5157564878463745,7,,base,movie|2836450|The weight of a life facing its end,x,0.0
P8_EN,philosophical,8,en,The weight of a life facing its end,movie,movie,342180,A Certain Kind of Death (2003),,0.5135794878005981,8,,base,movie|342180|The weight of a life facing its end,a,1.0
P8_EN,philosophical,8,en,The weight of a life facing its end,movie,movie,379269,Dying at Grace (2003),,0.5120236277580261,9,,base,movie|379269|The weight of a life facing its end,o,2.0
P8_EN,philosophical,8,en,The weight of a life facing its end,movie,movie,1189349,A Necessary Death (2008),,0.5113192796707153,10,,base,movie|1189349|The weight of a life facing its end,a,1.0
P8_EN,philosophical,8,en,The weight of a life facing its end,music,music,5f9JYuHSIHjp6rggue13RS,Mahogany,,0.5992745161056519,1,,base,music|5f9JYuHSIHjp6rggue13RS|The weight of a life facing its end,x,0.0
P8_EN,philosophical,8,en,The weight of a life facing its end,music,music,7B1QliUMZv7gSTUGAfMRRD,Live Like You Were Dying,,0.5828173160552979,2,,base,music|7B1QliUMZv7gSTUGAfMRRD|The weight of a life facing its end,a,1.0
P8_EN,philosophical,8,en,The weight of a life facing its end,music,music,7EFho37SrizYaQ2NVxLejd,Skin O' My Teeth - Remastered,,0.5495750308036804,3,,base,music|7EFho37SrizYaQ2NVxLejd|The weight of a life facing its end,a,1.0
P8_EN,philosophical,8,en,The weight of a life facing its end,music,music,1wIQtB3UQ1TfjNMZZqO6eh,everybody dies,,0.5492637157440186,4,,base,music|1wIQtB3UQ1TfjNMZZqO6eh|The weight of a life facing its end,a,1.0
P8_EN,philosophical,8,en,The weight of a life facing its end,music,music,19m3E0nMZobyA93AxMXC32,I'm Still,,0.5460208654403687,5,,base,music|19m3E0nMZobyA93AxMXC32|The weight of a life facing its end,a,1.0
P8_EN,philosophical,8,en,The weight of a life facing its end,music,music,1AOisyOwLgQ7EveVBCo0GG,I Don't Love,,0.5400989651679993,6,,base,music|1AOisyOwLgQ7EveVBCo0GG|The weight of a life facing its end,a,1.0
P8_EN,philosophical,8,en,The weight of a life facing its end,music,music,3yiIyJMMR5rbAQFWXYrsdj,Redemption Day,,0.5379928350448608,7,,base,music|3yiIyJMMR5rbAQFWXYrsdj|The weight of a life facing its end,a,1.0
P8_EN,philosophical,8,en,The weight of a life facing its end,music,music,1xADYlM5rjnbJvAW2tc0qF,Ain't No Grave,,0.5341753959655762,8,,base,music|1xADYlM5rjnbJvAW2tc0qF|The weight of a life facing its end,a,1.0
P8_EN,philosophical,8,en,The weight of a life facing its end,music,music,0304Y3lXclcRh5N50KJ3sE,This Is Letting Go,,0.5314359664916992,9,,base,music|0304Y3lXclcRh5N50KJ3sE|The weight of a life facing its end,o,2.0
P8_EN,philosophical,8,en,The weight of a life facing its end,music,music,75rctYH1J87zkJ51c4cxaq,Guys Like You Make Us Look Bad,,0.5241612792015076,10,,base,music|75rctYH1J87zkJ51c4cxaq|The weight of a life facing its end,a,1.0
P8_EN,philosophical,8,en,The weight of a life facing its end,book,book,gr_3845819-death,Death: A Life,,0.6222004890441895,1,,base,book|gr_3845819-death|The weight of a life facing its end,a,1.0
P8_EN,philosophical,8,en,The weight of a life facing its end,book,book,kdl_B00VZZNH7W,The Good Death: An Exploration of Dying in America,,0.6020934581756592,2,,base,book|kdl_B00VZZNH7W|The weight of a life facing its end,a,1.0
P8_EN,philosophical,8,en,The weight of a life facing its end,book,book,gr_19092231-surviving-suicide,Surviving Suicide,,0.5890436172485352,3,,base,book|gr_19092231-surviving-suicide|The weight of a life facing its end,a,1.0
P8_EN,philosophical,8,en,The weight of a life facing its end,book,book,gr_13529055-mortality,Mortality,,0.5866143703460693,4,,base,book|gr_13529055-mortality|The weight of a life facing its end,a,1.0
P8_EN,philosophical,8,en,The weight of a life facing its end,book,book,bx_8433968181,El Capitan Salio a Comer,,0.5807607173919678,5,,base,book|bx_8433968181|The weight of a life facing its end,x,0.0
P8_EN,philosophical,8,en,The weight of a life facing its end,book,book,gr_5569027-ademloos,Ademloos,,0.5741323232650757,6,,base,book|gr_5569027-ademloos|The weight of a life facing its end,a,1.0
P8_EN,philosophical,8,en,The weight of a life facing its end,book,book,gr_486298.Death_Be_Not_Proud,Death Be Not Proud,,0.5709960460662842,7,,base,book|gr_486298.Death_Be_Not_Proud|The weight of a life facing its end,a,1.0
P8_EN,philosophical,8,en,The weight of a life facing its end,book,book,bx_0440237084,Left for Dead: My Journey Home from Everest,,0.5677146911621094,8,,base,book|bx_0440237084|The weight of a life facing its end,a,1.0
P8_EN,philosophical,8,en,The weight of a life facing its end,book,book,gr_50695.Everyman,Everyman,,0.5532600283622742,9,,base,book|gr_50695.Everyman|The weight of a life facing its end,a,1.0
P8_EN,philosophical,8,en,The weight of a life facing its end,book,book,kdl_B009JWCRJC,To the End of June: The Intimate Life of American Foster Care,,0.5524249076843262,10,,base,book|kdl_B009JWCRJC|The weight of a life facing its end,a,1.0
P8_EN,philosophical,8,en,The weight of a life facing its end,all,book,gr_3845819-death,Death: A Life,,0.6222004890441895,1,,base,book|gr_3845819-death|The weight of a life facing its end,a,1.0
P8_EN,philosophical,8,en,The weight of a life facing its end,all,book,kdl_B00VZZNH7W,The Good Death: An Exploration of Dying in America,,0.6020934581756592,2,,base,book|kdl_B00VZZNH7W|The weight of a life facing its end,a,1.0
P8_EN,philosophical,8,en,The weight of a life facing its end,all,music,5f9JYuHSIHjp6rggue13RS,Mahogany,,0.5992745161056519,3,,base,music|5f9JYuHSIHjp6rggue13RS|The weight of a life facing its end,x,0.0
P8_EN,philosophical,8,en,The weight of a life facing its end,all,book,gr_19092231-surviving-suicide,Surviving Suicide,,0.5890436172485352,4,,base,book|gr_19092231-surviving-suicide|The weight of a life facing its end,a,1.0
P8_EN,philosophical,8,en,The weight of a life facing its end,all,book,gr_13529055-mortality,Mortality,,0.5866143703460693,5,,base,book|gr_13529055-mortality|The weight of a life facing its end,a,1.0
P8_EN,philosophical,8,en,The weight of a life facing its end,all,music,7B1QliUMZv7gSTUGAfMRRD,Live Like You Were Dying,,0.5828173160552979,6,,base,music|7B1QliUMZv7gSTUGAfMRRD|The weight of a life facing its end,a,1.0
P8_EN,philosophical,8,en,The weight of a life facing its end,all,book,bx_8433968181,El Capitan Salio a Comer,,0.5807607173919678,7,,base,book|bx_8433968181|The weight of a life facing its end,x,0.0
P8_EN,philosophical,8,en,The weight of a life facing its end,all,book,gr_5569027-ademloos,Ademloos,,0.5741323232650757,8,,base,book|gr_5569027-ademloos|The weight of a life facing its end,a,1.0
P8_EN,philosophical,8,en,The weight of a life facing its end,all,book,gr_486298.Death_Be_Not_Proud,Death Be Not Proud,,0.5709960460662842,9,,base,book|gr_486298.Death_Be_Not_Proud|The weight of a life facing its end,a,1.0
P8_EN,philosophical,8,en,The weight of a life facing its end,all,movie,2094949,Svend (2011),,0.5692740082740784,10,,base,movie|2094949|The weight of a life facing its end,a,1.0
P9_EN,philosophical,9,en,Choosing between being right and being kind,movie,movie,1935065,Not Suitable for Children (2012),,0.5649094581604004,1,,base,movie|1935065|Choosing between being right and being kind,x,0.0
P9_EN,philosophical,9,en,Choosing between being right and being kind,movie,movie,1817287,Is the Man Who Is Tall Happy? (2013),,0.5373039245605469,2,,base,movie|1817287|Choosing between being right and being kind,a,1.0
P9_EN,philosophical,9,en,Choosing between being right and being kind,movie,movie,120151,A Smile Like Yours (1997),,0.5324101448059082,3,,base,movie|120151|Choosing between being right and being kind,a,1.0
P9_EN,philosophical,9,en,Choosing between being right and being kind,movie,movie,986272,Validation (2007),,0.5137768983840942,4,,base,movie|986272|Choosing between being right and being kind,a,1.0
P9_EN,philosophical,9,en,Choosing between being right and being kind,movie,movie,858479,Smart People (2008),,0.4983689188957214,5,,base,movie|858479|Choosing between being right and being kind,a,1.0
P9_EN,philosophical,9,en,Choosing between being right and being kind,movie,movie,858479,Smart People (2008),,0.4983689188957214,6,,base,movie|858479|Choosing between being right and being kind,a,1.0
P9_EN,philosophical,9,en,Choosing between being right and being kind,movie,movie,3720724,Requisitos para ser una persona normal (2015),,0.4924444854259491,7,,base,movie|3720724|Choosing between being right and being kind,a,1.0
P9_EN,philosophical,9,en,Choosing between being right and being kind,movie,movie,1376709,I Love You Too (2010),,0.4876675307750702,8,,base,movie|1376709|Choosing between being right and being kind,a,1.0
P9_EN,philosophical,9,en,Choosing between being right and being kind,movie,movie,282593,I'm with Lucy (2002),,0.4875740706920624,9,,base,movie|282593|Choosing between being right and being kind,a,1.0
P9_EN,philosophical,9,en,Choosing between being right and being kind,movie,movie,223897,Pay It Forward (2000),,0.4874016046524048,10,,base,movie|223897|Choosing between being right and being kind,a,1.0
P9_EN,philosophical,9,en,Choosing between being right and being kind,music,music,2VYF84ZzEofEYYg0cCxETc,Try A Little Kindness,,0.4648885428905487,1,,base,music|2VYF84ZzEofEYYg0cCxETc|Choosing between being right and being kind,o,2.0
P9_EN,philosophical,9,en,Choosing between being right and being kind,music,music,1JrNAxiq1o57wxuI9aX6KJ,Teacher - Single Mix; 2001 Remaster,,0.4324069023132324,2,,base,music|1JrNAxiq1o57wxuI9aX6KJ|Choosing between being right and being kind,a,1.0
P9_EN,philosophical,9,en,Choosing between being right and being kind,music,music,31FRR27ahNjI9CvS9qoFPr,Real Love,,0.4323336780071258,3,,base,music|31FRR27ahNjI9CvS9qoFPr|Choosing between being right and being kind,a,1.0
P9_EN,philosophical,9,en,Choosing between being right and being kind,music,music,3fN8djLf2uPJp993x5Jyex,Do It Good,,0.4160899221897125,4,,base,music|3fN8djLf2uPJp993x5Jyex|Choosing between being right and being kind,a,1.0
P9_EN,philosophical,9,en,Choosing between being right and being kind,music,music,5DzeyaeuMS80NIKa43lng0,Change The World,,0.408951461315155,5,,base,music|5DzeyaeuMS80NIKa43lng0|Choosing between being right and being kind,a,1.0
P9_EN,philosophical,9,en,Choosing between being right and being kind,music,music,64bKVrkaXQAKx04dLHqCNz,Think For Yourself - Remastered 2009,,0.4063169360160827,6,,base,music|64bKVrkaXQAKx04dLHqCNz|Choosing between being right and being kind,a,1.0
P9_EN,philosophical,9,en,Choosing between being right and being kind,music,music,2DxX9x7Cmywikp14l1YUdk,Who's Making Love,,0.3961254060268402,7,,base,music|2DxX9x7Cmywikp14l1YUdk|Choosing between being right and being kind,x,0.0
P9_EN,philosophical,9,en,Choosing between being right and being kind,music,music,7ti94QY6CIjiEEKEqgGRLw,Take It Like a Man,,0.3954982459545135,8,,base,music|7ti94QY6CIjiEEKEqgGRLw|Choosing between being right and being kind,x,0.0
P9_EN,philosophical,9,en,Choosing between being right and being kind,music,music,2MuwL6v9qAOUag4fM4m1PA,Good for You,,0.3936125040054321,9,,base,music|2MuwL6v9qAOUag4fM4m1PA|Choosing between being right and being kind,a,1.0
P9_EN,philosophical,9,en,Choosing between being right and being kind,music,music,29eSqQBrdva2tPLYMneFzP,No Debate (feat. Young Thug),,0.3924235105514526,10,,base,music|29eSqQBrdva2tPLYMneFzP|Choosing between being right and being kind,x,0.0
P9_EN,philosophical,9,en,Choosing between being right and being kind,book,book,gr_18373291-congratulations-by-the-way,"Congratulations, by the way: Some Thoughts on Kindness",,0.6754647493362427,1,,base,book|gr_18373291-congratulations-by-the-way|Choosing between being right and being kind,o,2.0
P9_EN,philosophical,9,en,Choosing between being right and being kind,book,book,kdl_B07MTBJKBM,"Raising Good Humans: A Mindful Guide to Breaking the Cycle of Reactive Parenting and Raising Kind, Confident Kids",,0.6503970623016357,2,,base,book|kdl_B07MTBJKBM|Choosing between being right and being kind,a,1.0
P9_EN,philosophical,9,en,Choosing between being right and being kind,book,book,kdl_B07T6C3R2Y,Parenting with Love and Logic: Teaching Children Responsibility,,0.6435092687606812,3,,base,book|kdl_B07T6C3R2Y|Choosing between being right and being kind,x,0.0
P9_EN,philosophical,9,en,Choosing between being right and being kind,book,book,kdl_B07JYF3LBR,The War for Kindness: Building Empathy in a Fractured World,,0.626818060874939,4,,base,book|kdl_B07JYF3LBR|Choosing between being right and being kind,a,1.0
P9_EN,philosophical,9,en,Choosing between being right and being kind,book,book,bx_1572240814,Becoming a Wise Parent for Your Grown Child: How to Give Love and Support Without Meddling,,0.6121188402175903,5,,base,book|bx_1572240814|Choosing between being right and being kind,x,0.0
P9_EN,philosophical,9,en,Choosing between being right and being kind,book,book,kdl_B01MSQVP3H,"The Five Side-effects of Kindness: This Book Will Make You Feel Better, Be Happier & Live Longer",,0.611701488494873,6,,base,book|kdl_B01MSQVP3H|Choosing between being right and being kind,a,1.0
P9_EN,philosophical,9,en,Choosing between being right and being kind,book,book,bx_080661711X,Friendship Factor: How to Get Closer to the People You Care for,,0.6039626002311707,7,,base,book|bx_080661711X|Choosing between being right and being kind,a,1.0
P9_EN,philosophical,9,en,Choosing between being right and being kind,book,book,kdl_B001A6ZWM4,Parent Effectiveness Training: The Proven Program for Raising Responsible Children,,0.5959283113479614,8,,base,book|kdl_B001A6ZWM4|Choosing between being right and being kind,a,1.0
P9_EN,philosophical,9,en,Choosing between being right and being kind,book,book,kdl_B075C9LFNX,Now Say This: The Right Words to Solve Every Parenting Dilemma,,0.5951041579246521,9,,base,book|kdl_B075C9LFNX|Choosing between being right and being kind,a,1.0
P9_EN,philosophical,9,en,Choosing between being right and being kind,book,book,bx_0060987359,Happiness Is a Serious Problem : A Human Nature Repair Manual,,0.5939969420433044,10,,base,book|bx_0060987359|Choosing between being right and being kind,a,1.0
P9_EN,philosophical,9,en,Choosing between being right and being kind,all,book,gr_18373291-congratulations-by-the-way,"Congratulations, by the way: Some Thoughts on Kindness",,0.6754647493362427,1,,base,book|gr_18373291-congratulations-by-the-way|Choosing between being right and being kind,o,2.0
P9_EN,philosophical,9,en,Choosing between being right and being kind,all,book,kdl_B07MTBJKBM,"Raising Good Humans: A Mindful Guide to Breaking the Cycle of Reactive Parenting and Raising Kind, Confident Kids",,0.6503970623016357,2,,base,book|kdl_B07MTBJKBM|Choosing between being right and being kind,a,1.0
P9_EN,philosophical,9,en,Choosing between being right and being kind,all,book,kdl_B07T6C3R2Y,Parenting with Love and Logic: Teaching Children Responsibility,,0.6435092687606812,3,,base,book|kdl_B07T6C3R2Y|Choosing between being right and being kind,x,0.0
P9_EN,philosophical,9,en,Choosing between being right and being kind,all,book,kdl_B07JYF3LBR,The War for Kindness: Building Empathy in a Fractured World,,0.626818060874939,4,,base,book|kdl_B07JYF3LBR|Choosing between being right and being kind,a,1.0
P9_EN,philosophical,9,en,Choosing between being right and being kind,all,book,bx_1572240814,Becoming a Wise Parent for Your Grown Child: How to Give Love and Support Without Meddling,,0.6121188402175903,5,,base,book|bx_1572240814|Choosing between being right and being kind,x,0.0
P9_EN,philosophical,9,en,Choosing between being right and being kind,all,book,kdl_B01MSQVP3H,"The Five Side-effects of Kindness: This Book Will Make You Feel Better, Be Happier & Live Longer",,0.611701488494873,6,,base,book|kdl_B01MSQVP3H|Choosing between being right and being kind,a,1.0
P9_EN,philosophical,9,en,Choosing between being right and being kind,all,book,bx_080661711X,Friendship Factor: How to Get Closer to the People You Care for,,0.6039626002311707,7,,base,book|bx_080661711X|Choosing between being right and being kind,a,1.0
P9_EN,philosophical,9,en,Choosing between being right and being kind,all,book,kdl_B001A6ZWM4,Parent Effectiveness Training: The Proven Program for Raising Responsible Children,,0.5959283113479614,8,,base,book|kdl_B001A6ZWM4|Choosing between being right and being kind,a,1.0
P9_EN,philosophical,9,en,Choosing between being right and being kind,all,book,kdl_B075C9LFNX,Now Say This: The Right Words to Solve Every Parenting Dilemma,,0.5951041579246521,9,,base,book|kdl_B075C9LFNX|Choosing between being right and being kind,a,1.0
P9_EN,philosophical,9,en,Choosing between being right and being kind,all,book,bx_0060987359,Happiness Is a Serious Problem : A Human Nature Repair Manual,,0.5939969420433044,10,,base,book|bx_0060987359|Choosing between being right and being kind,a,1.0
P10_EN,philosophical,10,en,Meaning inside a repeating daily life,movie,movie,196499,Walden (1969),,0.5542566776275635,1,,base,movie|196499|Meaning inside a repeating daily life,a,1.0
P10_EN,philosophical,10,en,Meaning inside a repeating daily life,movie,movie,1706542,The Ah of Life (2010),,0.5350674390792847,2,,base,movie|1706542|Meaning inside a repeating daily life,a,1.0
P10_EN,philosophical,10,en,Meaning inside a repeating daily life,movie,movie,304808,Ten Minutes Older: The Trumpet (2002),,0.5309318900108337,3,,base,movie|304808|Meaning inside a repeating daily life,a,1.0
P10_EN,philosophical,10,en,Meaning inside a repeating daily life,movie,movie,1172957,How to Live Forever (2009),,0.5058249235153198,4,,base,movie|1172957|Meaning inside a repeating daily life,a,1.0
P10_EN,philosophical,10,en,Meaning inside a repeating daily life,movie,movie,115738,Box of Moon Light (1996),,0.5038013458251953,5,,base,movie|115738|Meaning inside a repeating daily life,a,1.0
P10_EN,philosophical,10,en,Meaning inside a repeating daily life,movie,movie,400913,Uuno Turhapuro - This Is My Life (2004),,0.4971950650215149,6,,base,movie|400913|Meaning inside a repeating daily life,a,1.0
P10_EN,philosophical,10,en,Meaning inside a repeating daily life,movie,movie,156917,PÌ´ palmblad och rosor (1976),,0.4960122108459472,7,,base,movie|156917|Meaning inside a repeating daily life,a,1.0
P10_EN,philosophical,10,en,Meaning inside a repeating daily life,movie,movie,113642,Lettera Amorosa (1995),,0.470851182937622,8,,base,movie|113642|Meaning inside a repeating daily life,a,1.0
P10_EN,philosophical,10,en,Meaning inside a repeating daily life,movie,movie,5290524,Quo vado? (2016),,0.4678106606006622,9,,base,movie|5290524|Meaning inside a repeating daily life,a,1.0
P10_EN,philosophical,10,en,Meaning inside a repeating daily life,movie,movie,304483,Normaal - Ik kom altied weer terug (2001),,0.4658667743206024,10,,base,movie|304483|Meaning inside a repeating daily life,a,1.0
P10_EN,philosophical,10,en,Meaning inside a repeating daily life,music,music,5KTaAvodoyuWIUOetdsEFd,Never Ending Math Equation,,0.4904215335845947,1,,base,music|5KTaAvodoyuWIUOetdsEFd|Meaning inside a repeating daily life,a,1.0
P10_EN,philosophical,10,en,Meaning inside a repeating daily life,music,music,3J36VgHD5KvlNR7NinNph5,Full Circle,,0.4591959416866302,2,,base,music|3J36VgHD5KvlNR7NinNph5|Meaning inside a repeating daily life,x,0.0
P10_EN,philosophical,10,en,Meaning inside a repeating daily life,music,music,7lPjS6Yd4lRk4BsboDsm1H,Roundabout - 2008 Remaster,,0.45040363073349,3,,base,music|7lPjS6Yd4lRk4BsboDsm1H|Meaning inside a repeating daily life,a,1.0
P10_EN,philosophical,10,en,Meaning inside a repeating daily life,music,music,3EQBVWHnCv19VW8JSxiNzi,20 Years,,0.446428894996643,4,,base,music|3EQBVWHnCv19VW8JSxiNzi|Meaning inside a repeating daily life,a,1.0
P10_EN,philosophical,10,en,Meaning inside a repeating daily life,music,music,77iRifbhkJGvGBBRNykUwN,Suddenly,,0.43925541639328,5,,base,music|77iRifbhkJGvGBBRNykUwN|Meaning inside a repeating daily life,a,1.0
P10_EN,philosophical,10,en,Meaning inside a repeating daily life,music,music,1yCrLCtLupqZCXRKaNBWut,What You Are,,0.4376399517059326,6,,base,music|1yCrLCtLupqZCXRKaNBWut|Meaning inside a repeating daily life,a,1.0
P10_EN,philosophical,10,en,Meaning inside a repeating daily life,music,music,2mGpfyZuvwQT7qimhly4S1,The Destination,,0.4339644908905029,7,,base,music|2mGpfyZuvwQT7qimhly4S1|Meaning inside a repeating daily life,a,1.0
P10_EN,philosophical,10,en,Meaning inside a repeating daily life,music,music,7EngpMPwriHk8e2WNfzU4l,Blue Red And Grey,,0.4290496110916137,8,,base,music|7EngpMPwriHk8e2WNfzU4l|Meaning inside a repeating daily life,a,1.0
P10_EN,philosophical,10,en,Meaning inside a repeating daily life,music,music,72zsr1jSMnaMPtl713jXeJ,Bury Me With It,,0.4168357849121094,9,,base,music|72zsr1jSMnaMPtl713jXeJ|Meaning inside a repeating daily life,a,1.0
P10_EN,philosophical,10,en,Meaning inside a repeating daily life,music,music,6QSmeY9pNWnE0fAUrXmYC7,We Are Nowhere And It's Now,,0.4155872762203216,10,,base,music|6QSmeY9pNWnE0fAUrXmYC7|Meaning inside a repeating daily life,a,1.0
P10_EN,philosophical,10,en,Meaning inside a repeating daily life,book,book,gr_39872.Encyclopedia_of_an_Ordinary_Life,Encyclopedia of an Ordinary Life,,0.6465147733688354,1,,base,book|gr_39872.Encyclopedia_of_an_Ordinary_Life|Meaning inside a repeating daily life,a,1.0
P10_EN,philosophical,10,en,Meaning inside a repeating daily life,book,book,kdl_B01B616SQG,Cómo fracasar en casi todo y aun así triunfar: Algo así como la historia de mi vida (Gestion Del Conocimiento) (Spanish Edition),,0.6219342350959778,2,,base,book|kdl_B01B616SQG|Meaning inside a repeating daily life,x,0.0
P10_EN,philosophical,10,en,Meaning inside a repeating daily life,book,book,gr_2252947.Not_Quite_What_I_Was_Planning,Not Quite What I Was Planning: Six-Word Memoirs by Writers Famous and Obscure,,0.599014163017273,3,,base,book|gr_2252947.Not_Quite_What_I_Was_Planning|Meaning inside a repeating daily life,a,1.0
P10_EN,philosophical,10,en,Meaning inside a repeating daily life,book,book,gr_7151711-ile,ile,,0.5937691926956177,4,,base,book|gr_7151711-ile|Meaning inside a repeating daily life,a,1.0
P10_EN,philosophical,10,en,Meaning inside a repeating daily life,book,book,bx_0590426176,Do You Know What Day Tomorrow Is?: A Teachers Almanac,,0.5832727551460266,5,,base,book|bx_0590426176|Meaning inside a repeating daily life,x,0.0
P10_EN,philosophical,10,en,Meaning inside a repeating daily life,book,book,kdl_B089SPTBWX,The Best of Me,,0.5785356163978577,6,,base,book|kdl_B089SPTBWX|Meaning inside a repeating daily life,x,0.0
P10_EN,philosophical,10,en,Meaning inside a repeating daily life,book,book,bx_0446516511,How Did I Get Here So Fast?: Rhetorical Questions and Available Answers from a Long and Happy Life,,0.5716968774795532,7,,base,book|bx_0446516511|Meaning inside a repeating daily life,x,0.0
P10_EN,philosophical,10,en,Meaning inside a repeating daily life,book,book,bx_0913668583,The Three Boxes of Life and How to Get Out of Them: An Introduction to Life-Work Planning,,0.5704766511917114,8,,base,book|bx_0913668583|Meaning inside a repeating daily life,x,0.0
P10_EN,philosophical,10,en,Meaning inside a repeating daily life,book,book,bx_1558746927,"The 60-Second Novelist - What 22,613 People Taught Me About Life",,0.5693635940551758,9,,base,book|bx_1558746927|Meaning inside a repeating daily life,a,1.0
P10_EN,philosophical,10,en,Meaning inside a repeating daily life,book,book,kdl_B0BFJV7TQ7,The Wisdom of Morrie: Living and Aging Creatively and Joyfully,,0.5627471804618835,10,,base,book|kdl_B0BFJV7TQ7|Meaning inside a repeating daily life,a,1.0
P10_EN,philosophical,10,en,Meaning inside a repeating daily life,all,book,gr_39872.Encyclopedia_of_an_Ordinary_Life,Encyclopedia of an Ordinary Life,,0.6465147733688354,1,,base,book|gr_39872.Encyclopedia_of_an_Ordinary_Life|Meaning inside a repeating daily life,a,1.0
P10_EN,philosophical,10,en,Meaning inside a repeating daily life,all,book,kdl_B01B616SQG,Cómo fracasar en casi todo y aun así triunfar: Algo así como la historia de mi vida (Gestion Del Conocimiento) (Spanish Edition),,0.6219342350959778,2,,base,book|kdl_B01B616SQG|Meaning inside a repeating daily life,x,0.0
P10_EN,philosophical,10,en,Meaning inside a repeating daily life,all,book,gr_2252947.Not_Quite_What_I_Was_Planning,Not Quite What I Was Planning: Six-Word Memoirs by Writers Famous and Obscure,,0.599014163017273,3,,base,book|gr_2252947.Not_Quite_What_I_Was_Planning|Meaning inside a repeating daily life,a,1.0
P10_EN,philosophical,10,en,Meaning inside a repeating daily life,all,book,gr_7151711-ile,ile,,0.5937691926956177,4,,base,book|gr_7151711-ile|Meaning inside a repeating daily life,a,1.0
P10_EN,philosophical,10,en,Meaning inside a repeating daily life,all,book,bx_0590426176,Do You Know What Day Tomorrow Is?: A Teachers Almanac,,0.5832727551460266,5,,base,book|bx_0590426176|Meaning inside a repeating daily life,x,0.0
P10_EN,philosophical,10,en,Meaning inside a repeating daily life,all,book,kdl_B089SPTBWX,The Best of Me,,0.5785356163978577,6,,base,book|kdl_B089SPTBWX|Meaning inside a repeating daily life,x,0.0
P10_EN,philosophical,10,en,Meaning inside a repeating daily life,all,book,bx_0446516511,How Did I Get Here So Fast?: Rhetorical Questions and Available Answers from a Long and Happy Life,,0.5716968774795532,7,,base,book|bx_0446516511|Meaning inside a repeating daily life,x,0.0
P10_EN,philosophical,10,en,Meaning inside a repeating daily life,all,book,bx_0913668583,The Three Boxes of Life and How to Get Out of Them: An Introduction to Life-Work Planning,,0.5704766511917114,8,,base,book|bx_0913668583|Meaning inside a repeating daily life,x,0.0
P10_EN,philosophical,10,en,Meaning inside a repeating daily life,all,book,bx_1558746927,"The 60-Second Novelist - What 22,613 People Taught Me About Life",,0.5693635940551758,9,,base,book|bx_1558746927|Meaning inside a repeating daily life,a,1.0
P10_EN,philosophical,10,en,Meaning inside a repeating daily life,all,book,kdl_B0BFJV7TQ7,The Wisdom of Morrie: Living and Aging Creatively and Joyfully,,0.5627471804618835,10,,base,book|kdl_B0BFJV7TQ7|Meaning inside a repeating daily life,a,1.0
T5_EN,poet,5,en,A heart cooling like forgotten coffee,movie,movie,1436572,CafÌ© (2011),,0.5887211561203003,1,,base,movie|1436572|A heart cooling like forgotten coffee,a,1.0
T5_EN,poet,5,en,A heart cooling like forgotten coffee,movie,movie,397696,Un cartus de kent si un pachet de cafea (2004),,0.577711284160614,2,,base,movie|397696|A heart cooling like forgotten coffee,x,0.0
T5_EN,poet,5,en,A heart cooling like forgotten coffee,movie,movie,323872,Salmer fra kjíkkenet (2003),,0.5468753576278687,3,,base,movie|323872|A heart cooling like forgotten coffee,x,0.0
T5_EN,poet,5,en,A heart cooling like forgotten coffee,movie,movie,2350496,The Lunchbox (2013),,0.5384883880615234,4,,base,movie|2350496|A heart cooling like forgotten coffee,a,1.0
T5_EN,poet,5,en,A heart cooling like forgotten coffee,movie,movie,288092,Kruh in mleko (2001),,0.5282619595527649,5,,base,movie|288092|A heart cooling like forgotten coffee,a,1.0
T5_EN,poet,5,en,A heart cooling like forgotten coffee,movie,movie,118852,Chinese Coffee (2000),,0.5241518020629883,6,,base,movie|118852|A heart cooling like forgotten coffee,a,1.0
T5_EN,poet,5,en,A heart cooling like forgotten coffee,movie,movie,101404,The Ballad of the Sad Cafe (1991),,0.5224171280860901,7,,base,movie|101404|A heart cooling like forgotten coffee,a,1.0
T5_EN,poet,5,en,A heart cooling like forgotten coffee,movie,movie,1508675,Le Havre (2011),,0.5061784982681274,8,,base,movie|1508675|A heart cooling like forgotten coffee,a,1.0
T5_EN,poet,5,en,A heart cooling like forgotten coffee,movie,movie,80461,"Bon Voyage, Charlie Brown (and Don't Come Back!!) (1980)",,0.5043530464172363,9,,base,movie|80461|A heart cooling like forgotten coffee,x,0.0
T5_EN,poet,5,en,A heart cooling like forgotten coffee,movie,movie,73198,"Jeanne Dielman, 23, quai du commerce, 1080 Bruxelles (1975)",,0.503900945186615,10,,base,movie|73198|A heart cooling like forgotten coffee,a,1.0
T5_EN,poet,5,en,A heart cooling like forgotten coffee,music,music,2Xdc6qyaFBJZ8QW1KhpVci,Soul Kitchen,,0.5756927728652954,1,,base,music|2Xdc6qyaFBJZ8QW1KhpVci|A heart cooling like forgotten coffee,x,0.0
T5_EN,poet,5,en,A heart cooling like forgotten coffee,music,music,7f9sC9fvtjYSZYOLSmKJlq,Tom's Diner,,0.5602215528488159,2,,base,music|7f9sC9fvtjYSZYOLSmKJlq|A heart cooling like forgotten coffee,a,1.0
T5_EN,poet,5,en,A heart cooling like forgotten coffee,music,music,5qdQPrWmZv8xYhMJCDrdHF,Heartache Medication,,0.5455931425094604,3,,base,music|5qdQPrWmZv8xYhMJCDrdHF|A heart cooling like forgotten coffee,a,1.0
T5_EN,poet,5,en,A heart cooling like forgotten coffee,music,music,6aPc6SSWgTsiXrrUpJCPlj,I Drive Your Truck,,0.5265474319458008,4,,base,music|6aPc6SSWgTsiXrrUpJCPlj|A heart cooling like forgotten coffee,x,0.0
T5_EN,poet,5,en,A heart cooling like forgotten coffee,music,music,7o2M1H5G247OQs98gIo10z,The Slowest Drink at the Saddest Bar on the Snowiest Day in the Greatest City,,0.5249053239822388,5,,base,music|7o2M1H5G247OQs98gIo10z|A heart cooling like forgotten coffee,a,1.0
T5_EN,poet,5,en,A heart cooling like forgotten coffee,music,music,7nzQdJorKDWFsmvIN28mMM,Far from Me,,0.5179746747016907,6,,base,music|7nzQdJorKDWFsmvIN28mMM|A heart cooling like forgotten coffee,a,1.0
T5_EN,poet,5,en,A heart cooling like forgotten coffee,music,music,3wJmcmAh2YAfDSKQR8o1XS,In Your Arms,,0.5165318250656128,7,,base,music|3wJmcmAh2YAfDSKQR8o1XS|A heart cooling like forgotten coffee,a,1.0
T5_EN,poet,5,en,A heart cooling like forgotten coffee,music,music,3wJmcmAh2YAfDSKQR8o1XS,In Your Arms,,0.5165318250656128,8,,base,music|3wJmcmAh2YAfDSKQR8o1XS|A heart cooling like forgotten coffee,a,1.0
T5_EN,poet,5,en,A heart cooling like forgotten coffee,music,music,429NtPmr12aypzFH3FkN9l,Coffee,,0.5118680000305176,9,,base,music|429NtPmr12aypzFH3FkN9l|A heart cooling like forgotten coffee,a,1.0
T5_EN,poet,5,en,A heart cooling like forgotten coffee,music,music,6Ri02Pw9FkPUvoyRxBUWvX,Black Coffee - Single Version,,0.5072491765022278,10,,base,music|6Ri02Pw9FkPUvoyRxBUWvX|A heart cooling like forgotten coffee,a,1.0
T5_EN,poet,5,en,A heart cooling like forgotten coffee,book,book,gr_9667161-il-ristorante-dell-amore-ritrovato,Il ristorante dell'amore ritrovato,,0.623852014541626,1,,base,book|gr_9667161-il-ristorante-dell-amore-ritrovato|A heart cooling like forgotten coffee,x,0.0
T5_EN,poet,5,en,A heart cooling like forgotten coffee,book,book,gr_681545.Bread_Alone,Bread Alone,,0.6235769987106323,2,,base,book|gr_681545.Bread_Alone|A heart cooling like forgotten coffee,a,1.0
T5_EN,poet,5,en,A heart cooling like forgotten coffee,book,book,gr_946516.An_Omnibus,An Omnibus: Dinner at the Homesick Restaurant / The Accidental Tourist / Breathing Lessons,,0.6156414151191711,3,,base,book|gr_946516.An_Omnibus|A heart cooling like forgotten coffee,x,0.0
T5_EN,poet,5,en,A heart cooling like forgotten coffee,book,book,gr_29894572-s-dyllinen-ainesosa,Säädyllinen ainesosa,,0.6147788763046265,4,,base,book|gr_29894572-s-dyllinen-ainesosa|A heart cooling like forgotten coffee,x,0.0
T5_EN,poet,5,en,A heart cooling like forgotten coffee,book,book,gr_77699.Dinner_at_the_Homesick_Restaurant,Dinner at the Homesick Restaurant,,0.5996005535125732,5,,base,book|gr_77699.Dinner_at_the_Homesick_Restaurant|A heart cooling like forgotten coffee,a,1.0
T5_EN,poet,5,en,A heart cooling like forgotten coffee,book,book,bx_0060084405,Bread Alone : A Novel,,0.5876725316047668,6,,base,book|bx_0060084405|A heart cooling like forgotten coffee,a,1.0
T5_EN,poet,5,en,A heart cooling like forgotten coffee,book,book,bx_0151104506,Bailey's Cafe,,0.5832598209381104,7,,base,book|bx_0151104506|A heart cooling like forgotten coffee,a,1.0
T5_EN,poet,5,en,A heart cooling like forgotten coffee,book,book,gr_6270134-1-shin-ya-shokud-1,深夜食堂 1 [Shinʼya shokudō 1],,0.5817770957946777,8,,base,book|gr_6270134-1-shin-ya-shokud-1|A heart cooling like forgotten coffee,x,0.0
T5_EN,poet,5,en,A heart cooling like forgotten coffee,book,book,gr_1244286.Filosofi_Kopi,Filosofi Kopi: Kumpulan Cerita dan Prosa Satu Dekade,,0.5801727175712585,9,,base,book|gr_1244286.Filosofi_Kopi|A heart cooling like forgotten coffee,a,1.0
T5_EN,poet,5,en,A heart cooling like forgotten coffee,book,book,gr_1355595.The_Baker_s_Apprentice,The Baker's Apprentice,,0.5738875865936279,10,,base,book|gr_1355595.The_Baker_s_Apprentice|A heart cooling like forgotten coffee,x,0.0
T5_EN,poet,5,en,A heart cooling like forgotten coffee,all,book,gr_9667161-il-ristorante-dell-amore-ritrovato,Il ristorante dell'amore ritrovato,,0.623852014541626,1,,base,book|gr_9667161-il-ristorante-dell-amore-ritrovato|A heart cooling like forgotten coffee,x,0.0
T5_EN,poet,5,en,A heart cooling like forgotten coffee,all,book,gr_681545.Bread_Alone,Bread Alone,,0.6235769987106323,2,,base,book|gr_681545.Bread_Alone|A heart cooling like forgotten coffee,a,1.0
T5_EN,poet,5,en,A heart cooling like forgotten coffee,all,book,gr_946516.An_Omnibus,An Omnibus: Dinner at the Homesick Restaurant / The Accidental Tourist / Breathing Lessons,,0.6156414151191711,3,,base,book|gr_946516.An_Omnibus|A heart cooling like forgotten coffee,x,0.0
T5_EN,poet,5,en,A heart cooling like forgotten coffee,all,book,gr_29894572-s-dyllinen-ainesosa,Säädyllinen ainesosa,,0.6147788763046265,4,,base,book|gr_29894572-s-dyllinen-ainesosa|A heart cooling like forgotten coffee,x,0.0
T5_EN,poet,5,en,A heart cooling like forgotten coffee,all,book,gr_77699.Dinner_at_the_Homesick_Restaurant,Dinner at the Homesick Restaurant,,0.5996005535125732,5,,base,book|gr_77699.Dinner_at_the_Homesick_Restaurant|A heart cooling like forgotten coffee,a,1.0
T5_EN,poet,5,en,A heart cooling like forgotten coffee,all,movie,1436572,CafÌ© (2011),,0.5887211561203003,6,,base,movie|1436572|A heart cooling like forgotten coffee,a,1.0
T5_EN,poet,5,en,A heart cooling like forgotten coffee,all,book,bx_0060084405,Bread Alone : A Novel,,0.5876725316047668,7,,base,book|bx_0060084405|A heart cooling like forgotten coffee,a,1.0
T5_EN,poet,5,en,A heart cooling like forgotten coffee,all,book,bx_0151104506,Bailey's Cafe,,0.5832598209381104,8,,base,book|bx_0151104506|A heart cooling like forgotten coffee,a,1.0
T5_EN,poet,5,en,A heart cooling like forgotten coffee,all,book,gr_6270134-1-shin-ya-shokud-1,深夜食堂 1 [Shinʼya shokudō 1],,0.5817770957946777,9,,base,book|gr_6270134-1-shin-ya-shokud-1|A heart cooling like forgotten coffee,x,0.0
T5_EN,poet,5,en,A heart cooling like forgotten coffee,all,book,gr_1244286.Filosofi_Kopi,Filosofi Kopi: Kumpulan Cerita dan Prosa Satu Dekade,,0.5801727175712585,10,,base,book|gr_1244286.Filosofi_Kopi|A heart cooling like forgotten coffee,a,1.0
T6_EN,poet,6,en,The smell rising from an old letter,movie,movie,2174736,Envelope (2012),,0.5720625519752502,1,,base,movie|2174736|The smell rising from an old letter,a,1.0
T6_EN,poet,6,en,The smell rising from an old letter,movie,movie,90570,84 Charing Cross Road (1987),,0.5579618215560913,2,,base,movie|90570|The smell rising from an old letter,a,1.0
T6_EN,poet,6,en,The smell rising from an old letter,movie,movie,2320087,The Letter Writer (2011),,0.5321381092071533,3,,base,movie|2320087|The smell rising from an old letter,a,1.0
T6_EN,poet,6,en,The smell rising from an old letter,movie,movie,140340,The Love Letter (1998),,0.5193926692008972,4,,base,movie|140340|The smell rising from an old letter,a,1.0
T6_EN,poet,6,en,The smell rising from an old letter,movie,movie,40536,Letter from an Unknown Woman (1948),,0.4988584816455841,5,,base,movie|40536|The smell rising from an old letter,a,1.0
T6_EN,poet,6,en,The smell rising from an old letter,movie,movie,59643,Rekopis znaleziony w Saragossie (1965),,0.4797121584415436,6,,base,movie|59643|The smell rising from an old letter,a,1.0
T6_EN,poet,6,en,The smell rising from an old letter,movie,movie,64145,"Certain, Very Certain, As a Matter of Fact... Probable (1969)",,0.4752219617366791,7,,base,movie|64145|The smell rising from an old letter,x,0.0
T6_EN,poet,6,en,The smell rising from an old letter,movie,movie,166252,The Love Letter (1999),,0.4499260783195495,8,,base,movie|166252|The smell rising from an old letter,a,1.0
T6_EN,poet,6,en,The smell rising from an old letter,movie,movie,177650,Company Man (2000),,0.4372540712356567,9,,base,movie|177650|The smell rising from an old letter,x,0.0
T6_EN,poet,6,en,The smell rising from an old letter,movie,movie,307596,"The Tulse Luper Suitcases, Part 1: The Moab Story (2003)",,0.4332060217857361,10,,base,movie|307596|The smell rising from an old letter,a,1.0
T6_EN,poet,6,en,The smell rising from an old letter,music,music,7Km4W3atUNjhf05szq2Gkb,Diary,,0.3470801413059234,1,,base,music|7Km4W3atUNjhf05szq2Gkb|The smell rising from an old letter,a,1.0
T6_EN,poet,6,en,The smell rising from an old letter,music,music,6GXl3ADX2Lw5JaOSk620j2,On the Border - 2001 Remaster,,0.3433825969696045,2,,base,music|6GXl3ADX2Lw5JaOSk620j2|The smell rising from an old letter,x,0.0
T6_EN,poet,6,en,The smell rising from an old letter,music,music,2YkANIn2t02TQms674Vv9Z,Lay It All Down,,0.3396752178668976,3,,base,music|2YkANIn2t02TQms674Vv9Z|The smell rising from an old letter,x,0.0
T6_EN,poet,6,en,The smell rising from an old letter,music,music,06xNkl12TrxwGYrwTGlUUd,Main Title,,0.3355752527713775,4,,base,music|06xNkl12TrxwGYrwTGlUUd|The smell rising from an old letter,a,1.0
T6_EN,poet,6,en,The smell rising from an old letter,music,music,6Rb4xFCy3Hh5MJ88ehLXdc,Fresh Air - Remastered,,0.3302370309829712,5,,base,music|6Rb4xFCy3Hh5MJ88ehLXdc|The smell rising from an old letter,x,0.0
T6_EN,poet,6,en,The smell rising from an old letter,music,music,6wfK1R6FoLpmUA9lk5ll4T,Please Mister Postman - Remastered 2009,,0.3219662308692932,6,,base,music|6wfK1R6FoLpmUA9lk5ll4T|The smell rising from an old letter,a,1.0
T6_EN,poet,6,en,The smell rising from an old letter,music,music,5jYYumalS1qELrcChOCZrK,Year of the Cat - 2001 Remaster,,0.3204885423183441,7,,base,music|5jYYumalS1qELrcChOCZrK|The smell rising from an old letter,a,1.0
T6_EN,poet,6,en,The smell rising from an old letter,music,music,6iEuJs1TKLSOMfwCNzBOqU,Write To Me From Naples - 1998 Digital Remaster,,0.3183602094650268,8,,base,music|6iEuJs1TKLSOMfwCNzBOqU|The smell rising from an old letter,a,1.0
T6_EN,poet,6,en,The smell rising from an old letter,music,music,4Xwry2rjyXZg9unm8QaRFL,Not in a Hurry,,0.3165939152240753,9,,base,music|4Xwry2rjyXZg9unm8QaRFL|The smell rising from an old letter,a,1.0
T6_EN,poet,6,en,The smell rising from an old letter,music,music,40jiZBsr1W3SG15AGU9227,Small Hands,,0.3163756132125854,10,,base,music|40jiZBsr1W3SG15AGU9227|The smell rising from an old letter,a,1.0
T6_EN,poet,6,en,The smell rising from an old letter,book,book,gr_18160436-the-letter,The Letter,,0.6717055439949036,1,,base,book|gr_18160436-the-letter|The smell rising from an old letter,a,1.0
T6_EN,poet,6,en,The smell rising from an old letter,book,book,bx_0373255888,"Dear John... (Harlequin Temptation, No 488)",,0.6094592213630676,2,,base,book|bx_0373255888|The smell rising from an old letter,a,1.0
T6_EN,poet,6,en,The smell rising from an old letter,book,book,bx_0312979576,Foreign Correspondants,,0.5902453660964966,3,,base,book|bx_0312979576|The smell rising from an old letter,a,1.0
T6_EN,poet,6,en,The smell rising from an old letter,book,book,bx_0553236911,The Crying of Lot Forty-Nine (Bantam Windstone Book),,0.5862460136413574,4,,base,book|bx_0553236911|The smell rising from an old letter,x,0.0
T6_EN,poet,6,en,The smell rising from an old letter,book,book,gr_171108.The_Hatbox_Letters,The Hatbox Letters,,0.5769180059432983,5,,base,book|gr_171108.The_Hatbox_Letters|The smell rising from an old letter,a,1.0
T6_EN,poet,6,en,The smell rising from an old letter,book,book,bx_3455026508,"84, Charing Cross Road. Eine Freundschaft in Briefen.",,0.5744869709014893,6,,base,book|bx_3455026508|The smell rising from an old letter,x,0.0
T6_EN,poet,6,en,The smell rising from an old letter,book,book,gr_87640.PostSecret,PostSecret: Extraordinary Confessions from Ordinary Lives (PostSecret),,0.5738553404808044,7,,base,book|gr_87640.PostSecret|The smell rising from an old letter,a,1.0
T6_EN,poet,6,en,The smell rising from an old letter,book,book,gr_1129283.Gone_with_the_Wind_Letters,Gone with the Wind Letters,,0.5697617530822754,8,,base,book|gr_1129283.Gone_with_the_Wind_Letters|The smell rising from an old letter,a,1.0
T6_EN,poet,6,en,The smell rising from an old letter,book,book,bx_3746615100,Die schÃ?Â¶ne Diva von Saint- Jaques.,,0.5659523606300354,9,,base,book|bx_3746615100|The smell rising from an old letter,x,0.0
T6_EN,poet,6,en,The smell rising from an old letter,book,book,bx_0140089365,Q's Legacy,,0.5612525939941406,10,,base,book|bx_0140089365|The smell rising from an old letter,x,0.0
T6_EN,poet,6,en,The smell rising from an old letter,all,book,gr_18160436-the-letter,The Letter,,0.6717055439949036,1,,base,book|gr_18160436-the-letter|The smell rising from an old letter,a,1.0
T6_EN,poet,6,en,The smell rising from an old letter,all,book,bx_0373255888,"Dear John... (Harlequin Temptation, No 488)",,0.6094592213630676,2,,base,book|bx_0373255888|The smell rising from an old letter,a,1.0
T6_EN,poet,6,en,The smell rising from an old letter,all,book,bx_0312979576,Foreign Correspondants,,0.5902453660964966,3,,base,book|bx_0312979576|The smell rising from an old letter,a,1.0
T6_EN,poet,6,en,The smell rising from an old letter,all,book,bx_0553236911,The Crying of Lot Forty-Nine (Bantam Windstone Book),,0.5862460136413574,4,,base,book|bx_0553236911|The smell rising from an old letter,x,0.0
T6_EN,poet,6,en,The smell rising from an old letter,all,book,gr_171108.The_Hatbox_Letters,The Hatbox Letters,,0.5769180059432983,5,,base,book|gr_171108.The_Hatbox_Letters|The smell rising from an old letter,a,1.0
T6_EN,poet,6,en,The smell rising from an old letter,all,book,bx_3455026508,"84, Charing Cross Road. Eine Freundschaft in Briefen.",,0.5744869709014893,6,,base,book|bx_3455026508|The smell rising from an old letter,x,0.0
T6_EN,poet,6,en,The smell rising from an old letter,all,book,gr_87640.PostSecret,PostSecret: Extraordinary Confessions from Ordinary Lives (PostSecret),,0.5738553404808044,7,,base,book|gr_87640.PostSecret|The smell rising from an old letter,a,1.0
T6_EN,poet,6,en,The smell rising from an old letter,all,movie,2174736,Envelope (2012),,0.5720625519752502,8,,base,movie|2174736|The smell rising from an old letter,a,1.0
T6_EN,poet,6,en,The smell rising from an old letter,all,book,gr_1129283.Gone_with_the_Wind_Letters,Gone with the Wind Letters,,0.5697617530822754,9,,base,book|gr_1129283.Gone_with_the_Wind_Letters|The smell rising from an old letter,a,1.0
T6_EN,poet,6,en,The smell rising from an old letter,all,book,bx_3746615100,Die schÃ?Â¶ne Diva von Saint- Jaques.,,0.5659523606300354,10,,base,book|bx_3746615100|The smell rising from an old letter,x,0.0
T7_EN,poet,7,en,Winter breath fogging a windowpane,movie,movie,1942839,Deck the Halls (2011),,0.583847165107727,1,,base,movie|1942839|Winter breath fogging a windowpane,a,1.0
T7_EN,poet,7,en,Winter breath fogging a windowpane,movie,movie,906599,Holiday Wishes (2006),,0.5668090581893921,2,,base,movie|906599|Winter breath fogging a windowpane,a,1.0
T7_EN,poet,7,en,Winter breath fogging a windowpane,movie,movie,436396,Hlemmur (2002),,0.5586868524551392,3,,base,movie|436396|Winter breath fogging a windowpane,x,0.0
T7_EN,poet,7,en,Winter breath fogging a windowpane,movie,movie,109028,Cold Fever (1995),,0.5584936141967773,4,,base,movie|109028|Winter breath fogging a windowpane,a,1.0
T7_EN,poet,7,en,Winter breath fogging a windowpane,movie,movie,1986204,"After Fall, Winter (2011)",,0.5563162565231323,5,,base,movie|1986204|Winter breath fogging a windowpane,a,1.0
T7_EN,poet,7,en,Winter breath fogging a windowpane,movie,movie,816562,The Little Matchgirl (2006),,0.5561312437057495,6,,base,movie|816562|Winter breath fogging a windowpane,a,1.0
T7_EN,poet,7,en,Winter breath fogging a windowpane,movie,movie,2474932,Despite the Falling Snow (2016),,0.5553933382034302,7,,base,movie|2474932|Winter breath fogging a windowpane,a,1.0
T7_EN,poet,7,en,Winter breath fogging a windowpane,movie,movie,486051,Wind Chill (2007),,0.5433048009872437,8,,base,movie|486051|Winter breath fogging a windowpane,a,1.0
T7_EN,poet,7,en,Winter breath fogging a windowpane,movie,movie,85492,An Englishman Abroad (1983),,0.5401690006256104,9,,base,movie|85492|Winter breath fogging a windowpane,x,0.0
T7_EN,poet,7,en,Winter breath fogging a windowpane,movie,movie,1795050,Whistle and I'll Come to You (2010),,0.5391139984130859,10,,base,movie|1795050|Winter breath fogging a windowpane,a,1.0
T7_EN,poet,7,en,Winter breath fogging a windowpane,music,music,4hGXwJZJASH1U7JGKnhJEg,First Snow,,0.6007097363471985,1,,base,music|4hGXwJZJASH1U7JGKnhJEg|Winter breath fogging a windowpane,x,0.0
T7_EN,poet,7,en,Winter breath fogging a windowpane,music,music,4qCYYhzI5bCz7JxV7VD4HH,Anthem,,0.5879632830619812,2,,base,music|4qCYYhzI5bCz7JxV7VD4HH|Winter breath fogging a windowpane,a,1.0
T7_EN,poet,7,en,Winter breath fogging a windowpane,music,music,7cHRys0Lhk9642dLaPUMkm,Soon It Will Be Cold Enough to Build Fires,,0.5352911353111267,3,,base,music|7cHRys0Lhk9642dLaPUMkm|Winter breath fogging a windowpane,a,1.0
T7_EN,poet,7,en,Winter breath fogging a windowpane,music,music,4gSYPXqENGdaJiwm6W0hkQ,Atlas Hands,,0.5324094295501709,4,,base,music|4gSYPXqENGdaJiwm6W0hkQ|Winter breath fogging a windowpane,x,0.0
T7_EN,poet,7,en,Winter breath fogging a windowpane,music,music,7JrNoSTiv07MwhMrBkaWMU,The Holly and The Ivy,,0.5133967399597168,5,,base,music|7JrNoSTiv07MwhMrBkaWMU|Winter breath fogging a windowpane,a,1.0
T7_EN,poet,7,en,Winter breath fogging a windowpane,music,music,50FgfudO6MUkdP3XMIf1hh,Winter Winds,,0.5113667249679565,6,,base,music|50FgfudO6MUkdP3XMIf1hh|Winter breath fogging a windowpane,a,1.0
T7_EN,poet,7,en,Winter breath fogging a windowpane,music,music,14WxdK01IyDl3bumvqufxH,I'm on Fire,,0.5024358630180359,7,,base,music|14WxdK01IyDl3bumvqufxH|Winter breath fogging a windowpane,x,0.0
T7_EN,poet,7,en,Winter breath fogging a windowpane,music,music,3fRwEtPmL2hFClf6Ph6l4O,Sutter's Mill,,0.5014115571975708,8,,base,music|3fRwEtPmL2hFClf6Ph6l4O|Winter breath fogging a windowpane,x,0.0
T7_EN,poet,7,en,Winter breath fogging a windowpane,music,music,3J7iUsiftcjZxPfewt4jM6,White Winter Hymnal - Piano,,0.4937183260917663,9,,base,music|3J7iUsiftcjZxPfewt4jM6|Winter breath fogging a windowpane,a,1.0
T7_EN,poet,7,en,Winter breath fogging a windowpane,music,music,4H3KBBAe2Fcgv9lH6E10Oe,Harry in Winter,,0.4918726682662964,10,,base,music|4H3KBBAe2Fcgv9lH6E10Oe|Winter breath fogging a windowpane,a,1.0
T7_EN,poet,7,en,Winter breath fogging a windowpane,book,book,gr_142911.Snowfall,Snowfall,,0.6518155336380005,1,,base,book|gr_142911.Snowfall|Winter breath fogging a windowpane,a,1.0
T7_EN,poet,7,en,Winter breath fogging a windowpane,book,book,bx_0312284535,The Apprentice : A Novel,,0.6517848968505859,2,,base,book|bx_0312284535|Winter breath fogging a windowpane,a,1.0
T7_EN,poet,7,en,Winter breath fogging a windowpane,book,book,gr_6075576-december,December,,0.620211124420166,3,,base,book|gr_6075576-december|Winter breath fogging a windowpane,x,0.0
T7_EN,poet,7,en,Winter breath fogging a windowpane,book,book,bx_8466609016,Una Navidad Diferente,,0.605349600315094,4,,base,book|bx_8466609016|Winter breath fogging a windowpane,x,0.0
T7_EN,poet,7,en,Winter breath fogging a windowpane,book,book,bx_0440404541,The Winter Room,,0.5990417003631592,5,,base,book|bx_0440404541|Winter breath fogging a windowpane,a,1.0
T7_EN,poet,7,en,Winter breath fogging a windowpane,book,book,gr_15803533-just-curious,Just Curious,,0.5958349704742432,6,,base,book|gr_15803533-just-curious|Winter breath fogging a windowpane,x,0.0
T7_EN,poet,7,en,Winter breath fogging a windowpane,book,book,gr_19610.Chilly_Scenes_of_Winter,Chilly Scenes of Winter,,0.5928255915641785,7,,base,book|gr_19610.Chilly_Scenes_of_Winter|Winter breath fogging a windowpane,a,1.0
T7_EN,poet,7,en,Winter breath fogging a windowpane,book,book,gr_18851126-in-falling-snow,In Falling Snow,,0.5903412699699402,8,,base,book|gr_18851126-in-falling-snow|Winter breath fogging a windowpane,a,1.0
T7_EN,poet,7,en,Winter breath fogging a windowpane,book,book,bx_0425176681,The Tentmaker (Lily Connor Mysteries (Paperback)),,0.5896915197372437,9,,base,book|bx_0425176681|Winter breath fogging a windowpane,x,0.0
T7_EN,poet,7,en,Winter breath fogging a windowpane,book,book,gr_926733.A_Door_Near_Here,A Door Near Here,,0.5860193967819214,10,,base,book|gr_926733.A_Door_Near_Here|Winter breath fogging a windowpane,x,0.0
T7_EN,poet,7,en,Winter breath fogging a windowpane,all,book,gr_142911.Snowfall,Snowfall,,0.6518155336380005,1,,base,book|gr_142911.Snowfall|Winter breath fogging a windowpane,a,1.0
T7_EN,poet,7,en,Winter breath fogging a windowpane,all,book,bx_0312284535,The Apprentice : A Novel,,0.6517848968505859,2,,base,book|bx_0312284535|Winter breath fogging a windowpane,a,1.0
T7_EN,poet,7,en,Winter breath fogging a windowpane,all,book,gr_6075576-december,December,,0.620211124420166,3,,base,book|gr_6075576-december|Winter breath fogging a windowpane,x,0.0
T7_EN,poet,7,en,Winter breath fogging a windowpane,all,book,bx_8466609016,Una Navidad Diferente,,0.605349600315094,4,,base,book|bx_8466609016|Winter breath fogging a windowpane,x,0.0
T7_EN,poet,7,en,Winter breath fogging a windowpane,all,music,4hGXwJZJASH1U7JGKnhJEg,First Snow,,0.6007097363471985,5,,base,music|4hGXwJZJASH1U7JGKnhJEg|Winter breath fogging a windowpane,x,0.0
T7_EN,poet,7,en,Winter breath fogging a windowpane,all,book,bx_0440404541,The Winter Room,,0.5990417003631592,6,,base,book|bx_0440404541|Winter breath fogging a windowpane,a,1.0
T7_EN,poet,7,en,Winter breath fogging a windowpane,all,book,gr_15803533-just-curious,Just Curious,,0.5958349704742432,7,,base,book|gr_15803533-just-curious|Winter breath fogging a windowpane,x,0.0
T7_EN,poet,7,en,Winter breath fogging a windowpane,all,book,gr_19610.Chilly_Scenes_of_Winter,Chilly Scenes of Winter,,0.5928255915641785,8,,base,book|gr_19610.Chilly_Scenes_of_Winter|Winter breath fogging a windowpane,a,1.0
T7_EN,poet,7,en,Winter breath fogging a windowpane,all,book,gr_18851126-in-falling-snow,In Falling Snow,,0.5903412699699402,9,,base,book|gr_18851126-in-falling-snow|Winter breath fogging a windowpane,a,1.0
T7_EN,poet,7,en,Winter breath fogging a windowpane,all,book,bx_0425176681,The Tentmaker (Lily Connor Mysteries (Paperback)),,0.5896915197372437,10,,base,book|bx_0425176681|Winter breath fogging a windowpane,x,0.0
T8_EN,poet,8,en,A season that passed without being spoken,movie,movie,1196334,After Last Season (2009),,0.5595967769622803,1,,base,movie|1196334|A season that passed without being spoken,a,1.0
T8_EN,poet,8,en,A season that passed without being spoken,movie,movie,836710,Underbara Ì_lskade (2006),,0.5434085130691528,2,,base,movie|836710|A season that passed without being spoken,x,0.0
T8_EN,poet,8,en,A season that passed without being spoken,movie,movie,1986161,The Last Fall (2012),,0.543235719203949,3,,base,movie|1986161|A season that passed without being spoken,x,0.0
T8_EN,poet,8,en,A season that passed without being spoken,movie,movie,1431181,Another Year (2010),,0.5369564890861511,4,,base,movie|1431181|A season that passed without being spoken,a,1.0
T8_EN,poet,8,en,A season that passed without being spoken,movie,movie,380817,Winter Passing (2005),,0.5321663618087769,5,,base,movie|380817|A season that passed without being spoken,a,1.0
T8_EN,poet,8,en,A season that passed without being spoken,movie,movie,1715873,10 Years (2011),,0.5210141539573669,6,,base,movie|1715873|A season that passed without being spoken,a,1.0
T8_EN,poet,8,en,A season that passed without being spoken,movie,movie,360016,Standing Still (2005),,0.5205477476119995,7,,base,movie|360016|A season that passed without being spoken,x,0.0
T8_EN,poet,8,en,A season that passed without being spoken,movie,movie,192573,"Sarah, Plain and Tall: Winter's End (1999)",,0.5198183655738831,8,,base,movie|192573|A season that passed without being spoken,a,1.0
T8_EN,poet,8,en,A season that passed without being spoken,movie,movie,84784,That Championship Season (1982),,0.5191973447799683,9,,base,movie|84784|A season that passed without being spoken,a,1.0
T8_EN,poet,8,en,A season that passed without being spoken,movie,movie,1298847,Oldboys (2009),,0.5151781439781189,10,,base,movie|1298847|A season that passed without being spoken,x,0.0
T8_EN,poet,8,en,A season that passed without being spoken,music,music,61HBuVsspScrGUobbfmhOT,The Summer Ends,,0.5218459367752075,1,,base,music|61HBuVsspScrGUobbfmhOT|A season that passed without being spoken,a,1.0
T8_EN,poet,8,en,A season that passed without being spoken,music,music,2XJIsmUaLybSTzTwCAh6Yk,"Stay Or Leave - Live at Wrigley Field, Chicago, IL - September 2010",,0.5212404727935791,2,,base,music|2XJIsmUaLybSTzTwCAh6Yk|A season that passed without being spoken,a,1.0
T8_EN,poet,8,en,A season that passed without being spoken,music,music,5wTM2Bm8phDwHAuOsfBwhU,2000 Miles - 2007 Remaster,,0.515776515007019,3,,base,music|5wTM2Bm8phDwHAuOsfBwhU|A season that passed without being spoken,a,1.0
T8_EN,poet,8,en,A season that passed without being spoken,music,music,3qTmB5HxP9ilJaiM6B1yuk,Five More Minutes,,0.5058778524398804,4,,base,music|3qTmB5HxP9ilJaiM6B1yuk|A season that passed without being spoken,a,1.0
T8_EN,poet,8,en,A season that passed without being spoken,music,music,1OyNY4fiLDhopwm6oj6OmB,I Don't Know How To Love,,0.4845378994941711,5,,base,music|1OyNY4fiLDhopwm6oj6OmB|A season that passed without being spoken,a,1.0
T8_EN,poet,8,en,A season that passed without being spoken,music,music,0VG9YWiGjyoKZNLurIhDfW,The Rain Song - Live at MSG 1973; 2018 Remaster,,0.4809820353984833,6,,base,music|0VG9YWiGjyoKZNLurIhDfW|A season that passed without being spoken,a,1.0
T8_EN,poet,8,en,A season that passed without being spoken,music,music,5EqhOwl4nLnAcin3LiplTx,"Wasted Time - Live On MTV, 1994",,0.4719168245792389,7,,base,music|5EqhOwl4nLnAcin3LiplTx|A season that passed without being spoken,a,1.0
T8_EN,poet,8,en,A season that passed without being spoken,music,music,3YNKbymzBpPlqGTQnwtYWn,Winter Lady,,0.4708034992218017,8,,base,music|3YNKbymzBpPlqGTQnwtYWn|A season that passed without being spoken,a,1.0
T8_EN,poet,8,en,A season that passed without being spoken,music,music,5gKfjl3XR7Oqf07gkjwLQk,Seasons Of Love (Glee Cast Version),,0.4695479869842529,9,,base,music|5gKfjl3XR7Oqf07gkjwLQk|A season that passed without being spoken,a,1.0
T8_EN,poet,8,en,A season that passed without being spoken,music,music,0djZ2ndRfAL69WYNra5jRC,April Come She Will,,0.469266414642334,10,,base,music|0djZ2ndRfAL69WYNra5jRC|A season that passed without being spoken,a,1.0
T8_EN,poet,8,en,A season that passed without being spoken,book,book,bx_031211379X,"West of Yesterday, East of Summer: New and Selected Poems (1973-1993)",,0.6051966547966003,1,,base,book|bx_031211379X|A season that passed without being spoken,x,0.0
T8_EN,poet,8,en,A season that passed without being spoken,book,book,gr_8005599-memories-from-lawrence,Memories from Lawrence,,0.5759526491165161,2,,base,book|gr_8005599-memories-from-lawrence|A season that passed without being spoken,x,0.0
T8_EN,poet,8,en,A season that passed without being spoken,book,book,gr_15702593-always-have-always-will,"Always Have, Always Will",,0.5697171688079834,3,,base,book|gr_15702593-always-have-always-will|A season that passed without being spoken,x,0.0
T8_EN,poet,8,en,A season that passed without being spoken,book,book,bx_0684803585,END OF SUMMER,,0.5667514801025391,4,,base,book|bx_0684803585|A season that passed without being spoken,a,1.0
T8_EN,poet,8,en,A season that passed without being spoken,book,book,bx_0385498330,"First and Last Seasons: A Father, a Son, and Sunday Afternoon Football",,0.5560344457626343,5,,base,book|bx_0385498330|A season that passed without being spoken,a,1.0
T8_EN,poet,8,en,A season that passed without being spoken,book,book,kdl_B0C6P86GVV,The Lie of Us: A Standalone Sports Romance (Orchid City),,0.5494059324264526,6,,base,book|kdl_B0C6P86GVV|A season that passed without being spoken,x,0.0
T8_EN,poet,8,en,A season that passed without being spoken,book,book,bx_0375503307,Perfect Season: Why 1998 Was Baseball's Greatest Year,,0.5491635799407959,7,,base,book|bx_0375503307|A season that passed without being spoken,x,0.0
T8_EN,poet,8,en,A season that passed without being spoken,book,book,gr_10768069-the-cranberry-hush,The Cranberry Hush,,0.5362581610679626,8,,base,book|gr_10768069-the-cranberry-hush|A season that passed without being spoken,a,1.0
T8_EN,poet,8,en,A season that passed without being spoken,book,book,bx_0151003998,Silence in October,,0.5341511964797974,9,,base,book|bx_0151003998|A season that passed without being spoken,a,1.0
T8_EN,poet,8,en,A season that passed without being spoken,book,book,gr_10150892-it-s-all-relative,It's All Relative,,0.5279091000556946,10,,base,book|gr_10150892-it-s-all-relative|A season that passed without being spoken,x,0.0
T8_EN,poet,8,en,A season that passed without being spoken,all,book,bx_031211379X,"West of Yesterday, East of Summer: New and Selected Poems (1973-1993)",,0.6051966547966003,1,,base,book|bx_031211379X|A season that passed without being spoken,x,0.0
T8_EN,poet,8,en,A season that passed without being spoken,all,book,gr_8005599-memories-from-lawrence,Memories from Lawrence,,0.5759526491165161,2,,base,book|gr_8005599-memories-from-lawrence|A season that passed without being spoken,x,0.0
T8_EN,poet,8,en,A season that passed without being spoken,all,book,gr_15702593-always-have-always-will,"Always Have, Always Will",,0.5697171688079834,3,,base,book|gr_15702593-always-have-always-will|A season that passed without being spoken,x,0.0
T8_EN,poet,8,en,A season that passed without being spoken,all,book,bx_0684803585,END OF SUMMER,,0.5667514801025391,4,,base,book|bx_0684803585|A season that passed without being spoken,a,1.0
T8_EN,poet,8,en,A season that passed without being spoken,all,movie,1196334,After Last Season (2009),,0.5595967769622803,5,,base,movie|1196334|A season that passed without being spoken,a,1.0
T8_EN,poet,8,en,A season that passed without being spoken,all,book,bx_0385498330,"First and Last Seasons: A Father, a Son, and Sunday Afternoon Football",,0.5560344457626343,6,,base,book|bx_0385498330|A season that passed without being spoken,a,1.0
T8_EN,poet,8,en,A season that passed without being spoken,all,book,kdl_B0C6P86GVV,The Lie of Us: A Standalone Sports Romance (Orchid City),,0.5494059324264526,7,,base,book|kdl_B0C6P86GVV|A season that passed without being spoken,x,0.0
T8_EN,poet,8,en,A season that passed without being spoken,all,book,bx_0375503307,Perfect Season: Why 1998 Was Baseball's Greatest Year,,0.5491635799407959,8,,base,book|bx_0375503307|A season that passed without being spoken,x,0.0
T8_EN,poet,8,en,A season that passed without being spoken,all,movie,836710,Underbara Ì_lskade (2006),,0.5434085130691528,9,,base,movie|836710|A season that passed without being spoken,x,0.0
T8_EN,poet,8,en,A season that passed without being spoken,all,movie,1986161,The Last Fall (2012),,0.543235719203949,10,,base,movie|1986161|A season that passed without being spoken,x,0.0
T9_EN,poet,9,en,Time slipping away like sand,movie,movie,1190710,The Eternity Man (2008),,0.5980328321456909,1,,base,movie|1190710|Time slipping away like sand,a,1.0
T9_EN,poet,9,en,Time slipping away like sand,movie,movie,3620860,One-Minute Time Machine (2014),,0.5821920037269592,2,,base,movie|3620860|Time slipping away like sand,a,1.0
T9_EN,poet,9,en,Time slipping away like sand,movie,movie,156794,Eternity and a Day (1998),,0.5734447240829468,3,,base,movie|156794|Time slipping away like sand,o,2.0
T9_EN,poet,9,en,Time slipping away like sand,movie,movie,2176504,The End of Time (2012),,0.568120539188385,4,,base,movie|2176504|Time slipping away like sand,a,1.0
T9_EN,poet,9,en,Time slipping away like sand,movie,movie,892422,Pente lepta akoma (2006),,0.5610710382461548,5,,base,movie|892422|Time slipping away like sand,a,1.0
T9_EN,poet,9,en,Time slipping away like sand,movie,movie,98962,12:01 PM (1990),,0.560560405254364,6,,base,movie|98962|Time slipping away like sand,a,1.0
T9_EN,poet,9,en,Time slipping away like sand,movie,movie,339976,10 minuta (2002),,0.5525223016738892,7,,base,movie|339976|Time slipping away like sand,a,1.0
T9_EN,poet,9,en,Time slipping away like sand,movie,movie,983213,5 Centimeters Per Second (2007),,0.5417406558990479,8,,base,movie|983213|Time slipping away like sand,o,2.0
T9_EN,poet,9,en,Time slipping away like sand,movie,movie,439115,All the Days Before Tomorrow (2007),,0.5387970209121704,9,,base,movie|439115|Time slipping away like sand,a,1.0
T9_EN,poet,9,en,Time slipping away like sand,movie,movie,1706542,The Ah of Life (2010),,0.5287917852401733,10,,base,movie|1706542|Time slipping away like sand,a,1.0
T9_EN,poet,9,en,Time slipping away like sand,music,music,3qTmB5HxP9ilJaiM6B1yuk,Five More Minutes,,0.6216315031051636,1,,base,music|3qTmB5HxP9ilJaiM6B1yuk|Time slipping away like sand,a,1.0
T9_EN,poet,9,en,Time slipping away like sand,music,music,6aqm56xP40foYBBtAWWrnY,Running on Empty,,0.6074729561805725,2,,base,music|6aqm56xP40foYBBtAWWrnY|Time slipping away like sand,a,1.0
T9_EN,poet,9,en,Time slipping away like sand,music,music,0lLhB70QIpXV2s9OT7GauB,March of Time,,0.6046565175056458,3,,base,music|0lLhB70QIpXV2s9OT7GauB|Time slipping away like sand,a,1.0
T9_EN,poet,9,en,Time slipping away like sand,music,music,3ovjw5HZZv43SxTwApooCM,Wind Of Change,,0.6039289236068726,4,,base,music|3ovjw5HZZv43SxTwApooCM|Time slipping away like sand,a,1.0
T9_EN,poet,9,en,Time slipping away like sand,music,music,3EQBVWHnCv19VW8JSxiNzi,20 Years,,0.5925120115280151,5,,base,music|3EQBVWHnCv19VW8JSxiNzi|Time slipping away like sand,a,1.0
T9_EN,poet,9,en,Time slipping away like sand,music,music,4zYdvcaguqCfG5IcRLpfd4,A Thousand Years,,0.5891364812850952,6,,base,music|4zYdvcaguqCfG5IcRLpfd4|Time slipping away like sand,a,1.0
T9_EN,poet,9,en,Time slipping away like sand,music,music,65TIlSzHRK25EE5P972aYG,Time,,0.5880969762802124,7,,base,music|65TIlSzHRK25EE5P972aYG|Time slipping away like sand,a,1.0
T9_EN,poet,9,en,Time slipping away like sand,music,music,5zVKisBri6JH1fooBhUaVq,Time Passages,,0.5876756310462952,8,,base,music|5zVKisBri6JH1fooBhUaVq|Time slipping away like sand,a,1.0
T9_EN,poet,9,en,Time slipping away like sand,music,music,3uJggzf2q1lCOl8EiQHFvN,Waitin' On a Woman,,0.587441086769104,9,,base,music|3uJggzf2q1lCOl8EiQHFvN|Time slipping away like sand,x,0.0
T9_EN,poet,9,en,Time slipping away like sand,music,music,657O4nJxZktsNDvBimhZ0i,Summer's Almost Gone,,0.5776490569114685,10,,base,music|657O4nJxZktsNDvBimhZ0i|Time slipping away like sand,a,1.0
T9_EN,poet,9,en,Time slipping away like sand,book,book,gr_2585588-jukstaposisi,Jukstaposisi: Cerita tuhan Mati,,0.6044222116470337,1,,base,book|gr_2585588-jukstaposisi|Time slipping away like sand,x,0.0
T9_EN,poet,9,en,Time slipping away like sand,book,book,gr_21795840-a-time-to-die,A Time to Die,,0.5990563631057739,2,,base,book|gr_21795840-a-time-to-die|Time slipping away like sand,a,1.0
T9_EN,poet,9,en,Time slipping away like sand,book,book,bx_8471767465,Los Anillos De Saturno/the Rings of Saturn: LA Maquina Del Tiempo 6/Time Machine 6,,0.5961152911186218,3,,base,book|bx_8471767465|Time slipping away like sand,a,1.0
T9_EN,poet,9,en,Time slipping away like sand,book,book,bx_0140101330,Old Devils,,0.5903800129890442,4,,base,book|bx_0140101330|Time slipping away like sand,a,1.0
T9_EN,poet,9,en,Time slipping away like sand,book,book,bx_2290311782,Je Voudrais Que Quelqu'un M'Attende Quelque Part,,0.5821133852005005,5,,base,book|bx_2290311782|Time slipping away like sand,a,1.0
T9_EN,poet,9,en,Time slipping away like sand,book,book,gr_6599113-the-pace,The Pace,,0.5772336721420288,6,,base,book|gr_6599113-the-pace|Time slipping away like sand,a,1.0
T9_EN,poet,9,en,Time slipping away like sand,book,book,kdl_B0C8BZ6X25,El final de los tiempos (Spanish Edition),,0.5577765703201294,7,,base,book|kdl_B0C8BZ6X25|Time slipping away like sand,x,0.0
T9_EN,poet,9,en,Time slipping away like sand,book,book,gr_386372.Mort,Mort,,0.5570510029792786,8,,base,book|gr_386372.Mort|Time slipping away like sand,x,0.0
T9_EN,poet,9,en,Time slipping away like sand,book,book,gr_797498.The_Last_Three_Minutes,The Last Three Minutes: Conjectures About The Ultimate Fate Of The Universe,,0.5550357699394226,9,,base,book|gr_797498.The_Last_Three_Minutes|Time slipping away like sand,x,0.0
T9_EN,poet,9,en,Time slipping away like sand,book,book,gr_13413782-drumuri,Drumuri,,0.5546714067459106,10,,base,book|gr_13413782-drumuri|Time slipping away like sand,a,1.0
T9_EN,poet,9,en,Time slipping away like sand,all,music,3qTmB5HxP9ilJaiM6B1yuk,Five More Minutes,,0.6216315031051636,1,,base,music|3qTmB5HxP9ilJaiM6B1yuk|Time slipping away like sand,a,1.0
T9_EN,poet,9,en,Time slipping away like sand,all,music,6aqm56xP40foYBBtAWWrnY,Running on Empty,,0.6074729561805725,2,,base,music|6aqm56xP40foYBBtAWWrnY|Time slipping away like sand,a,1.0
T9_EN,poet,9,en,Time slipping away like sand,all,music,0lLhB70QIpXV2s9OT7GauB,March of Time,,0.6046565175056458,3,,base,music|0lLhB70QIpXV2s9OT7GauB|Time slipping away like sand,a,1.0
T9_EN,poet,9,en,Time slipping away like sand,all,book,gr_2585588-jukstaposisi,Jukstaposisi: Cerita tuhan Mati,,0.6044222116470337,4,,base,book|gr_2585588-jukstaposisi|Time slipping away like sand,x,0.0
T9_EN,poet,9,en,Time slipping away like sand,all,music,3ovjw5HZZv43SxTwApooCM,Wind Of Change,,0.6039289236068726,5,,base,music|3ovjw5HZZv43SxTwApooCM|Time slipping away like sand,a,1.0
T9_EN,poet,9,en,Time slipping away like sand,all,book,gr_21795840-a-time-to-die,A Time to Die,,0.5990563631057739,6,,base,book|gr_21795840-a-time-to-die|Time slipping away like sand,a,1.0
T9_EN,poet,9,en,Time slipping away like sand,all,movie,1190710,The Eternity Man (2008),,0.5980328321456909,7,,base,movie|1190710|Time slipping away like sand,a,1.0
T9_EN,poet,9,en,Time slipping away like sand,all,book,bx_8471767465,Los Anillos De Saturno/the Rings of Saturn: LA Maquina Del Tiempo 6/Time Machine 6,,0.5961152911186218,8,,base,book|bx_8471767465|Time slipping away like sand,a,1.0
T9_EN,poet,9,en,Time slipping away like sand,all,music,3EQBVWHnCv19VW8JSxiNzi,20 Years,,0.5925120115280151,9,,base,music|3EQBVWHnCv19VW8JSxiNzi|Time slipping away like sand,a,1.0
T9_EN,poet,9,en,Time slipping away like sand,all,book,bx_0140101330,Old Devils,,0.5903800129890442,10,,base,book|bx_0140101330|Time slipping away like sand,a,1.0
T10_EN,poet,10,en,Warmth left in a room after the lights go out,movie,movie,2194599,KokowÌ_Ì_h 2 (2013),,0.6036099195480347,1,,base,movie|2194599|Warmth left in a room after the lights go out,x,0.0
T10_EN,poet,10,en,Warmth left in a room after the lights go out,movie,movie,113443,It's My Party (1996),,0.5782065987586975,2,,base,movie|113443|Warmth left in a room after the lights go out,a,1.0
T10_EN,poet,10,en,Warmth left in a room after the lights go out,movie,movie,696462,Tom and Jerry,,0.5709326863288879,3,,base,movie|696462|Warmth left in a room after the lights go out,x,0.0
T10_EN,poet,10,en,Warmth left in a room after the lights go out,movie,movie,368709,Elizabethtown (2005),,0.5669670104980469,4,,base,movie|368709|Warmth left in a room after the lights go out,a,1.0
T10_EN,poet,10,en,Warmth left in a room after the lights go out,movie,movie,90583,About Last Night... (1986),,0.5589211583137512,5,,base,movie|90583|Warmth left in a room after the lights go out,a,1.0
T10_EN,poet,10,en,Warmth left in a room after the lights go out,movie,movie,3569326,Hollidaysburg (2014),,0.551590621471405,6,,base,movie|3569326|Warmth left in a room after the lights go out,a,1.0
T10_EN,poet,10,en,Warmth left in a room after the lights go out,movie,movie,3383040,700 Sundays (2014),,0.5431342124938965,7,,base,movie|3383040|Warmth left in a room after the lights go out,a,1.0
T10_EN,poet,10,en,Warmth left in a room after the lights go out,movie,movie,2994382,Window Wonderland (2013),,0.5391536355018616,8,,base,movie|2994382|Warmth left in a room after the lights go out,a,1.0
T10_EN,poet,10,en,Warmth left in a room after the lights go out,movie,movie,140603,La cena (1998),,0.5386690497398376,9,,base,movie|140603|Warmth left in a room after the lights go out,a,1.0
T10_EN,poet,10,en,Warmth left in a room after the lights go out,movie,movie,5737882,Dan Soder: Not Special (2016),,0.5377298593521118,10,,base,movie|5737882|Warmth left in a room after the lights go out,x,0.0
T10_EN,poet,10,en,Warmth left in a room after the lights go out,music,music,6e7TwT8TUE3BHN7aokBKfq,Why Do You Let Me Stay Here?,,0.6473164558410645,1,,base,music|6e7TwT8TUE3BHN7aokBKfq|Warmth left in a room after the lights go out,x,0.0
T10_EN,poet,10,en,Warmth left in a room after the lights go out,music,music,2XJIsmUaLybSTzTwCAh6Yk,"Stay Or Leave - Live at Wrigley Field, Chicago, IL - September 2010",,0.6414421796798706,2,,base,music|2XJIsmUaLybSTzTwCAh6Yk|Warmth left in a room after the lights go out,a,1.0
T10_EN,poet,10,en,Warmth left in a room after the lights go out,music,music,5Q2P43CJra0uRAogjHyJDK,"Baby, It's Cold Outside (feat. Meghan Trainor)",,0.6347215175628662,3,,base,music|5Q2P43CJra0uRAogjHyJDK|Warmth left in a room after the lights go out,x,0.0
T10_EN,poet,10,en,Warmth left in a room after the lights go out,music,music,2hitsKa8SthKhRJBXUHbIv,Our House,,0.6279350519180298,4,,base,music|2hitsKa8SthKhRJBXUHbIv|Warmth left in a room after the lights go out,a,1.0
T10_EN,poet,10,en,Warmth left in a room after the lights go out,music,music,1G7Gg1cH4VKBu3XaoCppzC,"Come When I Call - Live at the Nokia Theatre, Los Angeles, CA - December 2007",,0.6122850179672241,5,,base,music|1G7Gg1cH4VKBu3XaoCppzC|Warmth left in a room after the lights go out,a,1.0
T10_EN,poet,10,en,Warmth left in a room after the lights go out,music,music,3bXhtg6H8lOMWaLZttQF6F,Sunday Morning - Acoustic,,0.597395658493042,6,,base,music|3bXhtg6H8lOMWaLZttQF6F|Warmth left in a room after the lights go out,a,1.0
T10_EN,poet,10,en,Warmth left in a room after the lights go out,music,music,1XX4xX9rrdaomm4RxAJjZW,Come Inside,,0.5890805721282959,7,,base,music|1XX4xX9rrdaomm4RxAJjZW|Warmth left in a room after the lights go out,a,1.0
T10_EN,poet,10,en,Warmth left in a room after the lights go out,music,music,3W93koK957HaoaNHyA3dTm,St. Patrick's Day,,0.5832856893539429,8,,base,music|3W93koK957HaoaNHyA3dTm|Warmth left in a room after the lights go out,x,0.0
T10_EN,poet,10,en,Warmth left in a room after the lights go out,music,music,4ehkZtzPTbjsRULRfQSWYu,Inside Friend (feat. John Mayer),,0.5679245591163635,9,,base,music|4ehkZtzPTbjsRULRfQSWYu|Warmth left in a room after the lights go out,a,1.0
T10_EN,poet,10,en,Warmth left in a room after the lights go out,music,music,5fIJ2LAuI3SSc0jRcQqlZV,I Feel Home,,0.5628865361213684,10,,base,music|5fIJ2LAuI3SSc0jRcQqlZV|Warmth left in a room after the lights go out,a,1.0
T10_EN,poet,10,en,Warmth left in a room after the lights go out,book,book,gr_25060195-reaching-you,Reaching You,,0.624170184135437,1,,base,book|gr_25060195-reaching-you|Warmth left in a room after the lights go out,x,0.0
T10_EN,poet,10,en,Warmth left in a room after the lights go out,book,book,bx_0345461029,Evenings at Five,,0.6230584383010864,2,,base,book|bx_0345461029|Warmth left in a room after the lights go out,a,1.0
T10_EN,poet,10,en,Warmth left in a room after the lights go out,book,book,gr_41549869-say-something-sammy-say-something,"Say Something Sammy, Say Something",,0.5960925817489624,3,,base,book|gr_41549869-say-something-sammy-say-something|Warmth left in a room after the lights go out,x,0.0
T10_EN,poet,10,en,Warmth left in a room after the lights go out,book,book,gr_12471652-everything-i-miss-at-home,Everything I Miss at Home,,0.5632035136222839,4,,base,book|gr_12471652-everything-i-miss-at-home|Warmth left in a room after the lights go out,x,0.0
T10_EN,poet,10,en,Warmth left in a room after the lights go out,book,book,bx_156247765X,High Hopes for Addy (American Girls Short Stories),,0.5453744530677795,5,,base,book|bx_156247765X|Warmth left in a room after the lights go out,x,0.0
T10_EN,poet,10,en,Warmth left in a room after the lights go out,book,book,bx_0373030819,"Consolation Prize (Harlequin Romance, No 3081)",,0.5448037981987,6,,base,book|bx_0373030819|Warmth left in a room after the lights go out,x,0.0
T10_EN,poet,10,en,Warmth left in a room after the lights go out,book,book,bx_155166545X,House On Olive Street,,0.5441903471946716,7,,base,book|bx_155166545X|Warmth left in a room after the lights go out,a,1.0
T10_EN,poet,10,en,Warmth left in a room after the lights go out,book,book,bx_0590470159,The Baby-Sitters Remember Super Special #11,,0.5429491996765137,8,,base,book|bx_0590470159|Warmth left in a room after the lights go out,x,0.0
T10_EN,poet,10,en,Warmth left in a room after the lights go out,book,book,bx_0446676616,Host Family,,0.53681880235672,9,,base,book|bx_0446676616|Warmth left in a room after the lights go out,x,0.0
T10_EN,poet,10,en,Warmth left in a room after the lights go out,book,book,gr_6869000-the-christmas-lamp,The Christmas Lamp,,0.5351317524909973,10,,base,book|gr_6869000-the-christmas-lamp|Warmth left in a room after the lights go out,a,1.0
T10_EN,poet,10,en,Warmth left in a room after the lights go out,all,music,6e7TwT8TUE3BHN7aokBKfq,Why Do You Let Me Stay Here?,,0.6473164558410645,1,,base,music|6e7TwT8TUE3BHN7aokBKfq|Warmth left in a room after the lights go out,x,0.0
T10_EN,poet,10,en,Warmth left in a room after the lights go out,all,music,2XJIsmUaLybSTzTwCAh6Yk,"Stay Or Leave - Live at Wrigley Field, Chicago, IL - September 2010",,0.6414421796798706,2,,base,music|2XJIsmUaLybSTzTwCAh6Yk|Warmth left in a room after the lights go out,a,1.0
T10_EN,poet,10,en,Warmth left in a room after the lights go out,all,music,5Q2P43CJra0uRAogjHyJDK,"Baby, It's Cold Outside (feat. Meghan Trainor)",,0.6347215175628662,3,,base,music|5Q2P43CJra0uRAogjHyJDK|Warmth left in a room after the lights go out,x,0.0
T10_EN,poet,10,en,Warmth left in a room after the lights go out,all,music,2hitsKa8SthKhRJBXUHbIv,Our House,,0.6279350519180298,4,,base,music|2hitsKa8SthKhRJBXUHbIv|Warmth left in a room after the lights go out,a,1.0
T10_EN,poet,10,en,Warmth left in a room after the lights go out,all,book,gr_25060195-reaching-you,Reaching You,,0.624170184135437,5,,base,book|gr_25060195-reaching-you|Warmth left in a room after the lights go out,x,0.0
T10_EN,poet,10,en,Warmth left in a room after the lights go out,all,book,bx_0345461029,Evenings at Five,,0.6230584383010864,6,,base,book|bx_0345461029|Warmth left in a room after the lights go out,a,1.0
T10_EN,poet,10,en,Warmth left in a room after the lights go out,all,music,1G7Gg1cH4VKBu3XaoCppzC,"Come When I Call - Live at the Nokia Theatre, Los Angeles, CA - December 2007",,0.6122850179672241,7,,base,music|1G7Gg1cH4VKBu3XaoCppzC|Warmth left in a room after the lights go out,a,1.0
T10_EN,poet,10,en,Warmth left in a room after the lights go out,all,movie,2194599,KokowÌ_Ì_h 2 (2013),,0.6036099195480347,8,,base,movie|2194599|Warmth left in a room after the lights go out,x,0.0
T10_EN,poet,10,en,Warmth left in a room after the lights go out,all,music,3bXhtg6H8lOMWaLZttQF6F,Sunday Morning - Acoustic,,0.597395658493042,9,,base,music|3bXhtg6H8lOMWaLZttQF6F|Warmth left in a room after the lights go out,a,1.0
T10_EN,poet,10,en,Warmth left in a room after the lights go out,all,book,gr_41549869-say-something-sammy-say-something,"Say Something Sammy, Say Something",,0.5960925817489624,10,,base,book|gr_41549869-say-something-sammy-say-something|Warmth left in a room after the lights go out,x,0.0
A5_EN,atmosphere,5,en,An open window on a summer night,movie,movie,2233983,Benigni (2009),,0.5458724498748779,1,,base,movie|2233983|An open window on a summer night,x,0.0
A5_EN,atmosphere,5,en,An open window on a summer night,movie,movie,1314291,Oto-na-ri (2009),,0.5281177163124084,2,,base,movie|1314291|An open window on a summer night,a,1.0
A5_EN,atmosphere,5,en,An open window on a summer night,movie,movie,2181814,Im Sommer wohnt er unten (2015),,0.5101240873336792,3,,base,movie|2181814|An open window on a summer night,a,1.0
A5_EN,atmosphere,5,en,An open window on a summer night,movie,movie,1285144,The Window (2008),,0.4920491576194763,4,,base,movie|1285144|An open window on a summer night,x,0.0
A5_EN,atmosphere,5,en,An open window on a summer night,movie,movie,63527,Capricious Summer (1968),,0.4836879968643188,5,,base,movie|63527|An open window on a summer night,a,1.0
A5_EN,atmosphere,5,en,An open window on a summer night,movie,movie,1517214,The Clink of Ice (2010),,0.4830486178398132,6,,base,movie|1517214|An open window on a summer night,x,0.0
A5_EN,atmosphere,5,en,An open window on a summer night,movie,movie,74287,The House of the Laughing Windows (1976),,0.4815626144409179,7,,base,movie|74287|An open window on a summer night,x,0.0
A5_EN,atmosphere,5,en,An open window on a summer night,movie,movie,86058,The Osterman Weekend (1983),,0.4811202883720398,8,,base,movie|86058|An open window on a summer night,x,0.0
A5_EN,atmosphere,5,en,An open window on a summer night,movie,movie,106612,Cooperstown (1993),,0.4809646010398865,9,,base,movie|106612|An open window on a summer night,x,0.0
A5_EN,atmosphere,5,en,An open window on a summer night,movie,movie,321440,Bienvenue chez les Rozes (2003),,0.4793701767921448,10,,base,movie|321440|An open window on a summer night,x,0.0
A5_EN,atmosphere,5,en,An open window on a summer night,music,music,3KL3eFVpAVW36M9YrK2Zrk,Changing of the Seasons,,0.5680522918701172,1,,base,music|3KL3eFVpAVW36M9YrK2Zrk|An open window on a summer night,x,0.0
A5_EN,atmosphere,5,en,An open window on a summer night,music,music,35Ki1lvKPC2sFBD3GmKdRG,Televised,,0.5663723945617676,2,,base,music|35Ki1lvKPC2sFBD3GmKdRG|An open window on a summer night,x,0.0
A5_EN,atmosphere,5,en,An open window on a summer night,music,music,41o2ydrj7Xm9Yt5odIBqq4,Velvet Light,,0.5603403449058533,3,,base,music|41o2ydrj7Xm9Yt5odIBqq4|An open window on a summer night,a,1.0
A5_EN,atmosphere,5,en,An open window on a summer night,music,music,554dAjQxsN1DrNL3dKgp5c,A Toast and a Spirit,,0.5584055185317993,4,,base,music|554dAjQxsN1DrNL3dKgp5c|An open window on a summer night,x,0.0
A5_EN,atmosphere,5,en,An open window on a summer night,music,music,0QCuMBeqdWkwFUTO1WlAjH,Seaside,,0.5543175339698792,5,,base,music|0QCuMBeqdWkwFUTO1WlAjH|An open window on a summer night,a,1.0
A5_EN,atmosphere,5,en,An open window on a summer night,music,music,7wcP2Aa2SliFhwi4SyfvfV,"Summer Breeze, Pts. 1 & 2",,0.5488333702087402,6,,base,music|7wcP2Aa2SliFhwi4SyfvfV|An open window on a summer night,a,1.0
A5_EN,atmosphere,5,en,An open window on a summer night,music,music,50QL2fqn6EDwpBUJ5QaQ4m,Porch Swing Angel,,0.5477883815765381,7,,base,music|50QL2fqn6EDwpBUJ5QaQ4m|An open window on a summer night,a,1.0
A5_EN,atmosphere,5,en,An open window on a summer night,music,music,2ugghimAssmeO3YpFIV7mb,Blister In The Sun,,0.5449849367141724,8,,base,music|2ugghimAssmeO3YpFIV7mb|An open window on a summer night,a,1.0
A5_EN,atmosphere,5,en,An open window on a summer night,music,music,5QrNXvTQEuBb5iLoIAAuvk,On the Beach,,0.5439568758010864,9,,base,music|5QrNXvTQEuBb5iLoIAAuvk|An open window on a summer night,o,2.0
A5_EN,atmosphere,5,en,An open window on a summer night,music,music,0ABHhxQTaluB94ohp2RLSr,Feelin’ It,,0.5345338582992554,10,,base,music|0ABHhxQTaluB94ohp2RLSr|An open window on a summer night,a,1.0
A5_EN,atmosphere,5,en,An open window on a summer night,book,book,bx_0345461029,Evenings at Five,,0.6111128330230713,1,,base,book|bx_0345461029|An open window on a summer night,a,1.0
A5_EN,atmosphere,5,en,An open window on a summer night,book,book,bx_1896951015,Summer Point,,0.5564687252044678,2,,base,book|bx_1896951015|An open window on a summer night,a,1.0
A5_EN,atmosphere,5,en,An open window on a summer night,book,book,bx_0762705507,Recommended Bed &amp; Breakfasts New England,,0.5560953617095947,3,,base,book|bx_0762705507|An open window on a summer night,x,0.0
A5_EN,atmosphere,5,en,An open window on a summer night,book,book,gr_13144813-what-dies-in-summer,What Dies in Summer,,0.5450165271759033,4,,base,book|gr_13144813-what-dies-in-summer|An open window on a summer night,x,0.0
A5_EN,atmosphere,5,en,An open window on a summer night,book,book,bx_0452274117,The Weekend,,0.5402532815933228,5,,base,book|bx_0452274117|An open window on a summer night,a,1.0
A5_EN,atmosphere,5,en,An open window on a summer night,book,book,bx_033032778X,The Greengage Summer,,0.5397440791130066,6,,base,book|bx_033032778X|An open window on a summer night,x,0.0
A5_EN,atmosphere,5,en,An open window on a summer night,book,book,gr_4538.The_View_from_Saturday,The View from Saturday,,0.5387697219848633,7,,base,book|gr_4538.The_View_from_Saturday|An open window on a summer night,x,0.0
A5_EN,atmosphere,5,en,An open window on a summer night,book,book,bx_0807610313,A Weekend With Claude,,0.5295565128326416,8,,base,book|bx_0807610313|An open window on a summer night,x,0.0
A5_EN,atmosphere,5,en,An open window on a summer night,book,book,bx_0679731806,The Professor's House (Vintage Classic),,0.5184369087219238,9,,base,book|bx_0679731806|An open window on a summer night,x,0.0
A5_EN,atmosphere,5,en,An open window on a summer night,book,book,bx_2070382249,Le Square,,0.5183683037757874,10,,base,book|bx_2070382249|An open window on a summer night,a,1.0
A5_EN,atmosphere,5,en,An open window on a summer night,all,book,bx_0345461029,Evenings at Five,,0.6111128330230713,1,,base,book|bx_0345461029|An open window on a summer night,a,1.0
A5_EN,atmosphere,5,en,An open window on a summer night,all,music,3KL3eFVpAVW36M9YrK2Zrk,Changing of the Seasons,,0.5680522918701172,2,,base,music|3KL3eFVpAVW36M9YrK2Zrk|An open window on a summer night,x,0.0
A5_EN,atmosphere,5,en,An open window on a summer night,all,music,35Ki1lvKPC2sFBD3GmKdRG,Televised,,0.5663723945617676,3,,base,music|35Ki1lvKPC2sFBD3GmKdRG|An open window on a summer night,x,0.0
A5_EN,atmosphere,5,en,An open window on a summer night,all,music,41o2ydrj7Xm9Yt5odIBqq4,Velvet Light,,0.5603403449058533,4,,base,music|41o2ydrj7Xm9Yt5odIBqq4|An open window on a summer night,a,1.0
A5_EN,atmosphere,5,en,An open window on a summer night,all,music,554dAjQxsN1DrNL3dKgp5c,A Toast and a Spirit,,0.5584055185317993,5,,base,music|554dAjQxsN1DrNL3dKgp5c|An open window on a summer night,x,0.0
A5_EN,atmosphere,5,en,An open window on a summer night,all,book,bx_1896951015,Summer Point,,0.5564687252044678,6,,base,book|bx_1896951015|An open window on a summer night,a,1.0
A5_EN,atmosphere,5,en,An open window on a summer night,all,book,bx_0762705507,Recommended Bed &amp; Breakfasts New England,,0.5560953617095947,7,,base,book|bx_0762705507|An open window on a summer night,x,0.0
A5_EN,atmosphere,5,en,An open window on a summer night,all,music,0QCuMBeqdWkwFUTO1WlAjH,Seaside,,0.5543175339698792,8,,base,music|0QCuMBeqdWkwFUTO1WlAjH|An open window on a summer night,a,1.0
A5_EN,atmosphere,5,en,An open window on a summer night,all,music,7wcP2Aa2SliFhwi4SyfvfV,"Summer Breeze, Pts. 1 & 2",,0.5488333702087402,9,,base,music|7wcP2Aa2SliFhwi4SyfvfV|An open window on a summer night,a,1.0
A5_EN,atmosphere,5,en,An open window on a summer night,all,music,50QL2fqn6EDwpBUJ5QaQ4m,Porch Swing Angel,,0.5477883815765381,10,,base,music|50QL2fqn6EDwpBUJ5QaQ4m|An open window on a summer night,a,1.0
A6_EN,atmosphere,6,en,A country train station on a snowy night,movie,movie,386346,Bus Stop (1982),,0.5801454782485962,1,,base,movie|386346|A country train station on a snowy night,x,0.0
A6_EN,atmosphere,6,en,A country train station on a snowy night,movie,movie,436396,Hlemmur (2002),,0.5233510136604309,2,,base,movie|436396|A country train station on a snowy night,x,0.0
A6_EN,atmosphere,6,en,A country train station on a snowy night,movie,movie,266861,Polustanok (2000),,0.520469069480896,3,,base,movie|266861|A country train station on a snowy night,a,1.0
A6_EN,atmosphere,6,en,A country train station on a snowy night,movie,movie,3593666,Dial a Prayer (2015),,0.5067466497421265,4,,base,movie|3593666|A country train station on a snowy night,x,0.0
A6_EN,atmosphere,6,en,A country train station on a snowy night,movie,movie,192013,A Fare to Remember (1999),,0.4957714080810547,5,,base,movie|192013|A country train station on a snowy night,x,0.0
A6_EN,atmosphere,6,en,A country train station on a snowy night,movie,movie,84873,Vokzal dlya dvoikh (1983),,0.4914671778678894,6,,base,movie|84873|A country train station on a snowy night,a,1.0
A6_EN,atmosphere,6,en,A country train station on a snowy night,movie,movie,50839,Peyton Place (1957),,0.487181693315506,7,,base,movie|50839|A country train station on a snowy night,x,0.0
A6_EN,atmosphere,6,en,A country train station on a snowy night,movie,movie,1292561,Reiruweizu: 49-sai de densha no untenshi ni natta otoko no monogatari (2010),,0.4810236096382141,8,,base,movie|1292561|A country train station on a snowy night,x,0.0
A6_EN,atmosphere,6,en,A country train station on a snowy night,movie,movie,906599,Holiday Wishes (2006),,0.4743108749389648,9,,base,movie|906599|A country train station on a snowy night,a,1.0
A6_EN,atmosphere,6,en,A country train station on a snowy night,movie,movie,79278,Chilly Scenes of Winter (1979),,0.4703783392906189,10,,base,movie|79278|A country train station on a snowy night,a,1.0
A6_EN,atmosphere,6,en,A country train station on a snowy night,music,music,71cWHhV018hztNkCC45Ayo,Heartbreak Station,,0.516630232334137,1,,base,music|71cWHhV018hztNkCC45Ayo|A country train station on a snowy night,a,1.0
A6_EN,atmosphere,6,en,A country train station on a snowy night,music,music,6Wq2himUlF1WXAAl6WIH8b,Third Rate Romance,,0.5156075358390808,2,,base,music|6Wq2himUlF1WXAAl6WIH8b|A country train station on a snowy night,a,1.0
A6_EN,atmosphere,6,en,A country train station on a snowy night,music,music,1OyNY4fiLDhopwm6oj6OmB,I Don't Know How To Love,,0.4832436740398407,3,,base,music|1OyNY4fiLDhopwm6oj6OmB|A country train station on a snowy night,x,0.0
A6_EN,atmosphere,6,en,A country train station on a snowy night,music,music,3oTC5qoKq6nvz4Jj0DgCzF,Home,,0.477801650762558,4,,base,music|3oTC5qoKq6nvz4Jj0DgCzF|A country train station on a snowy night,a,1.0
A6_EN,atmosphere,6,en,A country train station on a snowy night,music,music,6BRg8FpfpKUbXeE4Jv7U5u,Christmas Card From A Hooker In Minneapolis,,0.4777859151363373,5,,base,music|6BRg8FpfpKUbXeE4Jv7U5u|A country train station on a snowy night,x,0.0
A6_EN,atmosphere,6,en,A country train station on a snowy night,music,music,1NghHeg0wE32eBYrQBVQXL,Shake Up Christmas,,0.4617502689361572,6,,base,music|1NghHeg0wE32eBYrQBVQXL|A country train station on a snowy night,x,0.0
A6_EN,atmosphere,6,en,A country train station on a snowy night,music,music,5wTM2Bm8phDwHAuOsfBwhU,2000 Miles - 2007 Remaster,,0.458349734544754,7,,base,music|5wTM2Bm8phDwHAuOsfBwhU|A country train station on a snowy night,o,2.0
A6_EN,atmosphere,6,en,A country train station on a snowy night,music,music,7bflxIMDz5mFxhQyYx1CEh,Magic Moments,,0.4565895795822143,8,,base,music|7bflxIMDz5mFxhQyYx1CEh|A country train station on a snowy night,x,0.0
A6_EN,atmosphere,6,en,A country train station on a snowy night,music,music,3MFV4DgrAOXz6KURPQxRj9,Somewhere In My Car,,0.453337550163269,9,,base,music|3MFV4DgrAOXz6KURPQxRj9|A country train station on a snowy night,a,1.0
A6_EN,atmosphere,6,en,A country train station on a snowy night,music,music,64sn7wgJfeQKY3Jisnl59w,Tuesday's Gone,,0.4529665112495422,10,,base,music|64sn7wgJfeQKY3Jisnl59w|A country train station on a snowy night,a,1.0
A6_EN,atmosphere,6,en,A country train station on a snowy night,book,book,gr_126185.The_Christmas_Train,The Christmas Train,,0.6595416069030762,1,,base,book|gr_126185.The_Christmas_Train|A country train station on a snowy night,a,1.0
A6_EN,atmosphere,6,en,A country train station on a snowy night,book,book,gr_640097.Nowhere_to_Call_Home,Nowhere to Call Home,,0.5829014182090759,2,,base,book|gr_640097.Nowhere_to_Call_Home|A country train station on a snowy night,x,0.0
A6_EN,atmosphere,6,en,A country train station on a snowy night,book,book,bx_1551664550,Can This Be Christmas?  (Hardcover),,0.5806916952133179,3,,base,book|bx_1551664550|A country train station on a snowy night,a,1.0
A6_EN,atmosphere,6,en,A country train station on a snowy night,book,book,bx_0449911780,If Morning Ever Comes : A Novel,,0.5750513672828674,4,,base,book|bx_0449911780|A country train station on a snowy night,x,0.0
A6_EN,atmosphere,6,en,A country train station on a snowy night,book,book,bx_0395713250,Train to Somewhere,,0.5664907097816467,5,,base,book|bx_0395713250|A country train station on a snowy night,a,1.0
A6_EN,atmosphere,6,en,A country train station on a snowy night,book,book,gr_1586764.I_ll_Bring_You_Buttercups,I'll Bring You Buttercups,,0.5651796460151672,6,,base,book|gr_1586764.I_ll_Bring_You_Buttercups|A country train station on a snowy night,x,0.0
A6_EN,atmosphere,6,en,A country train station on a snowy night,book,book,gr_13529557-last-chance-christmas,Last Chance Christmas,,0.558050274848938,7,,base,book|gr_13529557-last-chance-christmas|A country train station on a snowy night,a,1.0
A6_EN,atmosphere,6,en,A country train station on a snowy night,book,book,bx_0573022208,Pullman Car Hiawatha,,0.5553171038627625,8,,base,book|bx_0573022208|A country train station on a snowy night,a,1.0
A6_EN,atmosphere,6,en,A country train station on a snowy night,book,book,kdl_B0B5K7NWDY,Christmas at Valentine Inn,,0.548312246799469,9,,base,book|kdl_B0B5K7NWDY|A country train station on a snowy night,x,0.0
A6_EN,atmosphere,6,en,A country train station on a snowy night,book,book,gr_43086508,Коледна тайна,,0.5465875864028931,10,,base,book|gr_43086508|A country train station on a snowy night,x,0.0
A6_EN,atmosphere,6,en,A country train station on a snowy night,all,book,gr_126185.The_Christmas_Train,The Christmas Train,,0.6595416069030762,1,,base,book|gr_126185.The_Christmas_Train|A country train station on a snowy night,a,1.0
A6_EN,atmosphere,6,en,A country train station on a snowy night,all,book,gr_640097.Nowhere_to_Call_Home,Nowhere to Call Home,,0.5829014182090759,2,,base,book|gr_640097.Nowhere_to_Call_Home|A country train station on a snowy night,x,0.0
A6_EN,atmosphere,6,en,A country train station on a snowy night,all,book,bx_1551664550,Can This Be Christmas?  (Hardcover),,0.5806916952133179,3,,base,book|bx_1551664550|A country train station on a snowy night,a,1.0
A6_EN,atmosphere,6,en,A country train station on a snowy night,all,movie,386346,Bus Stop (1982),,0.5801454782485962,4,,base,movie|386346|A country train station on a snowy night,x,0.0
A6_EN,atmosphere,6,en,A country train station on a snowy night,all,book,bx_0449911780,If Morning Ever Comes : A Novel,,0.5750513672828674,5,,base,book|bx_0449911780|A country train station on a snowy night,x,0.0
A6_EN,atmosphere,6,en,A country train station on a snowy night,all,book,bx_0395713250,Train to Somewhere,,0.5664907097816467,6,,base,book|bx_0395713250|A country train station on a snowy night,a,1.0
A6_EN,atmosphere,6,en,A country train station on a snowy night,all,book,gr_1586764.I_ll_Bring_You_Buttercups,I'll Bring You Buttercups,,0.5651796460151672,7,,base,book|gr_1586764.I_ll_Bring_You_Buttercups|A country train station on a snowy night,x,0.0
A6_EN,atmosphere,6,en,A country train station on a snowy night,all,book,gr_13529557-last-chance-christmas,Last Chance Christmas,,0.558050274848938,8,,base,book|gr_13529557-last-chance-christmas|A country train station on a snowy night,a,1.0
A6_EN,atmosphere,6,en,A country train station on a snowy night,all,book,bx_0573022208,Pullman Car Hiawatha,,0.5553171038627625,9,,base,book|bx_0573022208|A country train station on a snowy night,a,1.0
A6_EN,atmosphere,6,en,A country train station on a snowy night,all,book,kdl_B0B5K7NWDY,Christmas at Valentine Inn,,0.548312246799469,10,,base,book|kdl_B0B5K7NWDY|A country train station on a snowy night,x,0.0
A7_EN,atmosphere,7,en,Fluorescent glow of a late-night convenience store,movie,movie,409799,Cashback (2004),,0.6391756534576416,1,,base,movie|409799|Fluorescent glow of a late-night convenience store,a,1.0
A7_EN,atmosphere,7,en,Fluorescent glow of a late-night convenience store,movie,movie,250491,Late Night Shopping (2001),,0.6253601908683777,2,,base,movie|250491|Fluorescent glow of a late-night convenience store,a,1.0
A7_EN,atmosphere,7,en,Fluorescent glow of a late-night convenience store,movie,movie,322807,Jagoda u supermarketu (2003),,0.6143393516540527,3,,base,movie|322807|Fluorescent glow of a late-night convenience store,x,0.0
A7_EN,atmosphere,7,en,Fluorescent glow of a late-night convenience store,movie,movie,90094,The Stuff (1985),,0.5950801372528076,4,,base,movie|90094|Fluorescent glow of a late-night convenience store,a,1.0
A7_EN,atmosphere,7,en,Fluorescent glow of a late-night convenience store,movie,movie,460740,Cashback (2006),,0.5754231214523315,5,,base,movie|460740|Fluorescent glow of a late-night convenience store,a,1.0
A7_EN,atmosphere,7,en,Fluorescent glow of a late-night convenience store,movie,movie,109424,Chungking Express (1994),,0.5707803964614868,6,,base,movie|109424|Fluorescent glow of a late-night convenience store,a,1.0
A7_EN,atmosphere,7,en,Fluorescent glow of a late-night convenience store,movie,movie,831299,I Really Hate My Job (2007),,0.5673840045928955,7,,base,movie|831299|Fluorescent glow of a late-night convenience store,x,0.0
A7_EN,atmosphere,7,en,Fluorescent glow of a late-night convenience store,movie,movie,499603,10 Items or Less (2006),,0.559756875038147,8,,base,movie|499603|Fluorescent glow of a late-night convenience store,a,1.0
A7_EN,atmosphere,7,en,Fluorescent glow of a late-night convenience store,movie,movie,119278,Chicago Cab (1997),,0.5569642782211304,9,,base,movie|119278|Fluorescent glow of a late-night convenience store,x,0.0
A7_EN,atmosphere,7,en,Fluorescent glow of a late-night convenience store,movie,movie,206742,Fast Food Fast Women (2000),,0.5564913749694824,10,,base,movie|206742|Fluorescent glow of a late-night convenience store,x,0.0
A7_EN,atmosphere,7,en,Fluorescent glow of a late-night convenience store,music,music,6Ubz7S4IFSWVxlkMiRyMIK,Motorcycle Emptiness,,0.447959154844284,1,,base,music|6Ubz7S4IFSWVxlkMiRyMIK|Fluorescent glow of a late-night convenience store,x,0.0
A7_EN,atmosphere,7,en,Fluorescent glow of a late-night convenience store,music,music,7tt28wbdKmFqZZXsCh4tTk,Heavy Metal Winner,,0.4420997500419616,2,,base,music|7tt28wbdKmFqZZXsCh4tTk|Fluorescent glow of a late-night convenience store,x,0.0
A7_EN,atmosphere,7,en,Fluorescent glow of a late-night convenience store,music,music,4lCTpXPWIG8sJEp02cvKkU,Drunk On The Moon,,0.4238651394844055,3,,base,music|4lCTpXPWIG8sJEp02cvKkU|Fluorescent glow of a late-night convenience store,a,1.0
A7_EN,atmosphere,7,en,Fluorescent glow of a late-night convenience store,music,music,3ZpQiJ78LKINrW9SQTgbXd,All I Wanna Do,,0.4218840003013611,4,,base,music|3ZpQiJ78LKINrW9SQTgbXd|Fluorescent glow of a late-night convenience store,x,0.0
A7_EN,atmosphere,7,en,Fluorescent glow of a late-night convenience store,music,music,77exFA9gOKLvj6yhyX07HD,My Bologna,,0.4159567654132843,5,,base,music|77exFA9gOKLvj6yhyX07HD|Fluorescent glow of a late-night convenience store,x,0.0
A7_EN,atmosphere,7,en,Fluorescent glow of a late-night convenience store,music,music,72boGlgSwUK01n44O2tOCv,Lost in the Supermarket - Remastered,,0.4150915741920471,6,,base,music|72boGlgSwUK01n44O2tOCv|Fluorescent glow of a late-night convenience store,a,1.0
A7_EN,atmosphere,7,en,Fluorescent glow of a late-night convenience store,music,music,5mCkgtwXW7oJrp8hAgwuMh,Ice Cream Man,,0.4044402241706848,7,,base,music|5mCkgtwXW7oJrp8hAgwuMh|Fluorescent glow of a late-night convenience store,x,0.0
A7_EN,atmosphere,7,en,Fluorescent glow of a late-night convenience store,music,music,599cYawsBthDvauPoXNr7U,2 Hot 4 U (feat. $Uicdeboy$),,0.3950204253196716,8,,base,music|599cYawsBthDvauPoXNr7U|Fluorescent glow of a late-night convenience store,x,0.0
A7_EN,atmosphere,7,en,Fluorescent glow of a late-night convenience store,music,music,17lHTPdaPkEHIArxEKJNHr,DMV,,0.3904494047164917,9,,base,music|17lHTPdaPkEHIArxEKJNHr|Fluorescent glow of a late-night convenience store,x,0.0
A7_EN,atmosphere,7,en,Fluorescent glow of a late-night convenience store,music,music,0TZ1MAPCWb2jpaKzS5Muyz,Everything Went Numb,,0.38241046667099,10,,base,music|0TZ1MAPCWb2jpaKzS5Muyz|Fluorescent glow of a late-night convenience store,x,0.0
A7_EN,atmosphere,7,en,Fluorescent glow of a late-night convenience store,book,book,gr_6011752-bezsenno-w-tokio,Bezsenność w Tokio,,0.5901620388031006,1,,base,book|gr_6011752-bezsenno-w-tokio|Fluorescent glow of a late-night convenience store,x,0.0
A7_EN,atmosphere,7,en,Fluorescent glow of a late-night convenience store,book,book,gr_941852.The_Waitress,The Waitress,,0.5831733345985413,2,,base,book|gr_941852.The_Waitress|Fluorescent glow of a late-night convenience store,x,0.0
A7_EN,atmosphere,7,en,Fluorescent glow of a late-night convenience store,book,book,gr_41315.Syrup,Syrup,,0.5801546573638916,3,,base,book|gr_41315.Syrup|Fluorescent glow of a late-night convenience store,x,0.0
A7_EN,atmosphere,7,en,Fluorescent glow of a late-night convenience store,book,book,bx_0763615676,Burger Wuss,,0.5709407925605774,4,,base,book|bx_0763615676|Fluorescent glow of a late-night convenience store,x,0.0
A7_EN,atmosphere,7,en,Fluorescent glow of a late-night convenience store,book,book,gr_4923959-life-in-the-fast-food-lane,Life in the Fast-Food Lane,,0.5447591543197632,5,,base,book|gr_4923959-life-in-the-fast-food-lane|Fluorescent glow of a late-night convenience store,x,0.0
A7_EN,atmosphere,7,en,Fluorescent glow of a late-night convenience store,book,book,gr_17810.In_the_Miso_Soup,In the Miso Soup,,0.5438997745513916,6,,base,book|gr_17810.In_the_Miso_Soup|Fluorescent glow of a late-night convenience store,x,0.0
A7_EN,atmosphere,7,en,Fluorescent glow of a late-night convenience store,book,book,gr_13487352-torn-de-nit,Torn de nit,,0.5426574945449829,7,,base,book|gr_13487352-torn-de-nit|Fluorescent glow of a late-night convenience store,x,0.0
A7_EN,atmosphere,7,en,Fluorescent glow of a late-night convenience store,book,book,bx_0590455257,The Hungry Thing Goes to a Restaurant,,0.5423195362091064,8,,base,book|bx_0590455257|Fluorescent glow of a late-night convenience store,x,0.0
A7_EN,atmosphere,7,en,Fluorescent glow of a late-night convenience store,book,book,gr_9568262-clean-up-after-me-i-m-irish,"Clean Up After Me, I'm Irish: A Cheap Degenerate's Guide To Buffalo Bars",,0.5380058884620667,9,,base,book|gr_9568262-clean-up-after-me-i-m-irish|Fluorescent glow of a late-night convenience store,x,0.0
A7_EN,atmosphere,7,en,Fluorescent glow of a late-night convenience store,book,book,kdl_B08BZVV6ZF,Milk Fed: A Novel,,0.5372004508972168,10,,base,book|kdl_B08BZVV6ZF|Fluorescent glow of a late-night convenience store,x,0.0
A7_EN,atmosphere,7,en,Fluorescent glow of a late-night convenience store,all,movie,409799,Cashback (2004),,0.6391756534576416,1,,base,movie|409799|Fluorescent glow of a late-night convenience store,a,1.0
A7_EN,atmosphere,7,en,Fluorescent glow of a late-night convenience store,all,movie,250491,Late Night Shopping (2001),,0.6253601908683777,2,,base,movie|250491|Fluorescent glow of a late-night convenience store,a,1.0
A7_EN,atmosphere,7,en,Fluorescent glow of a late-night convenience store,all,movie,322807,Jagoda u supermarketu (2003),,0.6143393516540527,3,,base,movie|322807|Fluorescent glow of a late-night convenience store,x,0.0
A7_EN,atmosphere,7,en,Fluorescent glow of a late-night convenience store,all,movie,90094,The Stuff (1985),,0.5950801372528076,4,,base,movie|90094|Fluorescent glow of a late-night convenience store,a,1.0
A7_EN,atmosphere,7,en,Fluorescent glow of a late-night convenience store,all,book,gr_6011752-bezsenno-w-tokio,Bezsenność w Tokio,,0.5901620388031006,5,,base,book|gr_6011752-bezsenno-w-tokio|Fluorescent glow of a late-night convenience store,x,0.0
A7_EN,atmosphere,7,en,Fluorescent glow of a late-night convenience store,all,book,gr_941852.The_Waitress,The Waitress,,0.5831733345985413,6,,base,book|gr_941852.The_Waitress|Fluorescent glow of a late-night convenience store,x,0.0
A7_EN,atmosphere,7,en,Fluorescent glow of a late-night convenience store,all,book,gr_41315.Syrup,Syrup,,0.5801546573638916,7,,base,book|gr_41315.Syrup|Fluorescent glow of a late-night convenience store,x,0.0
A7_EN,atmosphere,7,en,Fluorescent glow of a late-night convenience store,all,movie,460740,Cashback (2006),,0.5754231214523315,8,,base,movie|460740|Fluorescent glow of a late-night convenience store,a,1.0
A7_EN,atmosphere,7,en,Fluorescent glow of a late-night convenience store,all,book,bx_0763615676,Burger Wuss,,0.5709407925605774,9,,base,book|bx_0763615676|Fluorescent glow of a late-night convenience store,x,0.0
A7_EN,atmosphere,7,en,Fluorescent glow of a late-night convenience store,all,movie,109424,Chungking Express (1994),,0.5707803964614868,10,,base,movie|109424|Fluorescent glow of a late-night convenience store,a,1.0
A8_EN,atmosphere,8,en,A worn motel room by the sea,movie,movie,3249158,Las horas muertas (2013),,0.6311936378479004,1,,base,movie|3249158|A worn motel room by the sea,a,1.0
A8_EN,atmosphere,8,en,A worn motel room by the sea,movie,movie,1559036,The Motel Life (2012),,0.6055452227592468,2,,base,movie|1559036|A worn motel room by the sea,a,1.0
A8_EN,atmosphere,8,en,A worn motel room by the sea,movie,movie,1669801,ShÌ¨saido mÌ«teru (2010),,0.5931299924850464,3,,base,movie|1669801|A worn motel room by the sea,a,1.0
A8_EN,atmosphere,8,en,A worn motel room by the sea,movie,movie,1093815,"Continental, un film sans fusil (2007)",,0.5770084261894226,4,,base,movie|1093815|A worn motel room by the sea,x,0.0
A8_EN,atmosphere,8,en,A worn motel room by the sea,movie,movie,40506,Key Largo (1948),,0.5636342167854309,5,,base,movie|40506|A worn motel room by the sea,a,1.0
A8_EN,atmosphere,8,en,A worn motel room by the sea,movie,movie,87428,The Hotel New Hampshire (1984),,0.5556806325912476,6,,base,movie|87428|A worn motel room by the sea,a,1.0
A8_EN,atmosphere,8,en,A worn motel room by the sea,movie,movie,425295,Niagara Motel (2005),,0.5549140572547913,7,,base,movie|425295|A worn motel room by the sea,x,0.0
A8_EN,atmosphere,8,en,A worn motel room by the sea,movie,movie,888693,Sleepwalking (2008),,0.5418392419815063,8,,base,movie|888693|A worn motel room by the sea,x,0.0
A8_EN,atmosphere,8,en,A worn motel room by the sea,movie,movie,452702,Vacancy (2007),,0.5410436391830444,9,,base,movie|452702|A worn motel room by the sea,a,1.0
A8_EN,atmosphere,8,en,A worn motel room by the sea,movie,movie,436607,The Motel (2005),,0.5286628007888794,10,,base,movie|436607|A worn motel room by the sea,a,1.0
A8_EN,atmosphere,8,en,A worn motel room by the sea,music,music,1ElcOLwh7Og4UOm6WTyeXH,Tell My Mother I Miss Her So,,0.5269287824630737,1,,base,music|1ElcOLwh7Og4UOm6WTyeXH|A worn motel room by the sea,x,0.0
A8_EN,atmosphere,8,en,A worn motel room by the sea,music,music,3HQMDHF7Uahn1RCd93l0rh,Double-Wide Dream,,0.5015318989753723,2,,base,music|3HQMDHF7Uahn1RCd93l0rh|A worn motel room by the sea,x,0.0
A8_EN,atmosphere,8,en,A worn motel room by the sea,music,music,3Mr3ZUFtC1DKFmFeD5mF8P,Gardenhead / Leave Me Alone,,0.4882506132125854,3,,base,music|3Mr3ZUFtC1DKFmFeD5mF8P|A worn motel room by the sea,a,1.0
A8_EN,atmosphere,8,en,A worn motel room by the sea,music,music,61oeMgPmaEEXYugo6p8SsX,Loving County,,0.481374979019165,4,,base,music|61oeMgPmaEEXYugo6p8SsX|A worn motel room by the sea,x,0.0
A8_EN,atmosphere,8,en,A worn motel room by the sea,music,music,651zgpohmcHZUPLnhHGS7a,Your Deep Rest,,0.4749923646450043,5,,base,music|651zgpohmcHZUPLnhHGS7a|A worn motel room by the sea,x,0.0
A8_EN,atmosphere,8,en,A worn motel room by the sea,music,music,2r3XoShDJnYhatcpfobVmC,Gila,,0.4497287571430206,6,,base,music|2r3XoShDJnYhatcpfobVmC|A worn motel room by the sea,x,0.0
A8_EN,atmosphere,8,en,A worn motel room by the sea,music,music,3i9uwwYaRFtHAGcIKrVJsp,On the Coast of Somewhere Beautiful,,0.4495542049407959,7,,base,music|3i9uwwYaRFtHAGcIKrVJsp|A worn motel room by the sea,a,1.0
A8_EN,atmosphere,8,en,A worn motel room by the sea,music,music,36mCPzCbnDVSfvh5KHGutc,Anything But Mine,,0.4470840692520141,8,,base,music|36mCPzCbnDVSfvh5KHGutc|A worn motel room by the sea,a,1.0
A8_EN,atmosphere,8,en,A worn motel room by the sea,music,music,0BteLcimTI0usYZ2L2zQaZ,Don’t Wanna Write This Song,,0.4416348040103912,9,,base,music|0BteLcimTI0usYZ2L2zQaZ|A worn motel room by the sea,x,0.0
A8_EN,atmosphere,8,en,A worn motel room by the sea,music,music,3nIyoRAlIrtefqiH3ObLk8,Sinner,,0.4353990256786346,10,,base,music|3nIyoRAlIrtefqiH3ObLk8|A worn motel room by the sea,o,2.0
A8_EN,atmosphere,8,en,A worn motel room by the sea,book,book,gr_15793282-the-perfect-ghost,The Perfect Ghost,,0.5901272296905518,1,,base,book|gr_15793282-the-perfect-ghost|A worn motel room by the sea,x,0.0
A8_EN,atmosphere,8,en,A worn motel room by the sea,book,book,gr_24452249-did-you-ever-have-a-family,Did You Ever Have a Family,,0.5727638006210327,2,,base,book|gr_24452249-did-you-ever-have-a-family|A worn motel room by the sea,x,0.0
A8_EN,atmosphere,8,en,A worn motel room by the sea,book,book,gr_493712.Off_Magazine_Street,Off Magazine Street,,0.5688414573669434,3,,base,book|gr_493712.Off_Magazine_Street|A worn motel room by the sea,x,0.0
A8_EN,atmosphere,8,en,A worn motel room by the sea,book,book,bx_055337432X,Somewhere Off the Coast of Maine,,0.5643972754478455,4,,base,book|bx_055337432X|A worn motel room by the sea,a,1.0
A8_EN,atmosphere,8,en,A worn motel room by the sea,book,book,gr_2924318-home,Home,,0.5600619316101074,5,,base,book|gr_2924318-home|A worn motel room by the sea,x,0.0
A8_EN,atmosphere,8,en,A worn motel room by the sea,book,book,gr_10650227-motel-life,Motel Life,,0.5553731918334961,6,,base,book|gr_10650227-motel-life|A worn motel room by the sea,x,0.0
A8_EN,atmosphere,8,en,A worn motel room by the sea,book,book,gr_89055.The_House_of_Sleep,The House of Sleep,,0.554354190826416,7,,base,book|gr_89055.The_House_of_Sleep|A worn motel room by the sea,x,0.0
A8_EN,atmosphere,8,en,A worn motel room by the sea,book,book,kdl_B07VFKCJVS,The Weekend: A Sunday Times ‘Best Books for Summer 2021’,,0.554334819316864,8,,base,book|kdl_B07VFKCJVS|A worn motel room by the sea,x,0.0
A8_EN,atmosphere,8,en,A worn motel room by the sea,book,book,kdl_B0C35345SH,Miffed in Maine (Rambling RV Cozy Mysteries Book 12),,0.5539121031761169,9,,base,book|kdl_B0C35345SH|A worn motel room by the sea,x,0.0
A8_EN,atmosphere,8,en,A worn motel room by the sea,book,book,gr_44179.The_World_Made_Straight,The World Made Straight,,0.5532687902450562,10,,base,book|gr_44179.The_World_Made_Straight|A worn motel room by the sea,x,0.0
A8_EN,atmosphere,8,en,A worn motel room by the sea,all,movie,3249158,Las horas muertas (2013),,0.6311936378479004,1,,base,movie|3249158|A worn motel room by the sea,a,1.0
A8_EN,atmosphere,8,en,A worn motel room by the sea,all,movie,1559036,The Motel Life (2012),,0.6055452227592468,2,,base,movie|1559036|A worn motel room by the sea,a,1.0
A8_EN,atmosphere,8,en,A worn motel room by the sea,all,movie,1669801,ShÌ¨saido mÌ«teru (2010),,0.5931299924850464,3,,base,movie|1669801|A worn motel room by the sea,a,1.0
A8_EN,atmosphere,8,en,A worn motel room by the sea,all,book,gr_15793282-the-perfect-ghost,The Perfect Ghost,,0.5901272296905518,4,,base,book|gr_15793282-the-perfect-ghost|A worn motel room by the sea,x,0.0
A8_EN,atmosphere,8,en,A worn motel room by the sea,all,movie,1093815,"Continental, un film sans fusil (2007)",,0.5770084261894226,5,,base,movie|1093815|A worn motel room by the sea,x,0.0
A8_EN,atmosphere,8,en,A worn motel room by the sea,all,book,gr_24452249-did-you-ever-have-a-family,Did You Ever Have a Family,,0.5727638006210327,6,,base,book|gr_24452249-did-you-ever-have-a-family|A worn motel room by the sea,x,0.0
A8_EN,atmosphere,8,en,A worn motel room by the sea,all,book,gr_493712.Off_Magazine_Street,Off Magazine Street,,0.5688414573669434,7,,base,book|gr_493712.Off_Magazine_Street|A worn motel room by the sea,x,0.0
A8_EN,atmosphere,8,en,A worn motel room by the sea,all,book,bx_055337432X,Somewhere Off the Coast of Maine,,0.5643972754478455,8,,base,book|bx_055337432X|A worn motel room by the sea,a,1.0
A8_EN,atmosphere,8,en,A worn motel room by the sea,all,movie,40506,Key Largo (1948),,0.5636342167854309,9,,base,movie|40506|A worn motel room by the sea,a,1.0
A8_EN,atmosphere,8,en,A worn motel room by the sea,all,book,gr_2924318-home,Home,,0.5600619316101074,10,,base,book|gr_2924318-home|A worn motel room by the sea,x,0.0
A9_EN,atmosphere,9,en,A damp basement bookshop during the rainy season,movie,movie,2315226,Fune wo amu (2013),,0.5485833287239075,1,,base,movie|2315226|A damp basement bookshop during the rainy season,a,1.0
A9_EN,atmosphere,9,en,A damp basement bookshop during the rainy season,movie,movie,324080,Stone Reader (2002),,0.5243827104568481,2,,base,movie|324080|A damp basement bookshop during the rainy season,a,1.0
A9_EN,atmosphere,9,en,A damp basement bookshop during the rainy season,movie,movie,2130114,Linotype: The Film (2012),,0.5084785223007202,3,,base,movie|2130114|A damp basement bookshop during the rainy season,x,0.0
A9_EN,atmosphere,9,en,A damp basement bookshop during the rainy season,movie,movie,345128,The Gleaners and I: Two Years Later (2002),,0.5058732628822327,4,,base,movie|345128|A damp basement bookshop during the rainy season,x,0.0
A9_EN,atmosphere,9,en,A damp basement bookshop during the rainy season,movie,movie,101404,The Ballad of the Sad Cafe (1991),,0.5053783655166626,5,,base,movie|101404|A damp basement bookshop during the rainy season,a,1.0
A9_EN,atmosphere,9,en,A damp basement bookshop during the rainy season,movie,movie,250266,BookWars (2000),,0.5042277574539185,6,,base,movie|250266|A damp basement bookshop during the rainy season,a,1.0
A9_EN,atmosphere,9,en,A damp basement bookshop during the rainy season,movie,movie,1449183,If These Knishes Could Talk: The Story of the NY Accent (2013),,0.4864780306816101,7,,base,movie|1449183|A damp basement bookshop during the rainy season,x,0.0
A9_EN,atmosphere,9,en,A damp basement bookshop during the rainy season,movie,movie,1527679,Nasty Old People (2009),,0.4861392676830292,8,,base,movie|1527679|A damp basement bookshop during the rainy season,x,0.0
A9_EN,atmosphere,9,en,A damp basement bookshop during the rainy season,movie,movie,72837,Cuore di cane (1976),,0.4803675413131714,9,,base,movie|72837|A damp basement bookshop during the rainy season,x,0.0
A9_EN,atmosphere,9,en,A damp basement bookshop during the rainy season,movie,movie,480001,The Sensation of Sight (2006),,0.4779072403907776,10,,base,movie|480001|A damp basement bookshop during the rainy season,x,0.0
A9_EN,atmosphere,9,en,A damp basement bookshop during the rainy season,music,music,3Fq4shhJdENQhwlLk9qoDx,Coal,,0.5376968383789062,1,,base,music|3Fq4shhJdENQhwlLk9qoDx|A damp basement bookshop during the rainy season,a,1.0
A9_EN,atmosphere,9,en,A damp basement bookshop during the rainy season,music,music,3N9TNua9TzoyeVukrTBFZv,Play Me a Hank Song,,0.530206024646759,2,,base,music|3N9TNua9TzoyeVukrTBFZv|A damp basement bookshop during the rainy season,x,0.0
A9_EN,atmosphere,9,en,A damp basement bookshop during the rainy season,music,music,5AxF1sEQrbTWtyQUoXVlF3,Detroit,,0.5239230394363403,3,,base,music|5AxF1sEQrbTWtyQUoXVlF3|A damp basement bookshop during the rainy season,x,0.0
A9_EN,atmosphere,9,en,A damp basement bookshop during the rainy season,music,music,0Uybrtb766jul6WpkjqbID,Hard Times,,0.5153399705886841,4,,base,music|0Uybrtb766jul6WpkjqbID|A damp basement bookshop during the rainy season,a,1.0
A9_EN,atmosphere,9,en,A damp basement bookshop during the rainy season,music,music,04Dqz6T7vL4APHblHSdR4q,The Boxer,,0.511512279510498,5,,base,music|04Dqz6T7vL4APHblHSdR4q|A damp basement bookshop during the rainy season,x,0.0
A9_EN,atmosphere,9,en,A damp basement bookshop during the rainy season,music,music,2e3FFYFj3PuH9rMwKmjgYF,Good Thing Windin' down,,0.5000507831573486,6,,base,music|2e3FFYFj3PuH9rMwKmjgYF|A damp basement bookshop during the rainy season,x,0.0
A9_EN,atmosphere,9,en,A damp basement bookshop during the rainy season,music,music,2QIt8RWdk5ZJneKTt4sZnK,Dust Bowl Dance,,0.4902232885360718,7,,base,music|2QIt8RWdk5ZJneKTt4sZnK|A damp basement bookshop during the rainy season,x,0.0
A9_EN,atmosphere,9,en,A damp basement bookshop during the rainy season,music,music,6rGkeKNrpmTOHNsgiKU429,The Harvest,,0.4772999882698059,8,,base,music|6rGkeKNrpmTOHNsgiKU429|A damp basement bookshop during the rainy season,x,0.0
A9_EN,atmosphere,9,en,A damp basement bookshop during the rainy season,music,music,7us3ipdGdfe9jWnsLicgCV,Long Hard Road,,0.4720915555953979,9,,base,music|7us3ipdGdfe9jWnsLicgCV|A damp basement bookshop during the rainy season,x,0.0
A9_EN,atmosphere,9,en,A damp basement bookshop during the rainy season,music,music,4c3zZWPPYkvjSV07Cv95oJ,Timshel,,0.4604623019695282,10,,base,music|4c3zZWPPYkvjSV07Cv95oJ|A damp basement bookshop during the rainy season,x,0.0
A9_EN,atmosphere,9,en,A damp basement bookshop during the rainy season,book,book,gr_1006065.Nog_drie_keer_slapen_en_ik_word_wakker,Nog drie keer slapen en ik word wakker,,0.6867846250534058,1,,base,book|gr_1006065.Nog_drie_keer_slapen_en_ik_word_wakker|A damp basement bookshop during the rainy season,x,0.0
A9_EN,atmosphere,9,en,A damp basement bookshop during the rainy season,book,book,bx_0440414857,The Ink Drinker (Ink Drinker),,0.6656558513641357,2,,base,book|bx_0440414857|A damp basement bookshop during the rainy season,a,1.0
A9_EN,atmosphere,9,en,A damp basement bookshop during the rainy season,book,book,gr_2279949.De_man_die_werk_vond,De man die werk vond,,0.6508500576019287,3,,base,book|gr_2279949.De_man_die_werk_vond|A damp basement bookshop during the rainy season,a,1.0
A9_EN,atmosphere,9,en,A damp basement bookshop during the rainy season,book,book,gr_319388.The_Bookshop,The Bookshop,,0.6468880772590637,4,,base,book|gr_319388.The_Bookshop|A damp basement bookshop during the rainy season,a,1.0
A9_EN,atmosphere,9,en,A damp basement bookshop during the rainy season,book,book,gr_35512560-the-diary-of-a-bookseller,The Diary of a Bookseller,,0.636505663394928,5,,base,book|gr_35512560-the-diary-of-a-bookseller|A damp basement bookshop during the rainy season,a,1.0
A9_EN,atmosphere,9,en,A damp basement bookshop during the rainy season,book,book,bx_0312317255,A Pound of Paper : Confessions of a Book Addict,,0.6352835297584534,6,,base,book|bx_0312317255|A damp basement bookshop during the rainy season,a,1.0
A9_EN,atmosphere,9,en,A damp basement bookshop during the rainy season,book,book,bx_0380804743,Miss Zukas Shelves the Evidence (Miss Zukas Mysteries),,0.6142734289169312,7,,base,book|bx_0380804743|A damp basement bookshop during the rainy season,x,0.0
A9_EN,atmosphere,9,en,A damp basement bookshop during the rainy season,book,book,gr_22772589-the-dude-who-did-dictionaries,The Dude Who Did Dictionaries,,0.6003710031509399,8,,base,book|gr_22772589-the-dude-who-did-dictionaries|A damp basement bookshop during the rainy season,x,0.0
A9_EN,atmosphere,9,en,A damp basement bookshop during the rainy season,book,book,bx_014017043X,Dear Writer in the Window: The Wit and Wisdom of a Sidewalk Sage,,0.5933654308319092,9,,base,book|bx_014017043X|A damp basement bookshop during the rainy season,a,1.0
A9_EN,atmosphere,9,en,A damp basement bookshop during the rainy season,book,book,bx_0151004250,Bookstore: The Life and Times of Jeannette Watson and Books &amp; Co.,,0.5910454988479614,10,,base,book|bx_0151004250|A damp basement bookshop during the rainy season,a,1.0
A9_EN,atmosphere,9,en,A damp basement bookshop during the rainy season,all,book,gr_1006065.Nog_drie_keer_slapen_en_ik_word_wakker,Nog drie keer slapen en ik word wakker,,0.6867846250534058,1,,base,book|gr_1006065.Nog_drie_keer_slapen_en_ik_word_wakker|A damp basement bookshop during the rainy season,x,0.0
A9_EN,atmosphere,9,en,A damp basement bookshop during the rainy season,all,book,bx_0440414857,The Ink Drinker (Ink Drinker),,0.6656558513641357,2,,base,book|bx_0440414857|A damp basement bookshop during the rainy season,a,1.0
A9_EN,atmosphere,9,en,A damp basement bookshop during the rainy season,all,book,gr_2279949.De_man_die_werk_vond,De man die werk vond,,0.6508500576019287,3,,base,book|gr_2279949.De_man_die_werk_vond|A damp basement bookshop during the rainy season,a,1.0
A9_EN,atmosphere,9,en,A damp basement bookshop during the rainy season,all,book,gr_319388.The_Bookshop,The Bookshop,,0.6468880772590637,4,,base,book|gr_319388.The_Bookshop|A damp basement bookshop during the rainy season,a,1.0
A9_EN,atmosphere,9,en,A damp basement bookshop during the rainy season,all,book,gr_35512560-the-diary-of-a-bookseller,The Diary of a Bookseller,,0.636505663394928,5,,base,book|gr_35512560-the-diary-of-a-bookseller|A damp basement bookshop during the rainy season,a,1.0
A9_EN,atmosphere,9,en,A damp basement bookshop during the rainy season,all,book,bx_0312317255,A Pound of Paper : Confessions of a Book Addict,,0.6352835297584534,6,,base,book|bx_0312317255|A damp basement bookshop during the rainy season,a,1.0
A9_EN,atmosphere,9,en,A damp basement bookshop during the rainy season,all,book,bx_0380804743,Miss Zukas Shelves the Evidence (Miss Zukas Mysteries),,0.6142734289169312,7,,base,book|bx_0380804743|A damp basement bookshop during the rainy season,x,0.0
A9_EN,atmosphere,9,en,A damp basement bookshop during the rainy season,all,book,gr_22772589-the-dude-who-did-dictionaries,The Dude Who Did Dictionaries,,0.6003710031509399,8,,base,book|gr_22772589-the-dude-who-did-dictionaries|A damp basement bookshop during the rainy season,x,0.0
A9_EN,atmosphere,9,en,A damp basement bookshop during the rainy season,all,book,bx_014017043X,Dear Writer in the Window: The Wit and Wisdom of a Sidewalk Sage,,0.5933654308319092,9,,base,book|bx_014017043X|A damp basement bookshop during the rainy season,a,1.0
A9_EN,atmosphere,9,en,A damp basement bookshop during the rainy season,all,book,bx_0151004250,Bookstore: The Life and Times of Jeannette Watson and Books &amp; Co.,,0.5910454988479614,10,,base,book|bx_0151004250|A damp basement bookshop during the rainy season,a,1.0
A10_EN,atmosphere,10,en,A highway rest stop at sunset,movie,movie,428196,95 Miles to Go (2004),,0.7109686732292175,1,,base,movie|428196|A highway rest stop at sunset,a,1.0
A10_EN,atmosphere,10,en,A highway rest stop at sunset,movie,movie,250067,The Trip (2002),,0.6607578992843628,2,,base,movie|250067|A highway rest stop at sunset,x,0.0
A10_EN,atmosphere,10,en,A highway rest stop at sunset,movie,movie,1261954,Take Me Home (2011),,0.658340573310852,3,,base,movie|1261954|A highway rest stop at sunset,x,0.0
A10_EN,atmosphere,10,en,A highway rest stop at sunset,movie,movie,1227170,Passenger Side (2009),,0.6103651523590088,4,,base,movie|1227170|A highway rest stop at sunset,a,1.0
A10_EN,atmosphere,10,en,A highway rest stop at sunset,movie,movie,65788,Goin' Down the Road (1970),,0.6091347932815552,5,,base,movie|65788|A highway rest stop at sunset,a,1.0
A10_EN,atmosphere,10,en,A highway rest stop at sunset,movie,movie,165832,Interstate 60: Episodes of the Road (2002),,0.6091270446777344,6,,base,movie|165832|A highway rest stop at sunset,a,1.0
A10_EN,atmosphere,10,en,A highway rest stop at sunset,movie,movie,2962876,The Road Within (2014),,0.5985947847366333,7,,base,movie|2962876|A highway rest stop at sunset,a,1.0
A10_EN,atmosphere,10,en,A highway rest stop at sunset,movie,movie,1087527,Trucker (2008),,0.5751334428787231,8,,base,movie|1087527|A highway rest stop at sunset,a,1.0
A10_EN,atmosphere,10,en,A highway rest stop at sunset,movie,movie,1176954,Eldorado (2008),,0.5730602741241455,9,,base,movie|1176954|A highway rest stop at sunset,a,1.0
A10_EN,atmosphere,10,en,A highway rest stop at sunset,movie,movie,210777,The Journey (2001),,0.5662120580673218,10,,base,movie|210777|A highway rest stop at sunset,a,1.0
A10_EN,atmosphere,10,en,A highway rest stop at sunset,music,music,2NniAhAtkRACaMeYt48xlD,50 Ways to Say Goodbye,,0.6970682144165039,1,,base,music|2NniAhAtkRACaMeYt48xlD|A highway rest stop at sunset,x,0.0
A10_EN,atmosphere,10,en,A highway rest stop at sunset,music,music,3adeqciqrsp6PQqR0hGDC7,Bruises (feat. Ashley Monroe),,0.6501871347427368,2,,base,music|3adeqciqrsp6PQqR0hGDC7|A highway rest stop at sunset,x,0.0
A10_EN,atmosphere,10,en,A highway rest stop at sunset,music,music,0KAiuUOrLTIkzkpfpn9jb9,Drive By,,0.6363587975502014,3,,base,music|0KAiuUOrLTIkzkpfpn9jb9|A highway rest stop at sunset,a,1.0
A10_EN,atmosphere,10,en,A highway rest stop at sunset,music,music,3k5oLgungD1dSOGLqQdIQw,Texas Sun,,0.6170270442962646,4,,base,music|3k5oLgungD1dSOGLqQdIQw|A highway rest stop at sunset,a,1.0
A10_EN,atmosphere,10,en,A highway rest stop at sunset,music,music,066HNnIEcYkMZ4UumfTLmN,Timberwolves At New Jersey,,0.6029899716377258,5,,base,music|066HNnIEcYkMZ4UumfTLmN|A highway rest stop at sunset,x,0.0
A10_EN,atmosphere,10,en,A highway rest stop at sunset,music,music,4tQhxBKakIwoWZ7tuGBr7d,Chapters,,0.6011624336242676,6,,base,music|4tQhxBKakIwoWZ7tuGBr7d|A highway rest stop at sunset,x,0.0
A10_EN,atmosphere,10,en,A highway rest stop at sunset,music,music,09ln4QumFqjIkfCFiW9aRk,(You Want To) Make A Memory - Pop Album Version,,0.5839757919311523,7,,base,music|09ln4QumFqjIkfCFiW9aRk|A highway rest stop at sunset,a,1.0
A10_EN,atmosphere,10,en,A highway rest stop at sunset,music,music,2gws1v6aAT0mYxHVISMTph,Till the Morning Comes - 2013 Remaster,,0.5778772830963135,8,,base,music|2gws1v6aAT0mYxHVISMTph|A highway rest stop at sunset,a,1.0
A10_EN,atmosphere,10,en,A highway rest stop at sunset,music,music,4OCFCX4RSZl8esUMtt3muO,Six Days On The Road,,0.5773312449455261,9,,base,music|4OCFCX4RSZl8esUMtt3muO|A highway rest stop at sunset,a,1.0
A10_EN,atmosphere,10,en,A highway rest stop at sunset,music,music,6txGFpco4cfgG1sA1MxLCp,From a Buick 6,,0.5755789875984192,10,,base,music|6txGFpco4cfgG1sA1MxLCp|A highway rest stop at sunset,a,1.0
A10_EN,atmosphere,10,en,A highway rest stop at sunset,book,book,kdl_B0846RQ4Q5,I Adopted My Mom at the Bus Station,,0.6390457153320312,1,,base,book|kdl_B0846RQ4Q5|A highway rest stop at sunset,x,0.0
A10_EN,atmosphere,10,en,A highway rest stop at sunset,book,book,bx_0836217128,"Quality Time on Highway 1 (Trudeau, G. B., Doonesbury Book.)",,0.6344212293624878,2,,base,book|bx_0836217128|A highway rest stop at sunset,x,0.0
A10_EN,atmosphere,10,en,A highway rest stop at sunset,book,book,bx_044050757X,First We Quit Our Jobs: How One Work Driven Couple Got on the Road to a New Life,,0.6240005493164062,3,,base,book|bx_044050757X|A highway rest stop at sunset,a,1.0
A10_EN,atmosphere,10,en,A highway rest stop at sunset,book,book,kdl_B01JMOS7R2,Chasing America,,0.6157973408699036,4,,base,book|kdl_B01JMOS7R2|A highway rest stop at sunset,a,1.0
A10_EN,atmosphere,10,en,A highway rest stop at sunset,book,book,gr_39280558-the-remarkable-journey-of-coyote-sunrise,The Remarkable Journey of Coyote Sunrise,,0.6094915866851807,5,,base,book|gr_39280558-the-remarkable-journey-of-coyote-sunrise|A highway rest stop at sunset,a,1.0
A10_EN,atmosphere,10,en,A highway rest stop at sunset,book,book,bx_0813531330,"Backroads, New Jersey: Driving at the Speed of Life",,0.6062920093536377,6,,base,book|bx_0813531330|A highway rest stop at sunset,a,1.0
A10_EN,atmosphere,10,en,A highway rest stop at sunset,book,book,bx_0553072455,Long Quiet Highway: Waking Up in America,,0.6031830310821533,7,,base,book|bx_0553072455|A highway rest stop at sunset,x,0.0
A10_EN,atmosphere,10,en,A highway rest stop at sunset,book,book,bx_0971545103,"Away From My Desk: A Round-the-World Detour from the Rat Race, the Tech Wreck, and the Traffic Jam of Life in America",,0.5979918241500854,8,,base,book|bx_0971545103|A highway rest stop at sunset,a,1.0
A10_EN,atmosphere,10,en,A highway rest stop at sunset,book,book,bx_0671640143,FAST LANES (Washington Square),,0.5948394536972046,9,,base,book|bx_0671640143|A highway rest stop at sunset,a,1.0
A10_EN,atmosphere,10,en,A highway rest stop at sunset,book,book,gr_232738.Sleeping_at_the_Starlite_Motel,Sleeping at the Starlite Motel: and Other Adventures on the Way Back Home,,0.5944592356681824,10,,base,book|gr_232738.Sleeping_at_the_Starlite_Motel|A highway rest stop at sunset,a,1.0
A10_EN,atmosphere,10,en,A highway rest stop at sunset,all,movie,428196,95 Miles to Go (2004),,0.7109686732292175,1,,base,movie|428196|A highway rest stop at sunset,a,1.0
A10_EN,atmosphere,10,en,A highway rest stop at sunset,all,music,2NniAhAtkRACaMeYt48xlD,50 Ways to Say Goodbye,,0.6970682144165039,2,,base,music|2NniAhAtkRACaMeYt48xlD|A highway rest stop at sunset,x,0.0
A10_EN,atmosphere,10,en,A highway rest stop at sunset,all,movie,250067,The Trip (2002),,0.6607578992843628,3,,base,movie|250067|A highway rest stop at sunset,x,0.0
A10_EN,atmosphere,10,en,A highway rest stop at sunset,all,movie,1261954,Take Me Home (2011),,0.658340573310852,4,,base,movie|1261954|A highway rest stop at sunset,x,0.0
A10_EN,atmosphere,10,en,A highway rest stop at sunset,all,music,3adeqciqrsp6PQqR0hGDC7,Bruises (feat. Ashley Monroe),,0.6501871347427368,5,,base,music|3adeqciqrsp6PQqR0hGDC7|A highway rest stop at sunset,x,0.0
A10_EN,atmosphere,10,en,A highway rest stop at sunset,all,book,kdl_B0846RQ4Q5,I Adopted My Mom at the Bus Station,,0.6390457153320312,6,,base,book|kdl_B0846RQ4Q5|A highway rest stop at sunset,x,0.0
A10_EN,atmosphere,10,en,A highway rest stop at sunset,all,music,0KAiuUOrLTIkzkpfpn9jb9,Drive By,,0.6363587975502014,7,,base,music|0KAiuUOrLTIkzkpfpn9jb9|A highway rest stop at sunset,a,1.0
A10_EN,atmosphere,10,en,A highway rest stop at sunset,all,book,bx_0836217128,"Quality Time on Highway 1 (Trudeau, G. B., Doonesbury Book.)",,0.6344212293624878,8,,base,book|bx_0836217128|A highway rest stop at sunset,x,0.0
A10_EN,atmosphere,10,en,A highway rest stop at sunset,all,book,bx_044050757X,First We Quit Our Jobs: How One Work Driven Couple Got on the Road to a New Life,,0.6240005493164062,9,,base,book|bx_044050757X|A highway rest stop at sunset,a,1.0
A10_EN,atmosphere,10,en,A highway rest stop at sunset,all,music,3k5oLgungD1dSOGLqQdIQw,Texas Sun,,0.6170270442962646,10,,base,music|3k5oLgungD1dSOGLqQdIQw|A highway rest stop at sunset,a,1.0
D5_EN,direct,5,en,A courtroom drama based on a true story,movie,movie,1891974,Gyakuten saiban (2012),,0.6827113628387451,1,,base,movie|1891974|A courtroom drama based on a true story,x,0.0
D5_EN,direct,5,en,A courtroom drama based on a true story,movie,movie,113500,Jury Duty (1995),,0.6804751753807068,2,,base,movie|113500|A courtroom drama based on a true story,x,0.0
D5_EN,direct,5,en,A courtroom drama based on a true story,movie,movie,419749,Find Me Guilty (2006),,0.6465780138969421,3,,base,movie|419749|A courtroom drama based on a true story,o,2.0
D5_EN,direct,5,en,A courtroom drama based on a true story,movie,movie,118528,12 Angry Men (1997),,0.6453927159309387,4,,base,movie|118528|A courtroom drama based on a true story,a,1.0
D5_EN,direct,5,en,A courtroom drama based on a true story,movie,movie,152196,RiuscirÌÊ l'avvocato Franco Benenato a sconfiggere il suo acerrimo nemico il pretore Ciccio De Ingras? (1971),,0.6321040987968445,5,,base,movie|152196|A courtroom drama based on a true story,x,0.0
D5_EN,direct,5,en,A courtroom drama based on a true story,movie,movie,71987,PerchÌ© si uccide un magistrato (1975),,0.6266910433769226,6,,base,movie|71987|A courtroom drama based on a true story,a,1.0
D5_EN,direct,5,en,A courtroom drama based on a true story,movie,movie,104952,My Cousin Vinny (1992),,0.6261154413223267,7,,base,movie|104952|A courtroom drama based on a true story,x,0.0
D5_EN,direct,5,en,A courtroom drama based on a true story,movie,movie,155833,Legalese (1998),,0.6260387897491455,8,,base,movie|155833|A courtroom drama based on a true story,a,1.0
D5_EN,direct,5,en,A courtroom drama based on a true story,movie,movie,111488,Trial by Jury (1994),,0.6244343519210815,9,,base,movie|111488|A courtroom drama based on a true story,a,1.0
D5_EN,direct,5,en,A courtroom drama based on a true story,movie,movie,101590,Class Action (1991),,0.617425799369812,10,,base,movie|101590|A courtroom drama based on a true story,a,1.0
D5_EN,direct,5,en,A courtroom drama based on a true story,music,music,2E1IPG1MMwU8N70whuXXOs,I've Got Rights,,0.4620663523674011,1,,base,music|2E1IPG1MMwU8N70whuXXOs|A courtroom drama based on a true story,x,0.0
D5_EN,direct,5,en,A courtroom drama based on a true story,music,music,2TK2KSrzXD6W01qjXVjNGh,The Room Where It Happens,,0.4455282986164093,2,,base,music|2TK2KSrzXD6W01qjXVjNGh|A courtroom drama based on a true story,x,0.0
D5_EN,direct,5,en,A courtroom drama based on a true story,music,music,2G9lekfCh83S0lt2yfffBz,Farmer Refuted,,0.445342481136322,3,,base,music|2G9lekfCh83S0lt2yfffBz|A courtroom drama based on a true story,x,0.0
D5_EN,direct,5,en,A courtroom drama based on a true story,music,music,1DLfR4MOfLYbV6v3xrmWa8,We Know,,0.436711847782135,4,,base,music|1DLfR4MOfLYbV6v3xrmWa8|A courtroom drama based on a true story,x,0.0
D5_EN,direct,5,en,A courtroom drama based on a true story,music,music,2ewb4VJoSMG1FuSkFKoMgO,Blood in the Water,,0.4318649172782898,5,,base,music|2ewb4VJoSMG1FuSkFKoMgO|A courtroom drama based on a true story,x,0.0
D5_EN,direct,5,en,A courtroom drama based on a true story,music,music,0CrhIYKizM7cLxJVh2AocH,Read Me My Rights,,0.4241967797279358,6,,base,music|0CrhIYKizM7cLxJVh2AocH|A courtroom drama based on a true story,a,1.0
D5_EN,direct,5,en,A courtroom drama based on a true story,music,music,3lXyAQ0kekAvY5LodpWmUs,Ten Duel Commandments,,0.4224923849105835,7,,base,music|3lXyAQ0kekAvY5LodpWmUs|A courtroom drama based on a true story,x,0.0
D5_EN,direct,5,en,A courtroom drama based on a true story,music,music,4J0kN8QS2esY6cWBsFjtW9,Death On Two Legs (Dedicated To...) - Remastered 2011,,0.4176573157310486,8,,base,music|4J0kN8QS2esY6cWBsFjtW9|A courtroom drama based on a true story,x,0.0
D5_EN,direct,5,en,A courtroom drama based on a true story,music,music,0LpHC9mhPAQC98IjXZIrif,The Election of 1800,,0.4175465106964111,9,,base,music|0LpHC9mhPAQC98IjXZIrif|A courtroom drama based on a true story,a,1.0
D5_EN,direct,5,en,A courtroom drama based on a true story,music,music,7D1Lf7N7AtCuEq5PGJtIPz,The Reynolds Pamphlet,,0.4161438345909118,10,,base,music|7D1Lf7N7AtCuEq5PGJtIPz|A courtroom drama based on a true story,a,1.0
D5_EN,direct,5,en,A courtroom drama based on a true story,book,book,bx_0671519166,GUILTY AS CHARGED,,0.7216273546218872,1,,base,book|bx_0671519166|A courtroom drama based on a true story,a,1.0
D5_EN,direct,5,en,A courtroom drama based on a true story,book,book,bx_3453061187,Die Jury. Roman.,,0.6980072855949402,2,,base,book|bx_3453061187|A courtroom drama based on a true story,a,1.0
D5_EN,direct,5,en,A courtroom drama based on a true story,book,book,bx_0515132136,The Jury,,0.6951181888580322,3,,base,book|bx_0515132136|A courtroom drama based on a true story,x,0.0
D5_EN,direct,5,en,A courtroom drama based on a true story,book,book,gr_6759454-ultimate-justice,Ultimate Justice,,0.6884698271751404,4,,base,book|gr_6759454-ultimate-justice|A courtroom drama based on a true story,a,1.0
D5_EN,direct,5,en,A courtroom drama based on a true story,book,book,bx_0786010312,Above the Law,,0.6858918070793152,5,,base,book|bx_0786010312|A courtroom drama based on a true story,a,1.0
D5_EN,direct,5,en,A courtroom drama based on a true story,book,book,kdl_B0BKLRZBL9,Who Speaks for You?: The Inside Story of the Prosecutor Who Took Down Baltimore's Most Crooked Cops,,0.6826016902923584,6,,base,book|kdl_B0BKLRZBL9|A courtroom drama based on a true story,a,1.0
D5_EN,direct,5,en,A courtroom drama based on a true story,book,book,bx_0440224721,Obstruction of Justice,,0.6812366247177124,7,,base,book|bx_0440224721|A courtroom drama based on a true story,a,1.0
D5_EN,direct,5,en,A courtroom drama based on a true story,book,book,gr_207984.Solomon_vs_Lord,Solomon vs. Lord,,0.6787627339363098,8,,base,book|gr_207984.Solomon_vs_Lord|A courtroom drama based on a true story,a,1.0
D5_EN,direct,5,en,A courtroom drama based on a true story,book,book,bx_0440222788,Jury Double,,0.6772774457931519,9,,base,book|bx_0440222788|A courtroom drama based on a true story,a,1.0
D5_EN,direct,5,en,A courtroom drama based on a true story,book,book,bx_034540761X,The Final Judgment,,0.6772399544715881,10,,base,book|bx_034540761X|A courtroom drama based on a true story,a,1.0
D5_EN,direct,5,en,A courtroom drama based on a true story,all,book,bx_0671519166,GUILTY AS CHARGED,,0.7216273546218872,1,,base,book|bx_0671519166|A courtroom drama based on a true story,a,1.0
D5_EN,direct,5,en,A courtroom drama based on a true story,all,book,bx_3453061187,Die Jury. Roman.,,0.6980072855949402,2,,base,book|bx_3453061187|A courtroom drama based on a true story,a,1.0
D5_EN,direct,5,en,A courtroom drama based on a true story,all,book,bx_0515132136,The Jury,,0.6951181888580322,3,,base,book|bx_0515132136|A courtroom drama based on a true story,x,0.0
D5_EN,direct,5,en,A courtroom drama based on a true story,all,book,gr_6759454-ultimate-justice,Ultimate Justice,,0.6884698271751404,4,,base,book|gr_6759454-ultimate-justice|A courtroom drama based on a true story,a,1.0
D5_EN,direct,5,en,A courtroom drama based on a true story,all,book,bx_0786010312,Above the Law,,0.6858918070793152,5,,base,book|bx_0786010312|A courtroom drama based on a true story,a,1.0
D5_EN,direct,5,en,A courtroom drama based on a true story,all,movie,1891974,Gyakuten saiban (2012),,0.6827113628387451,6,,base,movie|1891974|A courtroom drama based on a true story,x,0.0
D5_EN,direct,5,en,A courtroom drama based on a true story,all,book,kdl_B0BKLRZBL9,Who Speaks for You?: The Inside Story of the Prosecutor Who Took Down Baltimore's Most Crooked Cops,,0.6826016902923584,7,,base,book|kdl_B0BKLRZBL9|A courtroom drama based on a true story,a,1.0
D5_EN,direct,5,en,A courtroom drama based on a true story,all,book,bx_0440224721,Obstruction of Justice,,0.6812366247177124,8,,base,book|bx_0440224721|A courtroom drama based on a true story,a,1.0
D5_EN,direct,5,en,A courtroom drama based on a true story,all,movie,113500,Jury Duty (1995),,0.6804751753807068,9,,base,movie|113500|A courtroom drama based on a true story,x,0.0
D5_EN,direct,5,en,A courtroom drama based on a true story,all,book,gr_207984.Solomon_vs_Lord,Solomon vs. Lord,,0.6787627339363098,10,,base,book|gr_207984.Solomon_vs_Lord|A courtroom drama based on a true story,a,1.0
D6_EN,direct,6,en,Rock music with a heavy guitar riff,movie,movie,1236472,Lemmy (2010),,0.5448966026306152,1,,base,movie|1236472|Rock music with a heavy guitar riff,a,1.0
D6_EN,direct,6,en,Rock music with a heavy guitar riff,movie,movie,109068,Airheads (1994),,0.5279253721237183,2,,base,movie|109068|Rock music with a heavy guitar riff,a,1.0
D6_EN,direct,6,en,Rock music with a heavy guitar riff,movie,movie,80321,AC/DC: Let There Be Rock (1980),,0.5203168392181396,3,,base,movie|80321|Rock music with a heavy guitar riff,o,2.0
D6_EN,direct,6,en,Rock music with a heavy guitar riff,movie,movie,799915,Air Guitar Nation (2006),,0.5174442529678345,4,,base,movie|799915|Rock music with a heavy guitar riff,a,1.0
D6_EN,direct,6,en,Rock music with a heavy guitar riff,movie,movie,2120779,Jason Becker: Not Dead Yet (2012),,0.4911267757415771,5,,base,movie|2120779|Rock music with a heavy guitar riff,a,1.0
D6_EN,direct,6,en,Rock music with a heavy guitar riff,movie,movie,1230165,Rock On!! (2008),,0.490475058555603,6,,base,movie|1230165|Rock music with a heavy guitar riff,o,2.0
D6_EN,direct,6,en,Rock music with a heavy guitar riff,movie,movie,477449,MC5: Kick Out the Jams (1999),,0.4899582862854004,7,,base,movie|477449|Rock music with a heavy guitar riff,a,1.0
D6_EN,direct,6,en,Rock music with a heavy guitar riff,movie,movie,1853563,Foo Fighters: Back and Forth (2011),,0.4888935387134552,8,,base,movie|1853563|Rock music with a heavy guitar riff,o,2.0
D6_EN,direct,6,en,Rock music with a heavy guitar riff,movie,movie,1519402,Taqwacore: The Birth of Punk Islam (2009),,0.485623300075531,9,,base,movie|1519402|Rock music with a heavy guitar riff,x,0.0
D6_EN,direct,6,en,Rock music with a heavy guitar riff,movie,movie,70283,Ladies and Gentlemen: The Rolling Stones (1973),,0.4804913401603699,10,,base,movie|70283|Rock music with a heavy guitar riff,o,2.0
D6_EN,direct,6,en,Rock music with a heavy guitar riff,music,music,6HGkds3oqTAr4qyCRZmy4b,Bad Boy Boogie,,0.681771993637085,1,,base,music|6HGkds3oqTAr4qyCRZmy4b|Rock music with a heavy guitar riff,o,2.0
D6_EN,direct,6,en,Rock music with a heavy guitar riff,music,music,5rHGRbh5F1oFQ4CdpzFyhN,Don't Ask Me No Questions,,0.6566923260688782,2,,base,music|5rHGRbh5F1oFQ4CdpzFyhN|Rock music with a heavy guitar riff,o,2.0
D6_EN,direct,6,en,Rock music with a heavy guitar riff,music,music,1CnU1qewM7glU79O4VSlWX,Wake Up,,0.6489945650100708,3,,base,music|1CnU1qewM7glU79O4VSlWX|Rock music with a heavy guitar riff,x,0.0
D6_EN,direct,6,en,Rock music with a heavy guitar riff,music,music,668YgsnvdNBHfRscNIBS31,It's Only Rock'n'Roll (But I Like It) - Remastered 2009,,0.6316738128662109,4,,base,music|668YgsnvdNBHfRscNIBS31|Rock music with a heavy guitar riff,o,2.0
D6_EN,direct,6,en,Rock music with a heavy guitar riff,music,music,1SbRJXUX4yNmAr7CZumctk,Rock Your Heart Out,,0.6291942596435547,5,,base,music|1SbRJXUX4yNmAr7CZumctk|Rock music with a heavy guitar riff,o,2.0
D6_EN,direct,6,en,Rock music with a heavy guitar riff,music,music,7mLOaTOS6kiJi8Anm2C1zc,My Brain Is Hanging Upside Down (Bonzo Goes to Bitburg),,0.6255699396133423,6,,base,music|7mLOaTOS6kiJi8Anm2C1zc|Rock music with a heavy guitar riff,a,1.0
D6_EN,direct,6,en,Rock music with a heavy guitar riff,music,music,7LqPbpF0tmGOkBBmXKmfI8,Urban Struggle,,0.6254464983940125,7,,base,music|7LqPbpF0tmGOkBBmXKmfI8|Rock music with a heavy guitar riff,a,1.0
D6_EN,direct,6,en,Rock music with a heavy guitar riff,music,music,2RiYPJlh9iAidCJdx5yjTb,Mean Man,,0.6242502331733704,8,,base,music|2RiYPJlh9iAidCJdx5yjTb|Rock music with a heavy guitar riff,o,2.0
D6_EN,direct,6,en,Rock music with a heavy guitar riff,music,music,7itr4N5bXkAWesPUomCNf7,Stranglehold,,0.6206346750259399,9,,base,music|7itr4N5bXkAWesPUomCNf7|Rock music with a heavy guitar riff,o,2.0
D6_EN,direct,6,en,Rock music with a heavy guitar riff,music,music,5wTuWXWREngkFGtBXhOaI9,Problem Child,,0.6147362589836121,10,,base,music|5wTuWXWREngkFGtBXhOaI9|Rock music with a heavy guitar riff,o,2.0
D6_EN,direct,6,en,Rock music with a heavy guitar riff,book,book,kdl_B0BVY3RHBH,"Modern Rock Guitar Soloing: Master Intermediate & Advanced Lead Guitar Concepts, Licks, Theory & Technique for Rock soloing & Improvisation",,0.5924596190452576,1,,base,book|kdl_B0BVY3RHBH|Rock music with a heavy guitar riff,o,2.0
D6_EN,direct,6,en,Rock music with a heavy guitar riff,book,book,kdl_B007IV89TS,Commando: The Autobiography of Johnny Ramone,,0.5892119407653809,2,,base,book|kdl_B007IV89TS|Rock music with a heavy guitar riff,a,1.0
D6_EN,direct,6,en,Rock music with a heavy guitar riff,book,book,kdl_B07J3NGG85,Rock Guitar Mode Mastery: A Guide to Learning and Applying the Modes to Rock and Shred Metal Guitar with Chris Zoupa (Learn How to Play Rock Guitar),,0.5868704319000244,3,,base,book|kdl_B07J3NGG85|Rock music with a heavy guitar riff,o,2.0
D6_EN,direct,6,en,Rock music with a heavy guitar riff,book,book,kdl_B013TJYY0U,"Guitar Chords (eBook): Easy-to-Use, Easy-to-Carry, One Chord on Every Page",,0.5686295032501221,4,,base,book|kdl_B013TJYY0U|Rock music with a heavy guitar riff,a,1.0
D6_EN,direct,6,en,Rock music with a heavy guitar riff,book,book,bx_0316107298,Billy and the Boingers Bootleg (Bloom County Book),,0.5642427206039429,5,,base,book|bx_0316107298|Rock music with a heavy guitar riff,x,0.0
D6_EN,direct,6,en,Rock music with a heavy guitar riff,book,book,kdl_B01LXKB2WE,The Complete DADGAD Guitar Method: The Essential DADGAD Course for Acoustic and Electric Guitar (Learn How to Play Acoustic Guitar),,0.5609814524650574,6,,base,book|kdl_B01LXKB2WE|Rock music with a heavy guitar riff,a,1.0
D6_EN,direct,6,en,Rock music with a heavy guitar riff,book,book,bx_1861050593,The A-Z of Names in Rock: And the Amazing Stories Behind Them,,0.556554913520813,7,,base,book|bx_1861050593|Rock music with a heavy guitar riff,a,1.0
D6_EN,direct,6,en,Rock music with a heavy guitar riff,book,book,gr_11766885-rock-god,Rock God: The Legend of BJ Levine,,0.5554030537605286,8,,base,book|gr_11766885-rock-god|Rock music with a heavy guitar riff,o,2.0
D6_EN,direct,6,en,Rock music with a heavy guitar riff,book,book,kdl_B0BHJG7Z7Z,"Guitar Chords For Beginners: A 14-Day Program to Master Chord Shifts, Strumming and Longer Progression to Nail Your Favorite Songs.",,0.5468510389328003,9,,base,book|kdl_B0BHJG7Z7Z|Rock music with a heavy guitar riff,a,1.0
D6_EN,direct,6,en,Rock music with a heavy guitar riff,book,book,gr_15752757-rock-chick-revolution,Rock Chick Revolution,,0.5388933420181274,10,,base,book|gr_15752757-rock-chick-revolution|Rock music with a heavy guitar riff,x,0.0
D6_EN,direct,6,en,Rock music with a heavy guitar riff,all,music,6HGkds3oqTAr4qyCRZmy4b,Bad Boy Boogie,,0.681771993637085,1,,base,music|6HGkds3oqTAr4qyCRZmy4b|Rock music with a heavy guitar riff,o,2.0
D6_EN,direct,6,en,Rock music with a heavy guitar riff,all,music,5rHGRbh5F1oFQ4CdpzFyhN,Don't Ask Me No Questions,,0.6566923260688782,2,,base,music|5rHGRbh5F1oFQ4CdpzFyhN|Rock music with a heavy guitar riff,o,2.0
D6_EN,direct,6,en,Rock music with a heavy guitar riff,all,music,1CnU1qewM7glU79O4VSlWX,Wake Up,,0.6489945650100708,3,,base,music|1CnU1qewM7glU79O4VSlWX|Rock music with a heavy guitar riff,x,0.0
D6_EN,direct,6,en,Rock music with a heavy guitar riff,all,music,668YgsnvdNBHfRscNIBS31,It's Only Rock'n'Roll (But I Like It) - Remastered 2009,,0.6316738128662109,4,,base,music|668YgsnvdNBHfRscNIBS31|Rock music with a heavy guitar riff,o,2.0
D6_EN,direct,6,en,Rock music with a heavy guitar riff,all,music,1SbRJXUX4yNmAr7CZumctk,Rock Your Heart Out,,0.6291942596435547,5,,base,music|1SbRJXUX4yNmAr7CZumctk|Rock music with a heavy guitar riff,o,2.0
D6_EN,direct,6,en,Rock music with a heavy guitar riff,all,music,7mLOaTOS6kiJi8Anm2C1zc,My Brain Is Hanging Upside Down (Bonzo Goes to Bitburg),,0.6255699396133423,6,,base,music|7mLOaTOS6kiJi8Anm2C1zc|Rock music with a heavy guitar riff,a,1.0
D6_EN,direct,6,en,Rock music with a heavy guitar riff,all,music,7LqPbpF0tmGOkBBmXKmfI8,Urban Struggle,,0.6254464983940125,7,,base,music|7LqPbpF0tmGOkBBmXKmfI8|Rock music with a heavy guitar riff,a,1.0
D6_EN,direct,6,en,Rock music with a heavy guitar riff,all,music,2RiYPJlh9iAidCJdx5yjTb,Mean Man,,0.6242502331733704,8,,base,music|2RiYPJlh9iAidCJdx5yjTb|Rock music with a heavy guitar riff,o,2.0
D6_EN,direct,6,en,Rock music with a heavy guitar riff,all,music,7itr4N5bXkAWesPUomCNf7,Stranglehold,,0.6206346750259399,9,,base,music|7itr4N5bXkAWesPUomCNf7|Rock music with a heavy guitar riff,o,2.0
D6_EN,direct,6,en,Rock music with a heavy guitar riff,all,music,5wTuWXWREngkFGtBXhOaI9,Problem Child,,0.6147362589836121,10,,base,music|5wTuWXWREngkFGtBXhOaI9|Rock music with a heavy guitar riff,o,2.0
D7_EN,direct,7,en,A novel about a family secret,movie,movie,4743250,Secret Summer (2016),,0.5182560682296753,1,,base,movie|4743250|A novel about a family secret,a,1.0
D7_EN,direct,7,en,A novel about a family secret,movie,movie,757361,Margot at the Wedding (2007),,0.5164792537689209,2,,base,movie|757361|A novel about a family secret,a,1.0
D7_EN,direct,7,en,A novel about a family secret,movie,movie,757361,Margot at the Wedding (2007),,0.5164792537689209,3,,base,movie|757361|A novel about a family secret,a,1.0
D7_EN,direct,7,en,A novel about a family secret,movie,movie,1033575,The Descendants (2011),,0.5050234198570251,4,,base,movie|1033575|A novel about a family secret,a,1.0
D7_EN,direct,7,en,A novel about a family secret,movie,movie,21633,The Bachelor Father (1931),,0.4979639053344726,5,,base,movie|21633|A novel about a family secret,a,1.0
D7_EN,direct,7,en,A novel about a family secret,movie,movie,232083,Merci pour le Chocolat (2000),,0.4865610599517822,6,,base,movie|232083|A novel about a family secret,a,1.0
D7_EN,direct,7,en,A novel about a family secret,movie,movie,1781840,Jayne Mansfield's Car (2012),,0.482194036245346,7,,base,movie|1781840|A novel about a family secret,a,1.0
D7_EN,direct,7,en,A novel about a family secret,movie,movie,2383616,Only Daughter (2013),,0.4809443354606628,8,,base,movie|2383616|A novel about a family secret,o,2.0
D7_EN,direct,7,en,A novel about a family secret,movie,movie,78481,A Wedding (1978),,0.4809367060661316,9,,base,movie|78481|A novel about a family secret,a,1.0
D7_EN,direct,7,en,A novel about a family secret,movie,movie,2725962,What We Did on Our Holiday (2014),,0.479550838470459,10,,base,movie|2725962|A novel about a family secret,a,1.0
D7_EN,direct,7,en,A novel about a family secret,music,music,5Sgozi87WjzpSxQnzKO8J7,My Last Name,,0.3547918796539306,1,,base,music|5Sgozi87WjzpSxQnzKO8J7|A novel about a family secret,a,1.0
D7_EN,direct,7,en,A novel about a family secret,music,music,5q39B87pigCYl80puT66OK,The Walk,,0.3486478924751282,2,,base,music|5q39B87pigCYl80puT66OK|A novel about a family secret,a,1.0
D7_EN,direct,7,en,A novel about a family secret,music,music,73ZTWCuwudUVvvWipRnQnQ,Family Tradition,,0.3284288942813873,3,,base,music|73ZTWCuwudUVvvWipRnQnQ|A novel about a family secret,a,1.0
D7_EN,direct,7,en,A novel about a family secret,music,music,6edGb5NpmBfxkJAW5p6VdO,Fathers and Daughters,,0.3272572159767151,4,,base,music|6edGb5NpmBfxkJAW5p6VdO|A novel about a family secret,a,1.0
D7_EN,direct,7,en,A novel about a family secret,music,music,2wmr2A1ixEx9qViaOMkkkW,Oh Daddy - 2004 Remaster,,0.3164280652999878,5,,base,music|2wmr2A1ixEx9qViaOMkkkW|A novel about a family secret,a,1.0
D7_EN,direct,7,en,A novel about a family secret,music,music,3FgEerIxXNMRhY2KV5Kl44,Duchess,,0.3137473464012146,6,,base,music|3FgEerIxXNMRhY2KV5Kl44|A novel about a family secret,x,0.0
D7_EN,direct,7,en,A novel about a family secret,music,music,4DDVNfXxsHAlvg4nace2Ze,Dear Mom,,0.3116398453712463,7,,base,music|4DDVNfXxsHAlvg4nace2Ze|A novel about a family secret,a,1.0
D7_EN,direct,7,en,A novel about a family secret,music,music,4wcz06MtcyL8OFBsxsT5rO,Brothers,,0.3096753060817718,8,,base,music|4wcz06MtcyL8OFBsxsT5rO|A novel about a family secret,a,1.0
D7_EN,direct,7,en,A novel about a family secret,music,music,1zxThQ8TWAQOOSn2isGPk0,以父之名,,0.3011949062347412,9,,base,music|1zxThQ8TWAQOOSn2isGPk0|A novel about a family secret,x,0.0
D7_EN,direct,7,en,A novel about a family secret,music,music,1rjvVnu5bMrKKGKLTJOYrJ,Telephone Road (with the Fairfield Four),,0.2968735694885254,10,,base,music|1rjvVnu5bMrKKGKLTJOYrJ|A novel about a family secret,a,1.0
D7_EN,direct,7,en,A novel about a family secret,book,book,bx_0345384903,Our Father,,0.6102737188339233,1,,base,book|bx_0345384903|A novel about a family secret,a,1.0
D7_EN,direct,7,en,A novel about a family secret,book,book,bx_0671534734,Unfinished Symphony (Logan),,0.6085023880004883,2,,base,book|bx_0671534734|A novel about a family secret,a,1.0
D7_EN,direct,7,en,A novel about a family secret,book,book,kdl_B0C5RBLZ4K,The Inheritance: An absolutely unputdownable psychological thriller with a shocking twist,,0.5886635184288025,3,,base,book|kdl_B0C5RBLZ4K|A novel about a family secret,a,1.0
D7_EN,direct,7,en,A novel about a family secret,book,book,gr_40806.Turtle_Moon,Turtle Moon,,0.5757914781570435,4,,base,book|gr_40806.Turtle_Moon|A novel about a family secret,a,1.0
D7_EN,direct,7,en,A novel about a family secret,book,book,bx_038079540X,This One and Magic Life : A Novel of a Southern Family,,0.5730297565460205,5,,base,book|bx_038079540X|A novel about a family secret,o,2.0
D7_EN,direct,7,en,A novel about a family secret,book,book,gr_233904.Searching_for_Caleb,Searching for Caleb,,0.5707322359085083,6,,base,book|gr_233904.Searching_for_Caleb|A novel about a family secret,a,1.0
D7_EN,direct,7,en,A novel about a family secret,book,book,kdl_B08K7MMM45,Blush,,0.5677552223205566,7,,base,book|kdl_B08K7MMM45|A novel about a family secret,a,1.0
D7_EN,direct,7,en,A novel about a family secret,book,book,gr_17861833-unexpected-gifts,Unexpected Gifts,,0.567724883556366,8,,base,book|gr_17861833-unexpected-gifts|A novel about a family secret,a,1.0
D7_EN,direct,7,en,A novel about a family secret,book,book,gr_311190.Penhallow,Penhallow,,0.5652401447296143,9,,base,book|gr_311190.Penhallow|A novel about a family secret,a,1.0
D7_EN,direct,7,en,A novel about a family secret,book,book,bx_0380674548,Bilbao Looking Glass (Sarah Kelling and Max Bittersohn Mysteries (Paperback)),,0.5586550235748291,10,,base,book|bx_0380674548|A novel about a family secret,a,1.0
D7_EN,direct,7,en,A novel about a family secret,all,book,bx_0345384903,Our Father,,0.6102737188339233,1,,base,book|bx_0345384903|A novel about a family secret,a,1.0
D7_EN,direct,7,en,A novel about a family secret,all,book,bx_0671534734,Unfinished Symphony (Logan),,0.6085023880004883,2,,base,book|bx_0671534734|A novel about a family secret,a,1.0
D7_EN,direct,7,en,A novel about a family secret,all,book,kdl_B0C5RBLZ4K,The Inheritance: An absolutely unputdownable psychological thriller with a shocking twist,,0.5886635184288025,3,,base,book|kdl_B0C5RBLZ4K|A novel about a family secret,a,1.0
D7_EN,direct,7,en,A novel about a family secret,all,book,gr_40806.Turtle_Moon,Turtle Moon,,0.5757914781570435,4,,base,book|gr_40806.Turtle_Moon|A novel about a family secret,a,1.0
D7_EN,direct,7,en,A novel about a family secret,all,book,bx_038079540X,This One and Magic Life : A Novel of a Southern Family,,0.5730297565460205,5,,base,book|bx_038079540X|A novel about a family secret,o,2.0
D7_EN,direct,7,en,A novel about a family secret,all,book,gr_233904.Searching_for_Caleb,Searching for Caleb,,0.5707322359085083,6,,base,book|gr_233904.Searching_for_Caleb|A novel about a family secret,a,1.0
D7_EN,direct,7,en,A novel about a family secret,all,book,kdl_B08K7MMM45,Blush,,0.5677552223205566,7,,base,book|kdl_B08K7MMM45|A novel about a family secret,a,1.0
D7_EN,direct,7,en,A novel about a family secret,all,book,gr_17861833-unexpected-gifts,Unexpected Gifts,,0.567724883556366,8,,base,book|gr_17861833-unexpected-gifts|A novel about a family secret,a,1.0
D7_EN,direct,7,en,A novel about a family secret,all,book,gr_311190.Penhallow,Penhallow,,0.5652401447296143,9,,base,book|gr_311190.Penhallow|A novel about a family secret,a,1.0
D7_EN,direct,7,en,A novel about a family secret,all,book,bx_0380674548,Bilbao Looking Glass (Sarah Kelling and Max Bittersohn Mysteries (Paperback)),,0.5586550235748291,10,,base,book|bx_0380674548|A novel about a family secret,a,1.0
D8_EN,direct,8,en,A coming-of-age film set in the 1980s,movie,movie,84234,The Last American Virgin (1982),,0.7212697267532349,1,,base,movie|84234|A coming-of-age film set in the 1980s,a,1.0
D8_EN,direct,8,en,A coming-of-age film set in the 1980s,movie,movie,88847,The Breakfast Club (1985),,0.6688113212585449,2,,base,movie|88847|A coming-of-age film set in the 1980s,o,2.0
D8_EN,direct,8,en,A coming-of-age film set in the 1980s,movie,movie,138414,Edge of Seventeen (1998),,0.6658245921134949,3,,base,movie|138414|A coming-of-age film set in the 1980s,a,1.0
D8_EN,direct,8,en,A coming-of-age film set in the 1980s,movie,movie,85868,Losin' It (1983),,0.6562908291816711,4,,base,movie|85868|A coming-of-age film set in the 1980s,x,0.0
D8_EN,direct,8,en,A coming-of-age film set in the 1980s,movie,movie,1835977,Geek Charming (2011),,0.6502189636230469,5,,base,movie|1835977|A coming-of-age film set in the 1980s,a,1.0
D8_EN,direct,8,en,A coming-of-age film set in the 1980s,movie,movie,61514,The Cool Ones (1967),,0.6499538421630859,6,,base,movie|61514|A coming-of-age film set in the 1980s,x,0.0
D8_EN,direct,8,en,A coming-of-age film set in the 1980s,movie,movie,3528498,All American High Revisited (2014),,0.6494994163513184,7,,base,movie|3528498|A coming-of-age film set in the 1980s,a,1.0
D8_EN,direct,8,en,A coming-of-age film set in the 1980s,movie,movie,3816372,The Unauthorized Saved by the Bell Story (2014),,0.6465014219284058,8,,base,movie|3816372|A coming-of-age film set in the 1980s,a,1.0
D8_EN,direct,8,en,A coming-of-age film set in the 1980s,movie,movie,202402,Whatever It Takes (2000),,0.6437052488327026,9,,base,movie|202402|A coming-of-age film set in the 1980s,a,1.0
D8_EN,direct,8,en,A coming-of-age film set in the 1980s,movie,movie,95736,A Night in the Life of Jimmy Reardon (1988),,0.6436958312988281,10,,base,movie|95736|A coming-of-age film set in the 1980s,a,1.0
D8_EN,direct,8,en,A coming-of-age film set in the 1980s,music,music,5ttys6S3vGWCgOpiuB5axN,"Happy Birthday, Sweet Sixteen",,0.6232286095619202,1,,base,music|5ttys6S3vGWCgOpiuB5axN|A coming-of-age film set in the 1980s,x,0.0
D8_EN,direct,8,en,A coming-of-age film set in the 1980s,music,music,03gsb1WnVQUuLqChBvzmoo,AM Radio,,0.6006581783294678,2,,base,music|03gsb1WnVQUuLqChBvzmoo|A coming-of-age film set in the 1980s,a,1.0
D8_EN,direct,8,en,A coming-of-age film set in the 1980s,music,music,4Q4w8aRdfhIIEhBututktL,Story of My Life,,0.5843840837478638,3,,base,music|4Q4w8aRdfhIIEhBututktL|A coming-of-age film set in the 1980s,x,0.0
D8_EN,direct,8,en,A coming-of-age film set in the 1980s,music,music,7aDotQpUKpGFrOsrfQAxNc,Kids of the Black Hole,,0.5747123956680298,4,,base,music|7aDotQpUKpGFrOsrfQAxNc|A coming-of-age film set in the 1980s,a,1.0
D8_EN,direct,8,en,A coming-of-age film set in the 1980s,music,music,4tj0T53jJzNpk5f5AByEQR,Hangin' 'Round,,0.5594866275787354,5,,base,music|4tj0T53jJzNpk5f5AByEQR|A coming-of-age film set in the 1980s,x,0.0
D8_EN,direct,8,en,A coming-of-age film set in the 1980s,music,music,6I6fny8vN9w9tdBxSgfcs1,Everyone's Gone To The Movies,,0.544531524181366,6,,base,music|6I6fny8vN9w9tdBxSgfcs1|A coming-of-age film set in the 1980s,a,1.0
D8_EN,direct,8,en,A coming-of-age film set in the 1980s,music,music,426i8hiYTwwlImNaluBb9C,Good Girls Don't,,0.5390360951423645,7,,base,music|426i8hiYTwwlImNaluBb9C|A coming-of-age film set in the 1980s,a,1.0
D8_EN,direct,8,en,A coming-of-age film set in the 1980s,music,music,7ATyLePQnHxFk5kzxWCcsh,Teenage Kicks,,0.5323660373687744,8,,base,music|7ATyLePQnHxFk5kzxWCcsh|A coming-of-age film set in the 1980s,a,1.0
D8_EN,direct,8,en,A coming-of-age film set in the 1980s,music,music,0mqSUEphLHhooUE91a9LHz,All the Young Dudes - David Bowie & Ian Hunter Vocal,,0.5300707817077637,9,,base,music|0mqSUEphLHhooUE91a9LHz|A coming-of-age film set in the 1980s,a,1.0
D8_EN,direct,8,en,A coming-of-age film set in the 1980s,music,music,7uPmQttafLiJyju14JREY4,Young Americans - 2016 Remaster,,0.528544545173645,10,,base,music|7uPmQttafLiJyju14JREY4|A coming-of-age film set in the 1980s,a,1.0
D8_EN,direct,8,en,A coming-of-age film set in the 1980s,book,book,bx_0345353943,Be True to Your School: A Diary of 1964,,0.6818665266036987,1,,base,book|bx_0345353943|A coming-of-age film set in the 1980s,a,1.0
D8_EN,direct,8,en,A coming-of-age film set in the 1980s,book,book,bx_0312151942,Pretty in Pink: The Golden Age of Teenage Movies,,0.66921067237854,2,,base,book|bx_0312151942|A coming-of-age film set in the 1980s,a,1.0
D8_EN,direct,8,en,A coming-of-age film set in the 1980s,book,book,gr_2142060.Grease,Grease,,0.6295360326766968,3,,base,book|gr_2142060.Grease|A coming-of-age film set in the 1980s,o,2.0
D8_EN,direct,8,en,A coming-of-age film set in the 1980s,book,book,bx_0553240579,Just Like the Movies,,0.6173422336578369,4,,base,book|bx_0553240579|A coming-of-age film set in the 1980s,a,1.0
D8_EN,direct,8,en,A coming-of-age film set in the 1980s,book,book,kdl_B000FC1IXQ,Kick Me: Adventures in Adolescence,,0.6083579063415527,5,,base,book|kdl_B000FC1IXQ|A coming-of-age film set in the 1980s,a,1.0
D8_EN,direct,8,en,A coming-of-age film set in the 1980s,book,book,gr_7056106-only-in-the-movies,Only in the Movies,,0.6076695919036865,6,,base,book|gr_7056106-only-in-the-movies|A coming-of-age film set in the 1980s,x,0.0
D8_EN,direct,8,en,A coming-of-age film set in the 1980s,book,book,bx_0553157663,"Jessica, the Rock Star (Sweet Valley Twins, No 34)",,0.606095016002655,7,,base,book|bx_0553157663|A coming-of-age film set in the 1980s,a,1.0
D8_EN,direct,8,en,A coming-of-age film set in the 1980s,book,book,gr_272716.Fast_Times_at_Ridgemont_High,Fast Times at Ridgemont High,,0.597766101360321,8,,base,book|gr_272716.Fast_Times_at_Ridgemont_High|A coming-of-age film set in the 1980s,x,0.0
D8_EN,direct,8,en,A coming-of-age film set in the 1980s,book,book,bx_0553157272,"JESSICA'S BAD IDEA (Sweet Valley Twins, No 31)",,0.5929120182991028,9,,base,book|bx_0553157272|A coming-of-age film set in the 1980s,x,0.0
D8_EN,direct,8,en,A coming-of-age film set in the 1980s,book,book,kdl_B07D6MPHN9,The Light Years: A Memoir,,0.5904867649078369,10,,base,book|kdl_B07D6MPHN9|A coming-of-age film set in the 1980s,x,0.0
D8_EN,direct,8,en,A coming-of-age film set in the 1980s,all,movie,84234,The Last American Virgin (1982),,0.7212697267532349,1,,base,movie|84234|A coming-of-age film set in the 1980s,a,1.0
D8_EN,direct,8,en,A coming-of-age film set in the 1980s,all,book,bx_0345353943,Be True to Your School: A Diary of 1964,,0.6818665266036987,2,,base,book|bx_0345353943|A coming-of-age film set in the 1980s,a,1.0
D8_EN,direct,8,en,A coming-of-age film set in the 1980s,all,book,bx_0312151942,Pretty in Pink: The Golden Age of Teenage Movies,,0.66921067237854,3,,base,book|bx_0312151942|A coming-of-age film set in the 1980s,a,1.0
D8_EN,direct,8,en,A coming-of-age film set in the 1980s,all,movie,88847,The Breakfast Club (1985),,0.6688113212585449,4,,base,movie|88847|A coming-of-age film set in the 1980s,o,2.0
D8_EN,direct,8,en,A coming-of-age film set in the 1980s,all,movie,138414,Edge of Seventeen (1998),,0.6658245921134949,5,,base,movie|138414|A coming-of-age film set in the 1980s,a,1.0
D8_EN,direct,8,en,A coming-of-age film set in the 1980s,all,movie,85868,Losin' It (1983),,0.6562908291816711,6,,base,movie|85868|A coming-of-age film set in the 1980s,x,0.0
D8_EN,direct,8,en,A coming-of-age film set in the 1980s,all,movie,1835977,Geek Charming (2011),,0.6502189636230469,7,,base,movie|1835977|A coming-of-age film set in the 1980s,a,1.0
D8_EN,direct,8,en,A coming-of-age film set in the 1980s,all,movie,61514,The Cool Ones (1967),,0.6499538421630859,8,,base,movie|61514|A coming-of-age film set in the 1980s,x,0.0
D8_EN,direct,8,en,A coming-of-age film set in the 1980s,all,movie,3528498,All American High Revisited (2014),,0.6494994163513184,9,,base,movie|3528498|A coming-of-age film set in the 1980s,a,1.0
D8_EN,direct,8,en,A coming-of-age film set in the 1980s,all,movie,3816372,The Unauthorized Saved by the Bell Story (2014),,0.6465014219284058,10,,base,movie|3816372|A coming-of-age film set in the 1980s,a,1.0
D9_EN,direct,9,en,A calm solo piano piece,movie,movie,2219650,Seymour: An Introduction (2014),,0.609214186668396,1,,base,movie|2219650|A calm solo piano piece,a,1.0
D9_EN,direct,9,en,A calm solo piano piece,movie,movie,1907704,L'accordeur (2010),,0.587256908416748,2,,base,movie|1907704|A calm solo piano piece,a,1.0
D9_EN,direct,9,en,A calm solo piano piece,movie,movie,108328,Thirty Two Short Films About Glenn Gould (1993),,0.5495219826698303,3,,base,movie|108328|A calm solo piano piece,a,1.0
D9_EN,direct,9,en,A calm solo piano piece,movie,movie,1079450,The Silence Before Bach (2007),,0.539397120475769,4,,base,movie|1079450|A calm solo piano piece,x,0.0
D9_EN,direct,9,en,A calm solo piano piece,movie,movie,1331115,Pianomania (2009),,0.5374490022659302,5,,base,movie|1331115|A calm solo piano piece,a,1.0
D9_EN,direct,9,en,A calm solo piano piece,movie,movie,3865286,My Lonely Me (2015),,0.5280404090881348,6,,base,movie|3865286|A calm solo piano piece,x,0.0
D9_EN,direct,9,en,A calm solo piano piece,movie,movie,1149400,Note by Note: The Making of Steinway L1037 (2007),,0.5266447067260742,7,,base,movie|1149400|A calm solo piano piece,x,0.0
D9_EN,direct,9,en,A calm solo piano piece,movie,movie,28225,Final Accord (1936),,0.5128885507583618,8,,base,movie|28225|A calm solo piano piece,x,0.0
D9_EN,direct,9,en,A calm solo piano piece,movie,movie,38104,A Song to Remember (1945),,0.5089976787567139,9,,base,movie|38104|A calm solo piano piece,x,0.0
D9_EN,direct,9,en,A calm solo piano piece,movie,movie,54389,Shoot the Piano Player (1960),,0.5019243359565735,10,,base,movie|54389|A calm solo piano piece,a,1.0
D9_EN,direct,9,en,A calm solo piano piece,music,music,1vP5Ceh1SrfOalU8Yc3XE9,It Never Entered My Mind,,0.7619553208351135,1,,base,music|1vP5Ceh1SrfOalU8Yc3XE9|A calm solo piano piece,a,1.0
D9_EN,direct,9,en,A calm solo piano piece,music,music,2ZoSiPSkWqz36Qqtl940zr,"Lieder ohne Worte, Op. 19, No. 1",,0.7538148760795593,2,,base,music|2ZoSiPSkWqz36Qqtl940zr|A calm solo piano piece,a,1.0
D9_EN,direct,9,en,A calm solo piano piece,music,music,4qRJ7ZJyfzchEd2fjle7Bz,Search For Peace,,0.7459717392921448,3,,base,music|4qRJ7ZJyfzchEd2fjle7Bz|A calm solo piano piece,x,0.0
D9_EN,direct,9,en,A calm solo piano piece,music,music,6JPzlzHHdqIdmu28qBHdGF,"10 Préludes, Op. 23: No. 10 in G-Flat Major - Live",,0.7457647323608398,4,,base,music|6JPzlzHHdqIdmu28qBHdGF|A calm solo piano piece,a,1.0
D9_EN,direct,9,en,A calm solo piano piece,music,music,1aTpzY2ggWHhPi8p2f56u1,"Goldberg Variations, BWV 988: Aria da capo - 1981 Version",,0.7320776581764221,5,,base,music|1aTpzY2ggWHhPi8p2f56u1|A calm solo piano piece,a,1.0
D9_EN,direct,9,en,A calm solo piano piece,music,music,3wnR4FIaT8Ok3gJjStIkyV,"Chopin: Impromptu No. 1 in A-Flat Major, Op. 29",,0.7315503358840942,6,,base,music|3wnR4FIaT8Ok3gJjStIkyV|A calm solo piano piece,a,1.0
D9_EN,direct,9,en,A calm solo piano piece,music,music,2Hnurh1BcigGbCGFOb4Uid,"La campanella in G-Sharp Minor (From ""Grandes études de Paganini"", S. 141 / 3)",,0.7302757501602173,7,,base,music|2Hnurh1BcigGbCGFOb4Uid|A calm solo piano piece,x,0.0
D9_EN,direct,9,en,A calm solo piano piece,music,music,3uVMWI57CV8LKm0hfsDuX6,"Piano Sonata No.15 In F, K.533/494: 3. Rondo (Allegretto), K.494 - 2002 Recording",,0.730042040348053,8,,base,music|3uVMWI57CV8LKm0hfsDuX6|A calm solo piano piece,a,1.0
D9_EN,direct,9,en,A calm solo piano piece,music,music,1eJtn8NErRIgbMt8T6yKcc,Someday My Prince Will Come,,0.7242820858955383,9,,base,music|1eJtn8NErRIgbMt8T6yKcc|A calm solo piano piece,x,0.0
D9_EN,direct,9,en,A calm solo piano piece,music,music,0ADAFZE0bYIuaIyPNFl3LE,Blue Skies,,0.7242603302001953,10,,base,music|0ADAFZE0bYIuaIyPNFl3LE|A calm solo piano piece,x,0.0
D9_EN,direct,9,en,A calm solo piano piece,book,book,gr_99126.What_to_Listen_for_in_Music,What to Listen for in Music,,0.6338061690330505,1,,base,book|gr_99126.What_to_Listen_for_in_Music|A calm solo piano piece,x,0.0
D9_EN,direct,9,en,A calm solo piano piece,book,book,kdl_B0BG38B5JY,Play it again: Piano: The perfect way to rediscover the piano. Book 1,,0.6002572178840637,2,,base,book|kdl_B0BG38B5JY|A calm solo piano piece,x,0.0
D9_EN,direct,9,en,A calm solo piano piece,book,book,kdl_B086H8J6FP,Piano Adventures - Level 5 Lesson Book (The Basic Piano Method),,0.5956294536590576,3,,base,book|kdl_B086H8J6FP|A calm solo piano piece,a,1.0
D9_EN,direct,9,en,A calm solo piano piece,book,book,bx_0374523312,"Music Sounded Out: Essays, Lectures, Interviews, Afterthoughts",,0.5942968130111694,4,,base,book|bx_0374523312|A calm solo piano piece,x,0.0
D9_EN,direct,9,en,A calm solo piano piece,book,book,kdl_B006O1PG5I,Playing the Piano for Pleasure: The Classic Guide to Improving Skills Through Practice and Discipline,,0.5925980806350708,5,,base,book|kdl_B006O1PG5I|A calm solo piano piece,x,0.0
D9_EN,direct,9,en,A calm solo piano piece,book,book,kdl_B00EUV6J0K,Alfred's Basic Piano Library - Lesson 3: Learn to Play with this Esteemed Piano Method,,0.5810716152191162,6,,base,book|kdl_B00EUV6J0K|A calm solo piano piece,x,0.0
D9_EN,direct,9,en,A calm solo piano piece,book,book,gr_229108.The_Soloist,The Soloist,,0.5648444890975952,7,,base,book|gr_229108.The_Soloist|A calm solo piano piece,x,0.0
D9_EN,direct,9,en,A calm solo piano piece,book,book,kdl_B083JQNQSB,Cocktail Piano: Jazz Piano Solos Series Volume 31,,0.5646499395370483,8,,base,book|kdl_B083JQNQSB|A calm solo piano piece,x,0.0
D9_EN,direct,9,en,A calm solo piano piece,book,book,kdl_B092SW61SJ,12 Easy Classical Masterpieces for Solo Guitar: Complete Classical Guitar Arrangements in Standard Notation & Tab,,0.5630359649658203,9,,base,book|kdl_B092SW61SJ|A calm solo piano piece,x,0.0
D9_EN,direct,9,en,A calm solo piano piece,book,book,bx_0609801775,The Art of Practicing: A Guide to Making Music from the Heart,,0.5559055805206299,10,,base,book|bx_0609801775|A calm solo piano piece,x,0.0
D9_EN,direct,9,en,A calm solo piano piece,all,music,1vP5Ceh1SrfOalU8Yc3XE9,It Never Entered My Mind,,0.7619553208351135,1,,base,music|1vP5Ceh1SrfOalU8Yc3XE9|A calm solo piano piece,a,1.0
D9_EN,direct,9,en,A calm solo piano piece,all,music,2ZoSiPSkWqz36Qqtl940zr,"Lieder ohne Worte, Op. 19, No. 1",,0.7538148760795593,2,,base,music|2ZoSiPSkWqz36Qqtl940zr|A calm solo piano piece,a,1.0
D9_EN,direct,9,en,A calm solo piano piece,all,music,4qRJ7ZJyfzchEd2fjle7Bz,Search For Peace,,0.7459717392921448,3,,base,music|4qRJ7ZJyfzchEd2fjle7Bz|A calm solo piano piece,x,0.0
D9_EN,direct,9,en,A calm solo piano piece,all,music,6JPzlzHHdqIdmu28qBHdGF,"10 Préludes, Op. 23: No. 10 in G-Flat Major - Live",,0.7457647323608398,4,,base,music|6JPzlzHHdqIdmu28qBHdGF|A calm solo piano piece,a,1.0
D9_EN,direct,9,en,A calm solo piano piece,all,music,1aTpzY2ggWHhPi8p2f56u1,"Goldberg Variations, BWV 988: Aria da capo - 1981 Version",,0.7320776581764221,5,,base,music|1aTpzY2ggWHhPi8p2f56u1|A calm solo piano piece,a,1.0
D9_EN,direct,9,en,A calm solo piano piece,all,music,3wnR4FIaT8Ok3gJjStIkyV,"Chopin: Impromptu No. 1 in A-Flat Major, Op. 29",,0.7315503358840942,6,,base,music|3wnR4FIaT8Ok3gJjStIkyV|A calm solo piano piece,a,1.0
D9_EN,direct,9,en,A calm solo piano piece,all,music,2Hnurh1BcigGbCGFOb4Uid,"La campanella in G-Sharp Minor (From ""Grandes études de Paganini"", S. 141 / 3)",,0.7302757501602173,7,,base,music|2Hnurh1BcigGbCGFOb4Uid|A calm solo piano piece,x,0.0
D9_EN,direct,9,en,A calm solo piano piece,all,music,3uVMWI57CV8LKm0hfsDuX6,"Piano Sonata No.15 In F, K.533/494: 3. Rondo (Allegretto), K.494 - 2002 Recording",,0.730042040348053,8,,base,music|3uVMWI57CV8LKm0hfsDuX6|A calm solo piano piece,a,1.0
D9_EN,direct,9,en,A calm solo piano piece,all,music,1eJtn8NErRIgbMt8T6yKcc,Someday My Prince Will Come,,0.7242820858955383,9,,base,music|1eJtn8NErRIgbMt8T6yKcc|A calm solo piano piece,x,0.0
D9_EN,direct,9,en,A calm solo piano piece,all,music,0ADAFZE0bYIuaIyPNFl3LE,Blue Skies,,0.7242603302001953,10,,base,music|0ADAFZE0bYIuaIyPNFl3LE|A calm solo piano piece,x,0.0
D10_EN,direct,10,en,Nonfiction about space exploration,movie,movie,2321379,Journey to Planet X (2012),,0.6524578332901001,1,,base,movie|2321379|Nonfiction about space exploration,a,1.0
D10_EN,direct,10,en,Nonfiction about space exploration,movie,movie,79936,The Space Movie (1980),,0.6513665318489075,2,,base,movie|79936|Nonfiction about space exploration,o,2.0
D10_EN,direct,10,en,Nonfiction about space exploration,movie,movie,867271,Chile Puede (2008),,0.642157256603241,3,,base,movie|867271|Nonfiction about space exploration,x,0.0
D10_EN,direct,10,en,Nonfiction about space exploration,movie,movie,70413,Moskva-Kassiopeya (1974),,0.6281724572181702,4,,base,movie|70413|Nonfiction about space exploration,a,1.0
D10_EN,direct,10,en,Nonfiction about space exploration,movie,movie,772173,Interkosmos (2006),,0.6266269683837891,5,,base,movie|772173|Nonfiction about space exploration,a,1.0
D10_EN,direct,10,en,Nonfiction about space exploration,movie,movie,52880,Have Rocket -- Will Travel (1959),,0.6263140439987183,6,,base,movie|52880|Nonfiction about space exploration,x,0.0
D10_EN,direct,10,en,Nonfiction about space exploration,movie,movie,444519,Un ticket pour l'espace (2006),,0.6222230792045593,7,,base,movie|444519|Nonfiction about space exploration,x,0.0
D10_EN,direct,10,en,Nonfiction about space exploration,movie,movie,120370,Trekkies (1997),,0.6109861135482788,8,,base,movie|120370|Nonfiction about space exploration,x,0.0
D10_EN,direct,10,en,Nonfiction about space exploration,movie,movie,4292554,Journey to Space (2015),,0.6064229607582092,9,,base,movie|4292554|Nonfiction about space exploration,a,1.0
D10_EN,direct,10,en,Nonfiction about space exploration,movie,movie,147926,The Brave Little Toaster Goes to Mars (1998),,0.6041511297225952,10,,base,movie|147926|Nonfiction about space exploration,x,0.0
D10_EN,direct,10,en,Nonfiction about space exploration,music,music,7G8xNxQAWiBPAVgBqEVI7o,I Came Running,,0.5851238369941711,1,,base,music|7G8xNxQAWiBPAVgBqEVI7o|Nonfiction about space exploration,x,0.0
D10_EN,direct,10,en,Nonfiction about space exploration,music,music,1UPyhGntpIx9jGJ5UVtKVS,Call Me A Spaceman - Radio Edit,,0.5778582096099854,2,,base,music|1UPyhGntpIx9jGJ5UVtKVS|Nonfiction about space exploration,a,1.0
D10_EN,direct,10,en,Nonfiction about space exploration,music,music,7rLAPi81R7qlVqgXfykdEL,Mothership Connection (Star Child),,0.5545730590820312,3,,base,music|7rLAPi81R7qlVqgXfykdEL|Nonfiction about space exploration,x,0.0
D10_EN,direct,10,en,Nonfiction about space exploration,music,music,5IWmdl33NNTLsKlLT6WSlh,First Class,,0.5474646687507629,4,,base,music|5IWmdl33NNTLsKlLT6WSlh|Nonfiction about space exploration,x,0.0
D10_EN,direct,10,en,Nonfiction about space exploration,music,music,75CsNDa4ikKu3TyBHMELoM,Konstantine,,0.5464611649513245,5,,base,music|75CsNDa4ikKu3TyBHMELoM|Nonfiction about space exploration,x,0.0
D10_EN,direct,10,en,Nonfiction about space exploration,music,music,3ssnFwx5lu6qxhLBR0vutB,Count on Me,,0.5432823896408081,6,,base,music|3ssnFwx5lu6qxhLBR0vutB|Nonfiction about space exploration,x,0.0
D10_EN,direct,10,en,Nonfiction about space exploration,music,music,6fVX8mF9ZqS1V8G2ZFCbLQ,Star Trek Main Theme,,0.5357896089553833,7,,base,music|6fVX8mF9ZqS1V8G2ZFCbLQ|Nonfiction about space exploration,x,0.0
D10_EN,direct,10,en,Nonfiction about space exploration,music,music,0NGVyXhUkqE3MRN6TmSzuG,Enterprising Young Men,,0.532576322555542,8,,base,music|0NGVyXhUkqE3MRN6TmSzuG|Nonfiction about space exploration,x,0.0
D10_EN,direct,10,en,Nonfiction about space exploration,music,music,69O3FLsnM3zi5czOZGL70B,Spaceman,,0.5324435234069824,9,,base,music|69O3FLsnM3zi5czOZGL70B|Nonfiction about space exploration,a,1.0
D10_EN,direct,10,en,Nonfiction about space exploration,music,music,3HPygYwlZeehBTDZXMhsrR,Mars (feat. Lil Uzi Vert),,0.5192297697067261,10,,base,music|3HPygYwlZeehBTDZXMhsrR|Nonfiction about space exploration,x,0.0
D10_EN,direct,10,en,Nonfiction about space exploration,book,book,kdl_B08P92G3MJ,"Why You Can’t Catch a Rocket to Mars: Some Personal Reflections on Science and Society, by Lyndon N. Smith",,0.6984750628471375,1,,base,book|kdl_B08P92G3MJ|Nonfiction about space exploration,a,1.0
D10_EN,direct,10,en,Nonfiction about space exploration,book,book,kdl_B0CBD4B9V5,Viajes interestelares. Historia de las sondas Voyager (Spanish Edition),,0.6865395307540894,2,,base,book|kdl_B0CBD4B9V5|Nonfiction about space exploration,o,2.0
D10_EN,direct,10,en,Nonfiction about space exploration,book,book,kdl_B07GC9NNFV,"Spacecraft: 100 Iconic Rockets, Shuttles, and Satellites That Put Us in Space",,0.6761388778686523,3,,base,book|kdl_B07GC9NNFV|Nonfiction about space exploration,o,2.0
D10_EN,direct,10,en,Nonfiction about space exploration,book,book,gr_1117692.The_Good_New_Stuff,The Good New Stuff: Adventure SF in the Grand Tradition,,0.6741029024124146,4,,base,book|gr_1117692.The_Good_New_Stuff|Nonfiction about space exploration,x,0.0
D10_EN,direct,10,en,Nonfiction about space exploration,book,book,bx_0307118703,My First Book about Space (Golden Look-Look Books (Paperback)),,0.6691104173660278,5,,base,book|bx_0307118703|Nonfiction about space exploration,a,1.0
D10_EN,direct,10,en,Nonfiction about space exploration,book,book,bx_1588340023,Official Guide to the Smithsonian National Air and Space Museum,,0.6658982038497925,6,,base,book|bx_1588340023|Nonfiction about space exploration,a,1.0
D10_EN,direct,10,en,Nonfiction about space exploration,book,book,bx_0061054356,Trek: The Unauthorized A-Z,,0.6600886583328247,7,,base,book|bx_0061054356|Nonfiction about space exploration,x,0.0
D10_EN,direct,10,en,Nonfiction about space exploration,book,book,kdl_B07L7DHB88,Intermediate French Short Stories: 10 Captivating Short Stories to Learn French & Grow Your Vocabulary the Fun Way! (Intermediate French Stories t. 1) (French Edition),,0.6535283923149109,8,,base,book|kdl_B07L7DHB88|Nonfiction about space exploration,x,0.0
D10_EN,direct,10,en,Nonfiction about space exploration,book,book,bx_0060952768,"Treks Not Taken: What If Stephen King, Anne Rice, Kurt Vonnegut, and Other Literary Greats Had Written Episodes of Star Trek : The Next Generation?",,0.6506651639938354,9,,base,book|bx_0060952768|Nonfiction about space exploration,x,0.0
D10_EN,direct,10,en,Nonfiction about space exploration,book,book,bx_059088008X,"The Case of the U. S. Space Camp Mission (The Adventures of Mary-Kate &amp; Ashley, No 4)",,0.6474220752716064,10,,base,book|bx_059088008X|Nonfiction about space exploration,x,0.0
D10_EN,direct,10,en,Nonfiction about space exploration,all,book,kdl_B08P92G3MJ,"Why You Can’t Catch a Rocket to Mars: Some Personal Reflections on Science and Society, by Lyndon N. Smith",,0.6984750628471375,1,,base,book|kdl_B08P92G3MJ|Nonfiction about space exploration,a,1.0
D10_EN,direct,10,en,Nonfiction about space exploration,all,book,kdl_B0CBD4B9V5,Viajes interestelares. Historia de las sondas Voyager (Spanish Edition),,0.6865395307540894,2,,base,book|kdl_B0CBD4B9V5|Nonfiction about space exploration,o,2.0
D10_EN,direct,10,en,Nonfiction about space exploration,all,book,kdl_B07GC9NNFV,"Spacecraft: 100 Iconic Rockets, Shuttles, and Satellites That Put Us in Space",,0.6761388778686523,3,,base,book|kdl_B07GC9NNFV|Nonfiction about space exploration,o,2.0
D10_EN,direct,10,en,Nonfiction about space exploration,all,book,gr_1117692.The_Good_New_Stuff,The Good New Stuff: Adventure SF in the Grand Tradition,,0.6741029024124146,4,,base,book|gr_1117692.The_Good_New_Stuff|Nonfiction about space exploration,x,0.0
D10_EN,direct,10,en,Nonfiction about space exploration,all,book,bx_0307118703,My First Book about Space (Golden Look-Look Books (Paperback)),,0.6691104173660278,5,,base,book|bx_0307118703|Nonfiction about space exploration,a,1.0
D10_EN,direct,10,en,Nonfiction about space exploration,all,book,bx_1588340023,Official Guide to the Smithsonian National Air and Space Museum,,0.6658982038497925,6,,base,book|bx_1588340023|Nonfiction about space exploration,a,1.0
D10_EN,direct,10,en,Nonfiction about space exploration,all,book,bx_0061054356,Trek: The Unauthorized A-Z,,0.6600886583328247,7,,base,book|bx_0061054356|Nonfiction about space exploration,x,0.0
D10_EN,direct,10,en,Nonfiction about space exploration,all,book,kdl_B07L7DHB88,Intermediate French Short Stories: 10 Captivating Short Stories to Learn French & Grow Your Vocabulary the Fun Way! (Intermediate French Stories t. 1) (French Edition),,0.6535283923149109,8,,base,book|kdl_B07L7DHB88|Nonfiction about space exploration,x,0.0
D10_EN,direct,10,en,Nonfiction about space exploration,all,movie,2321379,Journey to Planet X (2012),,0.6524578332901001,9,,base,movie|2321379|Nonfiction about space exploration,a,1.0
D10_EN,direct,10,en,Nonfiction about space exploration,all,movie,79936,The Space Movie (1980),,0.6513665318489075,10,,base,movie|79936|Nonfiction about space exploration,o,2.0
P1_EN,philosophical,1,en,What is a human being,movie,movie,1814836,Project Nim (2011),,0.6189455986022949,1,,dropout03,movie|1814836|What is a human being,a,1.0
P1_EN,philosophical,1,en,What is a human being,movie,movie,63804,Why Man Creates (1968),,0.5446197986602783,2,,dropout03,movie|63804|What is a human being,x,0.0
P1_EN,philosophical,1,en,What is a human being,movie,movie,1117394,Transcendent Man (2009),,0.5287923812866211,3,,dropout03,movie|1117394|What is a human being,a,1.0
P1_EN,philosophical,1,en,What is a human being,movie,movie,1398999,Earthling (2010),,0.5199434161186218,4,,dropout03,movie|1398999|What is a human being,a,1.0
P1_EN,philosophical,1,en,What is a human being,movie,movie,2359814,Speciesism: The Movie (2013),,0.5138325691223145,5,,dropout03,movie|2359814|What is a human being,x,0.0
P1_EN,philosophical,1,en,What is a human being,movie,movie,173024,Posetitel muzeya (1989),,0.5128503441810608,6,,dropout03,movie|173024|What is a human being,a,1.0
P1_EN,philosophical,1,en,What is a human being,movie,movie,756683,The Man from Earth (2007),,0.5110008716583252,7,,dropout03,movie|756683|What is a human being,x,0.0
P1_EN,philosophical,1,en,What is a human being,movie,movie,756683,The Man from Earth (2007),,0.5110008716583252,8,,dropout03,movie|756683|What is a human being,x,0.0
P1_EN,philosophical,1,en,What is a human being,movie,movie,88083,Seksmisja (1984),,0.4965140223503113,9,,dropout03,movie|88083|What is a human being,x,0.0
P1_EN,philosophical,1,en,What is a human being,movie,movie,251300,No More Excuses (1968),,0.4896690249443054,10,,dropout03,movie|251300|What is a human being,x,0.0
P1_EN,philosophical,1,en,What is a human being,music,music,4OPFX9TRHlEz1M5JGCvoiL,Modern Man,,0.5096994638442993,1,,dropout03,music|4OPFX9TRHlEz1M5JGCvoiL|What is a human being,a,1.0
P1_EN,philosophical,1,en,What is a human being,music,music,2z9G4b9QjlwlCx2Pkwl6Lc,"I Didn't Come From a Monkey, I Came From Jesus/Evolution",,0.5008072853088379,2,,dropout03,music|2z9G4b9QjlwlCx2Pkwl6Lc|What is a human being,x,0.0
P1_EN,philosophical,1,en,What is a human being,music,music,0W0s27FypnkXjJTJKUAnx0,Radio Friendly Unit Shifter,,0.4744126796722412,3,,dropout03,music|0W0s27FypnkXjJTJKUAnx0|What is a human being,x,0.0
P1_EN,philosophical,1,en,What is a human being,music,music,0hUit24g1EIoATdKYWUiRj,Very Ape,,0.4716053903102875,4,,dropout03,music|0hUit24g1EIoATdKYWUiRj|What is a human being,x,0.0
P1_EN,philosophical,1,en,What is a human being,music,music,76sVqjHYyW99EpeQLDkPME,Son Of A Gun - BBC John Peel Session 1990,,0.4648936092853546,5,,dropout03,music|76sVqjHYyW99EpeQLDkPME|What is a human being,x,0.0
P1_EN,philosophical,1,en,What is a human being,music,music,58zqOyrpXZQNwjkRtjGXqG,Amused to Death,,0.4619446992874145,6,,dropout03,music|58zqOyrpXZQNwjkRtjGXqG|What is a human being,x,0.0
P1_EN,philosophical,1,en,What is a human being,music,music,7LB6xhGZ0jCbP3PfUDA7yw,Thoughts of a Dying Atheist,,0.4594635963439941,7,,dropout03,music|7LB6xhGZ0jCbP3PfUDA7yw|What is a human being,a,1.0
P1_EN,philosophical,1,en,What is a human being,music,music,4dPKQxaraW6CG1rTBzV6DW,My Iron Lung,,0.4518866539001465,8,,dropout03,music|4dPKQxaraW6CG1rTBzV6DW|What is a human being,x,0.0
P1_EN,philosophical,1,en,What is a human being,music,music,7xyYsOvq5Ec3P4fr6mM9fD,Hysteria,,0.4506158828735351,9,,dropout03,music|7xyYsOvq5Ec3P4fr6mM9fD|What is a human being,x,0.0
P1_EN,philosophical,1,en,What is a human being,music,music,4P5KoWXOxwuobLmHXLMobV,Come As You Are,,0.4485085606575012,10,,dropout03,music|4P5KoWXOxwuobLmHXLMobV|What is a human being,x,0.0
P1_EN,philosophical,1,en,What is a human being,book,book,bx_3426032244,Der Nackter Affe,,0.6573641300201416,1,,dropout03,book|bx_3426032244|What is a human being,a,1.0
P1_EN,philosophical,1,en,What is a human being,book,book,bx_1931561338,The Average Human: A Novel,,0.6089038848876953,2,,dropout03,book|bx_1931561338|What is a human being,a,1.0
P1_EN,philosophical,1,en,What is a human being,book,book,gr_40261.Great_Apes,Great Apes,,0.601377546787262,3,,dropout03,book|gr_40261.Great_Apes|What is a human being,x,0.0
P1_EN,philosophical,1,en,What is a human being,book,book,gr_67976.On_Being_Human,On Being Human,,0.5982204675674438,4,,dropout03,book|gr_67976.On_Being_Human|What is a human being,a,1.0
P1_EN,philosophical,1,en,What is a human being,book,book,gr_8163722-earth-the-book,Earth (The Book): A Visitor's Guide to the Human Race,,0.5924556255340576,5,,dropout03,book|gr_8163722-earth-the-book|What is a human being,a,1.0
P1_EN,philosophical,1,en,What is a human being,book,book,gr_185407.The_Descent_of_Man,The Descent of Man,,0.5908840894699097,6,,dropout03,book|gr_185407.The_Descent_of_Man|What is a human being,a,1.0
P1_EN,philosophical,1,en,What is a human being,book,book,gr_257106.Our_Inner_Ape,Our Inner Ape: A Leading Primatologist Explains Why We Are Who We Are,,0.5823802351951599,7,,dropout03,book|gr_257106.Our_Inner_Ape|What is a human being,a,1.0
P1_EN,philosophical,1,en,What is a human being,book,book,gr_325779.Next_of_Kin,Next of Kin: My Conversations with Chimpanzees,,0.5790104866027832,8,,dropout03,book|gr_325779.Next_of_Kin|What is a human being,a,1.0
P1_EN,philosophical,1,en,What is a human being,book,book,bx_2070329135,Existentialisme Est Un Humanisme,,0.5763740539550781,9,,dropout03,book|bx_2070329135|What is a human being,a,1.0
P1_EN,philosophical,1,en,What is a human being,book,book,gr_50091.The_Complete_Robot,The Complete Robot,,0.5657893419265747,10,,dropout03,book|gr_50091.The_Complete_Robot|What is a human being,x,0.0
P1_EN,philosophical,1,en,What is a human being,all,book,bx_3426032244,Der Nackter Affe,,0.6573641300201416,1,,dropout03,book|bx_3426032244|What is a human being,a,1.0
P1_EN,philosophical,1,en,What is a human being,all,movie,1814836,Project Nim (2011),,0.6189455986022949,2,,dropout03,movie|1814836|What is a human being,a,1.0
P1_EN,philosophical,1,en,What is a human being,all,book,bx_1931561338,The Average Human: A Novel,,0.6089038848876953,3,,dropout03,book|bx_1931561338|What is a human being,a,1.0
P1_EN,philosophical,1,en,What is a human being,all,book,gr_40261.Great_Apes,Great Apes,,0.601377546787262,4,,dropout03,book|gr_40261.Great_Apes|What is a human being,x,0.0
P1_EN,philosophical,1,en,What is a human being,all,book,gr_67976.On_Being_Human,On Being Human,,0.5982204675674438,5,,dropout03,book|gr_67976.On_Being_Human|What is a human being,a,1.0
P1_EN,philosophical,1,en,What is a human being,all,book,gr_8163722-earth-the-book,Earth (The Book): A Visitor's Guide to the Human Race,,0.5924556255340576,6,,dropout03,book|gr_8163722-earth-the-book|What is a human being,a,1.0
P1_EN,philosophical,1,en,What is a human being,all,book,gr_185407.The_Descent_of_Man,The Descent of Man,,0.5908840894699097,7,,dropout03,book|gr_185407.The_Descent_of_Man|What is a human being,a,1.0
P1_EN,philosophical,1,en,What is a human being,all,book,gr_257106.Our_Inner_Ape,Our Inner Ape: A Leading Primatologist Explains Why We Are Who We Are,,0.5823802351951599,8,,dropout03,book|gr_257106.Our_Inner_Ape|What is a human being,a,1.0
P1_EN,philosophical,1,en,What is a human being,all,book,gr_325779.Next_of_Kin,Next of Kin: My Conversations with Chimpanzees,,0.5790104866027832,9,,dropout03,book|gr_325779.Next_of_Kin|What is a human being,a,1.0
P1_EN,philosophical,1,en,What is a human being,all,book,bx_2070329135,Existentialisme Est Un Humanisme,,0.5763740539550781,10,,dropout03,book|bx_2070329135|What is a human being,a,1.0
P2_EN,philosophical,2,en,A journey to find the meaning of life,movie,movie,210777,The Journey (2001),,0.654742956161499,1,,dropout03,movie|210777|A journey to find the meaning of life,a,1.0
P2_EN,philosophical,2,en,A journey to find the meaning of life,movie,movie,1172957,How to Live Forever (2009),,0.6005448698997498,2,,dropout03,movie|1172957|A journey to find the meaning of life,a,1.0
P2_EN,philosophical,2,en,A journey to find the meaning of life,movie,movie,83318,The Way South (1981),,0.5868260860443115,3,,dropout03,movie|83318|A journey to find the meaning of life,a,1.0
P2_EN,philosophical,2,en,A journey to find the meaning of life,movie,movie,84628,Sans soleil (1983),,0.5759536027908325,4,,dropout03,movie|84628|A journey to find the meaning of life,a,1.0
P2_EN,philosophical,2,en,A journey to find the meaning of life,movie,movie,1024964,A Map for Saturday (2007),,0.551575243473053,5,,dropout03,movie|1024964|A journey to find the meaning of life,a,1.0
P2_EN,philosophical,2,en,A journey to find the meaning of life,movie,movie,962774,O'Horten (2007),,0.551167905330658,6,,dropout03,movie|962774|A journey to find the meaning of life,a,1.0
P2_EN,philosophical,2,en,A journey to find the meaning of life,movie,movie,1252298,The Human Experience (2008),,0.5472186207771301,7,,dropout03,movie|1252298|A journey to find the meaning of life,o,2.0
P2_EN,philosophical,2,en,A journey to find the meaning of life,movie,movie,111038,Rupa u dusi (1994),,0.5444107055664062,8,,dropout03,movie|111038|A journey to find the meaning of life,a,1.0
P2_EN,philosophical,2,en,A journey to find the meaning of life,movie,movie,1279083,Examined Life (2008),,0.5409529209136963,9,,dropout03,movie|1279083|A journey to find the meaning of life,a,1.0
P2_EN,philosophical,2,en,A journey to find the meaning of life,movie,movie,1176954,Eldorado (2008),,0.5393263697624207,10,,dropout03,movie|1176954|A journey to find the meaning of life,a,1.0
P2_EN,philosophical,2,en,A journey to find the meaning of life,music,music,5SUlhldQJtOhUr2GzH5RI7,Nowhere Man - Remastered 2009,,0.5351459980010986,1,,dropout03,music|5SUlhldQJtOhUr2GzH5RI7|A journey to find the meaning of life,a,1.0
P2_EN,philosophical,2,en,A journey to find the meaning of life,music,music,1p9hRNRKVFPuYv0ADlkl1l,A Passage To Bangkok,,0.5251392126083374,2,,dropout03,music|1p9hRNRKVFPuYv0ADlkl1l|A journey to find the meaning of life,a,1.0
P2_EN,philosophical,2,en,A journey to find the meaning of life,music,music,6Vjk8MNXpQpi0F4BefdTyq,Kashmir - 2012 Remaster,,0.5226867198944092,3,,dropout03,music|6Vjk8MNXpQpi0F4BefdTyq|A journey to find the meaning of life,a,1.0
P2_EN,philosophical,2,en,A journey to find the meaning of life,music,music,4QEeLo0E9yoBWCFAfaXhRc,On The Road To Find Out,,0.5166541337966919,4,,dropout03,music|4QEeLo0E9yoBWCFAfaXhRc|A journey to find the meaning of life,o,2.0
P2_EN,philosophical,2,en,A journey to find the meaning of life,music,music,0mGBA5vtFH58DucfqaW6oG,Unthought Known,,0.4992007613182068,5,,dropout03,music|0mGBA5vtFH58DucfqaW6oG|A journey to find the meaning of life,a,1.0
P2_EN,philosophical,2,en,A journey to find the meaning of life,music,music,3YalaPTUkyCYanwIf0l4UN,Toulumne,,0.4985321462154388,6,,dropout03,music|3YalaPTUkyCYanwIf0l4UN|A journey to find the meaning of life,a,1.0
P2_EN,philosophical,2,en,A journey to find the meaning of life,music,music,5mGq3cybgQDZgTEbu9ldV9,Man Gave Names to All the Animals,,0.4984934031963348,7,,dropout03,music|5mGq3cybgQDZgTEbu9ldV9|A journey to find the meaning of life,a,1.0
P2_EN,philosophical,2,en,A journey to find the meaning of life,music,music,1FIqqkU0cX144wGo5WoCP3,Your Life Is Now,,0.4942089021205902,8,,dropout03,music|1FIqqkU0cX144wGo5WoCP3|A journey to find the meaning of life,a,1.0
P2_EN,philosophical,2,en,A journey to find the meaning of life,music,music,5pHVAQ5LD3RgDG5m11r2Jt,Eyes of the World - 2013 Remaster,,0.4840677976608276,9,,dropout03,music|5pHVAQ5LD3RgDG5m11r2Jt|A journey to find the meaning of life,a,1.0
P2_EN,philosophical,2,en,A journey to find the meaning of life,music,music,1QbmUgwBCRnzlvaYen5h7d,"5:01AM (The Pros and Cons of Hitch Hiking, Pt. 10)",,0.4836824238300323,10,,dropout03,music|1QbmUgwBCRnzlvaYen5h7d|A journey to find the meaning of life,a,1.0
P2_EN,philosophical,2,en,A journey to find the meaning of life,book,book,bx_0312421680,The Journey to the East,,0.6358760595321655,1,,dropout03,book|bx_0312421680|A journey to find the meaning of life,a,1.0
P2_EN,philosophical,2,en,A journey to find the meaning of life,book,book,gr_13519.The_Journey_to_the_East,The Journey to the East,,0.6265368461608887,2,,dropout03,book|gr_13519.The_Journey_to_the_East|A journey to find the meaning of life,a,1.0
P2_EN,philosophical,2,en,A journey to find the meaning of life,book,book,gr_12698470-life-traveler,Life Traveler,,0.6051235198974609,3,,dropout03,book|gr_12698470-life-traveler|A journey to find the meaning of life,a,1.0
P2_EN,philosophical,2,en,A journey to find the meaning of life,book,book,bx_1856190161,Travelling the World,,0.5975217223167419,4,,dropout03,book|bx_1856190161|A journey to find the meaning of life,a,1.0
P2_EN,philosophical,2,en,A journey to find the meaning of life,book,book,bx_8433968181,El Capitan Salio a Comer,,0.5966136455535889,5,,dropout03,book|bx_8433968181|A journey to find the meaning of life,x,0.0
P2_EN,philosophical,2,en,A journey to find the meaning of life,book,book,gr_1998422.Jalansutra,Jalansutra: Kumpulan kolom tentang Jalan-jalan dan Makan-makan di Suara Pembaruan Minggu dan Kompas Cyber Media,,0.5950477123260498,6,,dropout03,book|gr_1998422.Jalansutra|A journey to find the meaning of life,x,0.0
P2_EN,philosophical,2,en,A journey to find the meaning of life,book,book,bx_1585742244,Departures &amp; Arrivals,,0.5846625566482544,7,,dropout03,book|bx_1585742244|A journey to find the meaning of life,a,1.0
P2_EN,philosophical,2,en,A journey to find the meaning of life,book,book,gr_9336262-die-enden-der-welt,Die Enden der Welt,,0.5800245404243469,8,,dropout03,book|gr_9336262-die-enden-der-welt|A journey to find the meaning of life,a,1.0
P2_EN,philosophical,2,en,A journey to find the meaning of life,book,book,gr_17253247-titik-nol,Titik Nol: Makna Sebuah Perjalanan,,0.5778430700302124,9,,dropout03,book|gr_17253247-titik-nol|A journey to find the meaning of life,a,1.0
P2_EN,philosophical,2,en,A journey to find the meaning of life,book,book,bx_0449200906,Way of the Bull,,0.5771759152412415,10,,dropout03,book|bx_0449200906|A journey to find the meaning of life,a,1.0
P2_EN,philosophical,2,en,A journey to find the meaning of life,all,movie,210777,The Journey (2001),,0.654742956161499,1,,dropout03,movie|210777|A journey to find the meaning of life,a,1.0
P2_EN,philosophical,2,en,A journey to find the meaning of life,all,book,bx_0312421680,The Journey to the East,,0.6358760595321655,2,,dropout03,book|bx_0312421680|A journey to find the meaning of life,a,1.0
P2_EN,philosophical,2,en,A journey to find the meaning of life,all,book,gr_13519.The_Journey_to_the_East,The Journey to the East,,0.6265368461608887,3,,dropout03,book|gr_13519.The_Journey_to_the_East|A journey to find the meaning of life,a,1.0
P2_EN,philosophical,2,en,A journey to find the meaning of life,all,book,gr_12698470-life-traveler,Life Traveler,,0.6051235198974609,4,,dropout03,book|gr_12698470-life-traveler|A journey to find the meaning of life,a,1.0
P2_EN,philosophical,2,en,A journey to find the meaning of life,all,movie,1172957,How to Live Forever (2009),,0.6005448698997498,5,,dropout03,movie|1172957|A journey to find the meaning of life,a,1.0
P2_EN,philosophical,2,en,A journey to find the meaning of life,all,book,bx_1856190161,Travelling the World,,0.5975217223167419,6,,dropout03,book|bx_1856190161|A journey to find the meaning of life,a,1.0
P2_EN,philosophical,2,en,A journey to find the meaning of life,all,book,bx_8433968181,El Capitan Salio a Comer,,0.5966136455535889,7,,dropout03,book|bx_8433968181|A journey to find the meaning of life,x,0.0
P2_EN,philosophical,2,en,A journey to find the meaning of life,all,book,gr_1998422.Jalansutra,Jalansutra: Kumpulan kolom tentang Jalan-jalan dan Makan-makan di Suara Pembaruan Minggu dan Kompas Cyber Media,,0.5950477123260498,8,,dropout03,book|gr_1998422.Jalansutra|A journey to find the meaning of life,x,0.0
P2_EN,philosophical,2,en,A journey to find the meaning of life,all,movie,83318,The Way South (1981),,0.5868260860443115,9,,dropout03,movie|83318|A journey to find the meaning of life,a,1.0
P2_EN,philosophical,2,en,A journey to find the meaning of life,all,book,bx_1585742244,Departures &amp; Arrivals,,0.5846625566482544,10,,dropout03,book|bx_1585742244|A journey to find the meaning of life,a,1.0
P3_EN,philosophical,3,en,Between freedom and responsibility,movie,movie,44562,Dov'Ì¬ la libertÌÊ...? (1954),,0.5436937808990479,1,,dropout03,movie|44562|Between freedom and responsibility,x,0.0
P3_EN,philosophical,3,en,Between freedom and responsibility,movie,movie,309614,Freedom Downtime (2001),,0.5115706920623779,2,,dropout03,movie|309614|Between freedom and responsibility,a,1.0
P3_EN,philosophical,3,en,Between freedom and responsibility,movie,movie,4705522,Jeff Ross Roasts Criminals: Live at Brazos County Jail (2015),,0.4955440759658813,3,,dropout03,movie|4705522|Between freedom and responsibility,x,0.0
P3_EN,philosophical,3,en,Between freedom and responsibility,movie,movie,186820,Anarchism in America (1983),,0.4930889010429382,4,,dropout03,movie|186820|Between freedom and responsibility,a,1.0
P3_EN,philosophical,3,en,Between freedom and responsibility,movie,movie,83971,Freedom (1982),,0.4744355976581573,5,,dropout03,movie|83971|Between freedom and responsibility,a,1.0
P3_EN,philosophical,3,en,Between freedom and responsibility,movie,movie,2471940,Jim Jefferies: Contraband (2008),,0.4623361229896545,6,,dropout03,movie|2471940|Between freedom and responsibility,x,0.0
P3_EN,philosophical,3,en,Between freedom and responsibility,movie,movie,3880688,Break Free (2014),,0.4531285762786865,7,,dropout03,movie|3880688|Between freedom and responsibility,a,1.0
P3_EN,philosophical,3,en,Between freedom and responsibility,movie,movie,2350432,Free Angela and All Political Prisoners (2012),,0.4529198706150055,8,,dropout03,movie|2350432|Between freedom and responsibility,a,1.0
P3_EN,philosophical,3,en,Between freedom and responsibility,movie,movie,4172096,Last Day of Freedom (2015),,0.4518913626670837,9,,dropout03,movie|4172096|Between freedom and responsibility,a,1.0
P3_EN,philosophical,3,en,Between freedom and responsibility,movie,movie,374584,Control (2004),,0.4507989883422851,10,,dropout03,movie|374584|Between freedom and responsibility,a,1.0
P3_EN,philosophical,3,en,Between freedom and responsibility,music,music,6rflUzDPobmzz8X8IAzuGA,Escape from the Prison Planet,,0.5926117897033691,1,,dropout03,music|6rflUzDPobmzz8X8IAzuGA|Between freedom and responsibility,a,1.0
P3_EN,philosophical,3,en,Between freedom and responsibility,music,music,1s1o4BDXBNB0Wh2iAtN5Ak,When It Comes,,0.544677734375,2,,dropout03,music|1s1o4BDXBNB0Wh2iAtN5Ak|Between freedom and responsibility,a,1.0
P3_EN,philosophical,3,en,Between freedom and responsibility,music,music,25H6P7a94WUr5102lC6TNI,I Want To Break Free,,0.5210642218589783,3,,dropout03,music|25H6P7a94WUr5102lC6TNI|Between freedom and responsibility,a,1.0
P3_EN,philosophical,3,en,Between freedom and responsibility,music,music,17ozNEchVvcGHSd5bWBNH6,Running Free - 2015 Remaster,,0.5199355483055115,4,,dropout03,music|17ozNEchVvcGHSd5bWBNH6|Between freedom and responsibility,a,1.0
P3_EN,philosophical,3,en,Between freedom and responsibility,music,music,2FZ0yrA5aPClG5ZPBlV7n4,Sweet Leaf - 2014 Remaster,,0.499043196439743,5,,dropout03,music|2FZ0yrA5aPClG5ZPBlV7n4|Between freedom and responsibility,a,1.0
P3_EN,philosophical,3,en,Between freedom and responsibility,music,music,1D6eNTsC5ixYBTzBxBx0gL,Tangled Up In Plaid,,0.4790853261947632,6,,dropout03,music|1D6eNTsC5ixYBTzBxBx0gL|Between freedom and responsibility,a,1.0
P3_EN,philosophical,3,en,Between freedom and responsibility,music,music,2B8OrKU8suMxTx2PcuuSIG,No Chains,,0.4772999882698059,7,,dropout03,music|2B8OrKU8suMxTx2PcuuSIG|Between freedom and responsibility,o,2.0
P3_EN,philosophical,3,en,Between freedom and responsibility,music,music,6PPhdQDlCx3SbVYkKMlb74,Out from Under,,0.4746757745742798,8,,dropout03,music|6PPhdQDlCx3SbVYkKMlb74|Between freedom and responsibility,o,2.0
P3_EN,philosophical,3,en,Between freedom and responsibility,music,music,5vVVXIjW3hTfHoa9ADeRdr,Free As A Bird,,0.4707762598991394,9,,dropout03,music|5vVVXIjW3hTfHoa9ADeRdr|Between freedom and responsibility,a,1.0
P3_EN,philosophical,3,en,Between freedom and responsibility,music,music,5vywtoD7fO1CP0B2wtm6I6,Control,,0.4660102427005768,10,,dropout03,music|5vywtoD7fO1CP0B2wtm6I6|Between freedom and responsibility,a,1.0
P3_EN,philosophical,3,en,Between freedom and responsibility,book,book,bx_0312245637,Give Me Liberty!: Freeing Ourselves in the Twenty-First Century,,0.6461573243141174,1,,dropout03,book|bx_0312245637|Between freedom and responsibility,a,1.0
P3_EN,philosophical,3,en,Between freedom and responsibility,book,book,bx_0140390448,Walden and Civil Disobedience (Penguin American Library),,0.6064481735229492,2,,dropout03,book|bx_0140390448|Between freedom and responsibility,a,1.0
P3_EN,philosophical,3,en,Between freedom and responsibility,book,book,bx_0964519267,Vultures in Eagle's Clothing: Lawfully Breaking Free from Ignorance Related Slavery,,0.6049466133117676,3,,dropout03,book|bx_0964519267|Between freedom and responsibility,x,0.0
P3_EN,philosophical,3,en,Between freedom and responsibility,book,book,gr_34758995-unscripted,"Unscripted: Life, Liberty, and the Pursuit of Entrepreneurship",,0.6049275398254395,4,,dropout03,book|gr_34758995-unscripted|Between freedom and responsibility,a,1.0
P3_EN,philosophical,3,en,Between freedom and responsibility,book,book,gr_299215.The_Road_to_Serfdom,The Road to Serfdom,,0.5968725681304932,5,,dropout03,book|gr_299215.The_Road_to_Serfdom|Between freedom and responsibility,a,1.0
P3_EN,philosophical,3,en,Between freedom and responsibility,book,book,gr_998024.The_Politics_of_Obedience,The Politics of Obedience: The Discourse of Voluntary Servitude,,0.5739859342575073,6,,dropout03,book|gr_998024.The_Politics_of_Obedience|Between freedom and responsibility,a,1.0
P3_EN,philosophical,3,en,Between freedom and responsibility,book,book,gr_18265371-the-rules-to-break,The Rules to Break,,0.5715408325195312,7,,dropout03,book|gr_18265371-the-rules-to-break|Between freedom and responsibility,a,1.0
P3_EN,philosophical,3,en,Between freedom and responsibility,book,book,bx_0916397769,The Civil Disobedience Handbook: A Brief History and Practical Advice for the Politically Disenchanted,,0.5638461112976074,8,,dropout03,book|bx_0916397769|Between freedom and responsibility,a,1.0
P3_EN,philosophical,3,en,Between freedom and responsibility,book,book,bx_0965863409,The Urgent Revolution,,0.5607350468635559,9,,dropout03,book|bx_0965863409|Between freedom and responsibility,x,0.0
P3_EN,philosophical,3,en,Between freedom and responsibility,book,book,gr_25688796-codependent-no-more,Codependent No More: Life Can Be Better When You Overcome Codependency,,0.5566301345825195,10,,dropout03,book|gr_25688796-codependent-no-more|Between freedom and responsibility,x,0.0
P3_EN,philosophical,3,en,Between freedom and responsibility,all,book,bx_0312245637,Give Me Liberty!: Freeing Ourselves in the Twenty-First Century,,0.6461573243141174,1,,dropout03,book|bx_0312245637|Between freedom and responsibility,a,1.0
P3_EN,philosophical,3,en,Between freedom and responsibility,all,book,bx_0140390448,Walden and Civil Disobedience (Penguin American Library),,0.6064481735229492,2,,dropout03,book|bx_0140390448|Between freedom and responsibility,a,1.0
P3_EN,philosophical,3,en,Between freedom and responsibility,all,book,bx_0964519267,Vultures in Eagle's Clothing: Lawfully Breaking Free from Ignorance Related Slavery,,0.6049466133117676,3,,dropout03,book|bx_0964519267|Between freedom and responsibility,x,0.0
P3_EN,philosophical,3,en,Between freedom and responsibility,all,book,gr_34758995-unscripted,"Unscripted: Life, Liberty, and the Pursuit of Entrepreneurship",,0.6049275398254395,4,,dropout03,book|gr_34758995-unscripted|Between freedom and responsibility,a,1.0
P3_EN,philosophical,3,en,Between freedom and responsibility,all,book,gr_299215.The_Road_to_Serfdom,The Road to Serfdom,,0.5968725681304932,5,,dropout03,book|gr_299215.The_Road_to_Serfdom|Between freedom and responsibility,a,1.0
P3_EN,philosophical,3,en,Between freedom and responsibility,all,music,6rflUzDPobmzz8X8IAzuGA,Escape from the Prison Planet,,0.5926117897033691,6,,dropout03,music|6rflUzDPobmzz8X8IAzuGA|Between freedom and responsibility,a,1.0
P3_EN,philosophical,3,en,Between freedom and responsibility,all,book,gr_998024.The_Politics_of_Obedience,The Politics of Obedience: The Discourse of Voluntary Servitude,,0.5739859342575073,7,,dropout03,book|gr_998024.The_Politics_of_Obedience|Between freedom and responsibility,a,1.0
P3_EN,philosophical,3,en,Between freedom and responsibility,all,book,gr_18265371-the-rules-to-break,The Rules to Break,,0.5715408325195312,8,,dropout03,book|gr_18265371-the-rules-to-break|Between freedom and responsibility,a,1.0
P3_EN,philosophical,3,en,Between freedom and responsibility,all,book,bx_0916397769,The Civil Disobedience Handbook: A Brief History and Practical Advice for the Politically Disenchanted,,0.5638461112976074,9,,dropout03,book|bx_0916397769|Between freedom and responsibility,a,1.0
P3_EN,philosophical,3,en,Between freedom and responsibility,all,book,bx_0965863409,The Urgent Revolution,,0.5607350468635559,10,,dropout03,book|bx_0965863409|Between freedom and responsibility,x,0.0
P4_EN,philosophical,4,en,Reflection on solitude and existence,movie,movie,1466072,William S. Burroughs: A Man Within (2010),,0.6470257043838501,1,,dropout03,movie|1466072|Reflection on solitude and existence,a,1.0
P4_EN,philosophical,4,en,Reflection on solitude and existence,movie,movie,57381,OldÌÁs Ì©s kÌ¦tÌ©s (1963),,0.6133949756622314,2,,dropout03,movie|57381|Reflection on solitude and existence,a,1.0
P4_EN,philosophical,4,en,Reflection on solitude and existence,movie,movie,193647,You Are Not I (1981),,0.5925081372261047,3,,dropout03,movie|193647|Reflection on solitude and existence,x,0.0
P4_EN,philosophical,4,en,Reflection on solitude and existence,movie,movie,268013,Verboden te zuchten (2001),,0.5805392861366272,4,,dropout03,movie|268013|Reflection on solitude and existence,a,1.0
P4_EN,philosophical,4,en,Reflection on solitude and existence,movie,movie,2078648,It's Such a Beautiful Day (2011),,0.5778164863586426,5,,dropout03,movie|2078648|Reflection on solitude and existence,a,1.0
P4_EN,philosophical,4,en,Reflection on solitude and existence,movie,movie,262414,Federico Fellini - un autoritratto ritrovato (2000),,0.5706813931465149,6,,dropout03,movie|262414|Reflection on solitude and existence,a,1.0
P4_EN,philosophical,4,en,Reflection on solitude and existence,movie,movie,1294212,Shit Year (2010),,0.5705212950706482,7,,dropout03,movie|1294212|Reflection on solitude and existence,a,1.0
P4_EN,philosophical,4,en,Reflection on solitude and existence,movie,movie,403217,Last Days (2005),,0.5645033717155457,8,,dropout03,movie|403217|Reflection on solitude and existence,a,1.0
P4_EN,philosophical,4,en,Reflection on solitude and existence,movie,movie,1048173,Vogelfrei (2007),,0.5620918273925781,9,,dropout03,movie|1048173|Reflection on solitude and existence,a,1.0
P4_EN,philosophical,4,en,Reflection on solitude and existence,movie,movie,808392,Neal Cassady (2007),,0.5599285960197449,10,,dropout03,movie|808392|Reflection on solitude and existence,a,1.0
P4_EN,philosophical,4,en,Reflection on solitude and existence,music,music,3RPerpXuNznZbCuWYEBz5i,All My Days,,0.6145044565200806,1,,dropout03,music|3RPerpXuNznZbCuWYEBz5i|Reflection on solitude and existence,a,1.0
P4_EN,philosophical,4,en,Reflection on solitude and existence,music,music,2MvmsEPBWo9SMo4w3Ol7tN,Poor Boy,,0.6122703552246094,2,,dropout03,music|2MvmsEPBWo9SMo4w3Ol7tN|Reflection on solitude and existence,x,0.0
P4_EN,philosophical,4,en,Reflection on solitude and existence,music,music,4GjRDgb77p27GQnbZpv1OJ,Me,,0.6016499996185303,3,,dropout03,music|4GjRDgb77p27GQnbZpv1OJ|Reflection on solitude and existence,a,1.0
P4_EN,philosophical,4,en,Reflection on solitude and existence,music,music,5WQC3PGajELM3QpHWIsbQg,The Loner,,0.5978350043296814,4,,dropout03,music|5WQC3PGajELM3QpHWIsbQg|Reflection on solitude and existence,a,1.0
P4_EN,philosophical,4,en,Reflection on solitude and existence,music,music,5Oq4KDHCqCpbo2E8PBqTAA,Dog Problems,,0.596168577671051,5,,dropout03,music|5Oq4KDHCqCpbo2E8PBqTAA|Reflection on solitude and existence,x,0.0
P4_EN,philosophical,4,en,Reflection on solitude and existence,music,music,7eRU0RltchvgOTSbX6vmdv,666 ʇ,,0.5904768109321594,6,,dropout03,music|7eRU0RltchvgOTSbX6vmdv|Reflection on solitude and existence,a,1.0
P4_EN,philosophical,4,en,Reflection on solitude and existence,music,music,34dkZZNQJzEJRqPkywYmEY,A Quick One Before the Eternal Worm Devours Connecticut,,0.5872451066970825,7,,dropout03,music|34dkZZNQJzEJRqPkywYmEY|Reflection on solitude and existence,a,1.0
P4_EN,philosophical,4,en,Reflection on solitude and existence,music,music,0G6qDSSFmjzb9N0PK8PjGm,Off He Goes,,0.5723240971565247,8,,dropout03,music|0G6qDSSFmjzb9N0PK8PjGm|Reflection on solitude and existence,a,1.0
P4_EN,philosophical,4,en,Reflection on solitude and existence,music,music,1W0IWU1XpPhNZ3hdxXK4IZ,Off You,,0.5657532215118408,9,,dropout03,music|1W0IWU1XpPhNZ3hdxXK4IZ|Reflection on solitude and existence,a,1.0
P4_EN,philosophical,4,en,Reflection on solitude and existence,music,music,7lQ9vPEIo4caEIctf6bYOi,A Day In The Life - Remastered 2010,,0.5610631108283997,10,,dropout03,music|7lQ9vPEIo4caEIctf6bYOi|Reflection on solitude and existence,x,0.0
P4_EN,philosophical,4,en,Reflection on solitude and existence,book,book,gr_1495678.Tutte_le_poesie,Tutte le poesie,,0.7021772861480713,1,,dropout03,book|gr_1495678.Tutte_le_poesie|Reflection on solitude and existence,a,1.0
P4_EN,philosophical,4,en,Reflection on solitude and existence,book,book,gr_38504.You_Get_So_Alone_at_Times_That_it_Just_Makes_Sense,You Get So Alone at Times That it Just Makes Sense,,0.6925168037414551,2,,dropout03,book|gr_38504.You_Get_So_Alone_at_Times_That_it_Just_Makes_Sense|Reflection on solitude and existence,a,1.0
P4_EN,philosophical,4,en,Reflection on solitude and existence,book,book,bx_2290303054,Les Particules Elementaires,,0.6484318971633911,3,,dropout03,book|bx_2290303054|Reflection on solitude and existence,a,1.0
P4_EN,philosophical,4,en,Reflection on solitude and existence,book,book,bx_8433968181,El Capitan Salio a Comer,,0.6465613842010498,4,,dropout03,book|bx_8433968181|Reflection on solitude and existence,x,0.0
P4_EN,philosophical,4,en,Reflection on solitude and existence,book,book,gr_11781490-dziennik-1961-1966,Dziennik 1961-1966,,0.6427062749862671,5,,dropout03,book|gr_11781490-dziennik-1961-1966|Reflection on solitude and existence,a,1.0
P4_EN,philosophical,4,en,Reflection on solitude and existence,book,book,bx_1857151399,Outsider,,0.6414446830749512,6,,dropout03,book|bx_1857151399|Reflection on solitude and existence,a,1.0
P4_EN,philosophical,4,en,Reflection on solitude and existence,book,book,gr_5304.De_Profundis_and_Other_Writings,De Profundis and Other Writings,,0.6380531787872314,7,,dropout03,book|gr_5304.De_Profundis_and_Other_Writings|Reflection on solitude and existence,x,0.0
P4_EN,philosophical,4,en,Reflection on solitude and existence,book,book,gr_12539297-koniec-jest-moim-pocz-tkiem,Koniec jest moim początkiem,,0.6297184228897095,8,,dropout03,book|gr_12539297-koniec-jest-moim-pocz-tkiem|Reflection on solitude and existence,a,1.0
P4_EN,philosophical,4,en,Reflection on solitude and existence,book,book,bx_2070327167,PoÃ©sies,,0.6295974254608154,9,,dropout03,book|bx_2070327167|Reflection on solitude and existence,x,0.0
P4_EN,philosophical,4,en,Reflection on solitude and existence,book,book,gr_26415.Existentialism_from_Dostoevsky_to_Sartre,Existentialism from Dostoevsky to Sartre,,0.62547367811203,10,,dropout03,book|gr_26415.Existentialism_from_Dostoevsky_to_Sartre|Reflection on solitude and existence,a,1.0
P4_EN,philosophical,4,en,Reflection on solitude and existence,all,book,gr_1495678.Tutte_le_poesie,Tutte le poesie,,0.7021772861480713,1,,dropout03,book|gr_1495678.Tutte_le_poesie|Reflection on solitude and existence,a,1.0
P4_EN,philosophical,4,en,Reflection on solitude and existence,all,book,gr_38504.You_Get_So_Alone_at_Times_That_it_Just_Makes_Sense,You Get So Alone at Times That it Just Makes Sense,,0.6925168037414551,2,,dropout03,book|gr_38504.You_Get_So_Alone_at_Times_That_it_Just_Makes_Sense|Reflection on solitude and existence,a,1.0
P4_EN,philosophical,4,en,Reflection on solitude and existence,all,book,bx_2290303054,Les Particules Elementaires,,0.6484318971633911,3,,dropout03,book|bx_2290303054|Reflection on solitude and existence,a,1.0
P4_EN,philosophical,4,en,Reflection on solitude and existence,all,movie,1466072,William S. Burroughs: A Man Within (2010),,0.6470257043838501,4,,dropout03,movie|1466072|Reflection on solitude and existence,a,1.0
P4_EN,philosophical,4,en,Reflection on solitude and existence,all,book,bx_8433968181,El Capitan Salio a Comer,,0.6465613842010498,5,,dropout03,book|bx_8433968181|Reflection on solitude and existence,x,0.0
P4_EN,philosophical,4,en,Reflection on solitude and existence,all,book,gr_11781490-dziennik-1961-1966,Dziennik 1961-1966,,0.6427062749862671,6,,dropout03,book|gr_11781490-dziennik-1961-1966|Reflection on solitude and existence,a,1.0
P4_EN,philosophical,4,en,Reflection on solitude and existence,all,book,bx_1857151399,Outsider,,0.6414446830749512,7,,dropout03,book|bx_1857151399|Reflection on solitude and existence,a,1.0
P4_EN,philosophical,4,en,Reflection on solitude and existence,all,book,gr_5304.De_Profundis_and_Other_Writings,De Profundis and Other Writings,,0.6380531787872314,8,,dropout03,book|gr_5304.De_Profundis_and_Other_Writings|Reflection on solitude and existence,x,0.0
P4_EN,philosophical,4,en,Reflection on solitude and existence,all,book,gr_12539297-koniec-jest-moim-pocz-tkiem,Koniec jest moim początkiem,,0.6297184228897095,9,,dropout03,book|gr_12539297-koniec-jest-moim-pocz-tkiem|Reflection on solitude and existence,a,1.0
P4_EN,philosophical,4,en,Reflection on solitude and existence,all,book,bx_2070327167,PoÃ©sies,,0.6295974254608154,10,,dropout03,book|bx_2070327167|Reflection on solitude and existence,x,0.0
T1_EN,poet,1,en,In the name of love,movie,movie,92802,Cross My Heart (1987),,0.6353543400764465,1,,dropout03,movie|92802|In the name of love,a,1.0
T1_EN,poet,1,en,In the name of love,movie,movie,464071,Sillunu Oru Kadhal (2006),,0.6349636912345886,2,,dropout03,movie|464071|In the name of love,a,1.0
T1_EN,poet,1,en,In the name of love,movie,movie,24675,Today We Live (1933),,0.6321991682052612,3,,dropout03,movie|24675|In the name of love,a,1.0
T1_EN,poet,1,en,In the name of love,movie,movie,61927,Luv (1967),,0.6306973695755005,4,,dropout03,movie|61927|In the name of love,a,1.0
T1_EN,poet,1,en,In the name of love,movie,movie,46480,Act of Love (1953),,0.6225348711013794,5,,dropout03,movie|46480|In the name of love,a,1.0
T1_EN,poet,1,en,In the name of love,movie,movie,86153,First Name: Carmen (1983),,0.6213812828063965,6,,dropout03,movie|86153|In the name of love,a,1.0
T1_EN,poet,1,en,In the name of love,movie,movie,496325,Meine verrÌ_ckte tÌ_rkische Hochzeit (2006),,0.608686089515686,7,,dropout03,movie|496325|In the name of love,a,1.0
T1_EN,poet,1,en,In the name of love,movie,movie,1296898,Waiting for Forever (2010),,0.5942858457565308,8,,dropout03,movie|1296898|In the name of love,a,1.0
T1_EN,poet,1,en,In the name of love,movie,movie,64390,Le grand amour (1969),,0.5936921834945679,9,,dropout03,movie|64390|In the name of love,a,1.0
T1_EN,poet,1,en,In the name of love,movie,movie,29165,Love Is News (1937),,0.5896550416946411,10,,dropout03,movie|29165|In the name of love,a,1.0
T1_EN,poet,1,en,In the name of love,music,music,3gtSCifHWtbRxX0GFLBpcH,L O V E,,0.6630392074584961,1,,dropout03,music|3gtSCifHWtbRxX0GFLBpcH|In the name of love,a,1.0
T1_EN,poet,1,en,In the name of love,music,music,3Sm5TYFgMXyXwgAcY2xweX,So Into You,,0.5956333875656128,2,,dropout03,music|3Sm5TYFgMXyXwgAcY2xweX|In the name of love,a,1.0
T1_EN,poet,1,en,In the name of love,music,music,2fZTVlNbTrOAt05ohKJ3ym,Feel Your Love Tonight - 2015 Remaster,,0.5845651626586914,3,,dropout03,music|2fZTVlNbTrOAt05ohKJ3ym|In the name of love,a,1.0
T1_EN,poet,1,en,In the name of love,music,music,133g7oJWqvMnhvwfXL4CU1,Best Love Song,,0.5799157619476318,4,,dropout03,music|133g7oJWqvMnhvwfXL4CU1|In the name of love,a,1.0
T1_EN,poet,1,en,In the name of love,music,music,4NeOWqHmlrGRuBvsLJC9rL,My Love (feat. T.I.),,0.5769667625427246,5,,dropout03,music|4NeOWqHmlrGRuBvsLJC9rL|In the name of love,a,1.0
T1_EN,poet,1,en,In the name of love,music,music,40XW3d74CGOrWPcNpJDeUi,Love Can Build A Bridge,,0.5746307373046875,6,,dropout03,music|40XW3d74CGOrWPcNpJDeUi|In the name of love,o,2.0
T1_EN,poet,1,en,In the name of love,music,music,5YjKdeES9QRJ8NmF4Xc8pV,All I Wanna Do Is Make Love To You,,0.5722925066947937,7,,dropout03,music|5YjKdeES9QRJ8NmF4Xc8pV|In the name of love,a,1.0
T1_EN,poet,1,en,In the name of love,music,music,7gG1RvwQRrofiL3tvq8pBI,When It's Love,,0.5700938701629639,8,,dropout03,music|7gG1RvwQRrofiL3tvq8pBI|In the name of love,a,1.0
T1_EN,poet,1,en,In the name of love,music,music,3dn6qXlHYAQpOqMTWxkGOR,Will You Still Love Me? - 2003 Remaster,,0.569257915019989,9,,dropout03,music|3dn6qXlHYAQpOqMTWxkGOR|In the name of love,a,1.0
T1_EN,poet,1,en,In the name of love,music,music,3xSu3S8v206qwhob9N2LGJ,Baby I'm Yours,,0.5680866241455078,10,,dropout03,music|3xSu3S8v206qwhob9N2LGJ|In the name of love,a,1.0
T1_EN,poet,1,en,In the name of love,book,book,gr_955725.Elvis_and_Me,Elvis and Me: The True Story of the Love Between Priscilla Presley and the King of Rock N' Roll,,0.6656287312507629,1,,dropout03,book|gr_955725.Elvis_and_Me|In the name of love,o,2.0
T1_EN,poet,1,en,In the name of love,book,book,kdl_B0CJRSSSPY,SOS do amor (Portuguese Edition),,0.6507269740104675,2,,dropout03,book|kdl_B0CJRSSSPY|In the name of love,a,1.0
T1_EN,poet,1,en,In the name of love,book,book,bx_0060972920,Getting the Love You Want: A Guide for Couples,,0.6138482689857483,3,,dropout03,book|bx_0060972920|In the name of love,x,0.0
T1_EN,poet,1,en,In the name of love,book,book,bx_1558508503,Why Love Is Not Enough,,0.6081387400627136,4,,dropout03,book|bx_1558508503|In the name of love,x,0.0
T1_EN,poet,1,en,In the name of love,book,book,bx_0553586130,7 Days and 7 Nights,,0.6054079532623291,5,,dropout03,book|bx_0553586130|In the name of love,x,0.0
T1_EN,poet,1,en,In the name of love,book,book,gr_14981152-the-sacred-search,"The Sacred Search: What If It's Not about Who You Marry, But Why?",,0.60406893491745,6,,dropout03,book|gr_14981152-the-sacred-search|In the name of love,a,1.0
T1_EN,poet,1,en,In the name of love,book,book,bx_0028604458,The Love Book,,0.6029191017150879,7,,dropout03,book|bx_0028604458|In the name of love,a,1.0
T1_EN,poet,1,en,In the name of love,book,book,gr_18526170-1-love-2-religions,"1 Love, 2 Religions: A Romantic Dilemma",,0.6000272035598755,8,,dropout03,book|gr_18526170-1-love-2-religions|In the name of love,a,1.0
T1_EN,poet,1,en,In the name of love,book,book,bx_0553582313,First Kiss,,0.5900012850761414,9,,dropout03,book|bx_0553582313|In the name of love,a,1.0
T1_EN,poet,1,en,In the name of love,book,book,bx_0802134092,On Love,,0.5856000185012817,10,,dropout03,book|bx_0802134092|In the name of love,a,1.0
T1_EN,poet,1,en,In the name of love,all,book,gr_955725.Elvis_and_Me,Elvis and Me: The True Story of the Love Between Priscilla Presley and the King of Rock N' Roll,,0.6656287312507629,1,,dropout03,book|gr_955725.Elvis_and_Me|In the name of love,o,2.0
T1_EN,poet,1,en,In the name of love,all,music,3gtSCifHWtbRxX0GFLBpcH,L O V E,,0.6630392074584961,2,,dropout03,music|3gtSCifHWtbRxX0GFLBpcH|In the name of love,a,1.0
T1_EN,poet,1,en,In the name of love,all,book,kdl_B0CJRSSSPY,SOS do amor (Portuguese Edition),,0.6507269740104675,3,,dropout03,book|kdl_B0CJRSSSPY|In the name of love,a,1.0
T1_EN,poet,1,en,In the name of love,all,movie,92802,Cross My Heart (1987),,0.6353543400764465,4,,dropout03,movie|92802|In the name of love,a,1.0
T1_EN,poet,1,en,In the name of love,all,movie,464071,Sillunu Oru Kadhal (2006),,0.6349636912345886,5,,dropout03,movie|464071|In the name of love,a,1.0
T1_EN,poet,1,en,In the name of love,all,movie,24675,Today We Live (1933),,0.6321991682052612,6,,dropout03,movie|24675|In the name of love,a,1.0
T1_EN,poet,1,en,In the name of love,all,movie,61927,Luv (1967),,0.6306973695755005,7,,dropout03,movie|61927|In the name of love,a,1.0
T1_EN,poet,1,en,In the name of love,all,movie,46480,Act of Love (1953),,0.6225348711013794,8,,dropout03,movie|46480|In the name of love,a,1.0
T1_EN,poet,1,en,In the name of love,all,movie,86153,First Name: Carmen (1983),,0.6213812828063965,9,,dropout03,movie|86153|In the name of love,a,1.0
T1_EN,poet,1,en,In the name of love,all,book,bx_0060972920,Getting the Love You Want: A Guide for Couples,,0.6138482689857483,10,,dropout03,book|bx_0060972920|In the name of love,x,0.0
T2_EN,poet,2,en,Like the excitement of a spring day,movie,movie,50135,April Love (1957),,0.5952092409133911,1,,dropout03,movie|50135|Like the excitement of a spring day,a,1.0
T2_EN,poet,2,en,Like the excitement of a spring day,movie,movie,73922,"You're a Good Sport, Charlie Brown (1975)",,0.5638165473937988,2,,dropout03,movie|73922|Like the excitement of a spring day,a,1.0
T2_EN,poet,2,en,Like the excitement of a spring day,movie,movie,860454,MP3: Mera Pehla Pehla Pyaar (2007),,0.5579252243041992,3,,dropout03,movie|860454|Like the excitement of a spring day,a,1.0
T2_EN,poet,2,en,Like the excitement of a spring day,movie,movie,339034,From Justin to Kelly (2003),,0.5547411441802979,4,,dropout03,movie|339034|Like the excitement of a spring day,o,2.0
T2_EN,poet,2,en,Like the excitement of a spring day,movie,movie,104401,Heathcliff: The Movie (1986),,0.5515549182891846,5,,dropout03,movie|104401|Like the excitement of a spring day,x,0.0
T2_EN,poet,2,en,Like the excitement of a spring day,movie,movie,40848,Summer Holiday (1948),,0.5441627502441406,6,,dropout03,movie|40848|Like the excitement of a spring day,a,1.0
T2_EN,poet,2,en,Like the excitement of a spring day,movie,movie,22899,Flowers and Trees (1932),,0.5413371324539185,7,,dropout03,movie|22899|Like the excitement of a spring day,o,2.0
T2_EN,poet,2,en,Like the excitement of a spring day,movie,movie,71679,"It's the Easter Beagle, Charlie Brown! (1974)",,0.540835976600647,8,,dropout03,movie|71679|Like the excitement of a spring day,a,1.0
T2_EN,poet,2,en,Like the excitement of a spring day,movie,movie,3668162,Bangalore Days (2014),,0.5405551195144653,9,,dropout03,movie|3668162|Like the excitement of a spring day,a,1.0
T2_EN,poet,2,en,Like the excitement of a spring day,movie,movie,30216,Having Wonderful Time (1938),,0.5390413403511047,10,,dropout03,movie|30216|Like the excitement of a spring day,a,1.0
T2_EN,poet,2,en,Like the excitement of a spring day,music,music,4FlYcJnfkeBpowEHJ72Bmt,Rockin' Robin,,0.690168023109436,1,,dropout03,music|4FlYcJnfkeBpowEHJ72Bmt|Like the excitement of a spring day,a,1.0
T2_EN,poet,2,en,Like the excitement of a spring day,music,music,5dl8WFCxndWZlsDXuzT00p,The Best Day Ever,,0.6697263717651367,2,,dropout03,music|5dl8WFCxndWZlsDXuzT00p|Like the excitement of a spring day,a,1.0
T2_EN,poet,2,en,Like the excitement of a spring day,music,music,23qDMWnwf8p0pr5slljB6i,Six-Pack Summer,,0.6671948432922363,3,,dropout03,music|23qDMWnwf8p0pr5slljB6i|Like the excitement of a spring day,a,1.0
T2_EN,poet,2,en,Like the excitement of a spring day,music,music,1KdLP5FUQElS3s2OncQWnV,Going On A Picnic,,0.6626467704772949,4,,dropout03,music|1KdLP5FUQElS3s2OncQWnV|Like the excitement of a spring day,a,1.0
T2_EN,poet,2,en,Like the excitement of a spring day,music,music,5Ozv6hQIj20iX3nFfJCe8E,The Rain The Park And Other Things,,0.6533783078193665,5,,dropout03,music|5Ozv6hQIj20iX3nFfJCe8E|Like the excitement of a spring day,x,0.0
T2_EN,poet,2,en,Like the excitement of a spring day,music,music,1SxC3v3Mcm5VPxeXaF59NY,Another Sunny Day,,0.6430521011352539,6,,dropout03,music|1SxC3v3Mcm5VPxeXaF59NY|Like the excitement of a spring day,a,1.0
T2_EN,poet,2,en,Like the excitement of a spring day,music,music,0sOoGrE5PY5EBDQnR7Yysu,"The Rain, The Park & Other Things - Single Version",,0.6393925547599792,7,,dropout03,music|0sOoGrE5PY5EBDQnR7Yysu|Like the excitement of a spring day,x,0.0
T2_EN,poet,2,en,Like the excitement of a spring day,music,music,1WS27lReDP65JMqZ5ygBPF,Morning Ride,,0.6393666863441467,8,,dropout03,music|1WS27lReDP65JMqZ5ygBPF|Like the excitement of a spring day,a,1.0
T2_EN,poet,2,en,Like the excitement of a spring day,music,music,7ayDPcMisPI8HpnVrQjcdE,Here's To The Good Times,,0.6366074085235596,9,,dropout03,music|7ayDPcMisPI8HpnVrQjcdE|Like the excitement of a spring day,a,1.0
T2_EN,poet,2,en,Like the excitement of a spring day,music,music,2I5ao7JannZZMlweLTz0hO,Ain't No Stopping Us Now,,0.6358023881912231,10,,dropout03,music|2I5ao7JannZZMlweLTz0hO|Like the excitement of a spring day,a,1.0
T2_EN,poet,2,en,Like the excitement of a spring day,book,book,bx_0689830971,"It's Spring, Blue!",,0.6788432598114014,1,,dropout03,book|bx_0689830971|Like the excitement of a spring day,a,1.0
T2_EN,poet,2,en,Like the excitement of a spring day,book,book,bx_0307011100,"Let's Fly a Kite, Charlie Brown! A Book about the Seasons",,0.6782126426696777,2,,dropout03,book|bx_0307011100|Like the excitement of a spring day,a,1.0
T2_EN,poet,2,en,Like the excitement of a spring day,book,book,gr_4835838-11-birthdays,11 Birthdays,,0.6504185795783997,3,,dropout03,book|gr_4835838-11-birthdays|Like the excitement of a spring day,a,1.0
T2_EN,poet,2,en,Like the excitement of a spring day,book,book,bx_0064441059,Surprises (I Can Read Book 3),,0.6344329118728638,4,,dropout03,book|bx_0064441059|Like the excitement of a spring day,a,1.0
T2_EN,poet,2,en,Like the excitement of a spring day,book,book,bx_0590341308,Clifford's First Autumn (Clifford the Small Puppy),,0.6331834197044373,5,,dropout03,book|bx_0590341308|Like the excitement of a spring day,x,0.0
T2_EN,poet,2,en,Like the excitement of a spring day,book,book,kdl_B00TG24J28,"The Penderwicks in Spring: The Penderwicks, Book 4",,0.6203370690345764,6,,dropout03,book|kdl_B00TG24J28|Like the excitement of a spring day,a,1.0
T2_EN,poet,2,en,Like the excitement of a spring day,book,book,bx_0307131483,"Hunny, Funny, Sunny Day, A",,0.6181113123893738,7,,dropout03,book|bx_0307131483|Like the excitement of a spring day,a,1.0
T2_EN,poet,2,en,Like the excitement of a spring day,book,book,bx_0064434818,Inch by Inch : The Garden Song (Trophy Picture Book),,0.6170616149902344,8,,dropout03,book|bx_0064434818|Like the excitement of a spring day,a,1.0
T2_EN,poet,2,en,Like the excitement of a spring day,book,book,bx_1885222580,Look Before You Bounce (Disney's Out &amp; about with Pooh),,0.6140713691711426,9,,dropout03,book|bx_1885222580|Like the excitement of a spring day,a,1.0
T2_EN,poet,2,en,Like the excitement of a spring day,book,book,bx_0394829131,"Great Day for Up (A Bright &amp; Early Book, 19)",,0.6108041405677795,10,,dropout03,book|bx_0394829131|Like the excitement of a spring day,a,1.0
T2_EN,poet,2,en,Like the excitement of a spring day,all,music,4FlYcJnfkeBpowEHJ72Bmt,Rockin' Robin,,0.690168023109436,1,,dropout03,music|4FlYcJnfkeBpowEHJ72Bmt|Like the excitement of a spring day,a,1.0
T2_EN,poet,2,en,Like the excitement of a spring day,all,book,bx_0689830971,"It's Spring, Blue!",,0.6788432598114014,2,,dropout03,book|bx_0689830971|Like the excitement of a spring day,a,1.0
T2_EN,poet,2,en,Like the excitement of a spring day,all,book,bx_0307011100,"Let's Fly a Kite, Charlie Brown! A Book about the Seasons",,0.6782126426696777,3,,dropout03,book|bx_0307011100|Like the excitement of a spring day,a,1.0
T2_EN,poet,2,en,Like the excitement of a spring day,all,music,5dl8WFCxndWZlsDXuzT00p,The Best Day Ever,,0.6697263717651367,4,,dropout03,music|5dl8WFCxndWZlsDXuzT00p|Like the excitement of a spring day,a,1.0
T2_EN,poet,2,en,Like the excitement of a spring day,all,music,23qDMWnwf8p0pr5slljB6i,Six-Pack Summer,,0.6671948432922363,5,,dropout03,music|23qDMWnwf8p0pr5slljB6i|Like the excitement of a spring day,a,1.0
T2_EN,poet,2,en,Like the excitement of a spring day,all,music,1KdLP5FUQElS3s2OncQWnV,Going On A Picnic,,0.6626467704772949,6,,dropout03,music|1KdLP5FUQElS3s2OncQWnV|Like the excitement of a spring day,a,1.0
T2_EN,poet,2,en,Like the excitement of a spring day,all,music,5Ozv6hQIj20iX3nFfJCe8E,The Rain The Park And Other Things,,0.6533783078193665,7,,dropout03,music|5Ozv6hQIj20iX3nFfJCe8E|Like the excitement of a spring day,x,0.0
T2_EN,poet,2,en,Like the excitement of a spring day,all,book,gr_4835838-11-birthdays,11 Birthdays,,0.6504185795783997,8,,dropout03,book|gr_4835838-11-birthdays|Like the excitement of a spring day,a,1.0
T2_EN,poet,2,en,Like the excitement of a spring day,all,music,1SxC3v3Mcm5VPxeXaF59NY,Another Sunny Day,,0.6430521011352539,9,,dropout03,music|1SxC3v3Mcm5VPxeXaF59NY|Like the excitement of a spring day,a,1.0
T2_EN,poet,2,en,Like the excitement of a spring day,all,music,0sOoGrE5PY5EBDQnR7Yysu,"The Rain, The Park & Other Things - Single Version",,0.6393925547599792,10,,dropout03,music|0sOoGrE5PY5EBDQnR7Yysu|Like the excitement of a spring day,x,0.0
T3_EN,poet,3,en,What remains after farewell,movie,movie,112606,Bye Bye Love (1995),,0.5987679958343506,1,,dropout03,movie|112606|What remains after farewell,a,1.0
T3_EN,poet,3,en,What remains after farewell,movie,movie,51472,Charlotte et son Jules (1960),,0.5749998688697815,2,,dropout03,movie|51472|What remains after farewell,x,0.0
T3_EN,poet,3,en,What remains after farewell,movie,movie,93175,Hello Again (1987),,0.5521297454833984,3,,dropout03,movie|93175|What remains after farewell,x,0.0
T3_EN,poet,3,en,What remains after farewell,movie,movie,1371150,This Is Where I Leave You (2014),,0.5440124273300171,4,,dropout03,movie|1371150|What remains after farewell,a,1.0
T3_EN,poet,3,en,What remains after farewell,movie,movie,3133246,The Last Time You Had Fun (2014),,0.540152370929718,5,,dropout03,movie|3133246|What remains after farewell,a,1.0
T3_EN,poet,3,en,What remains after farewell,movie,movie,360016,Standing Still (2005),,0.5396944880485535,6,,dropout03,movie|360016|What remains after farewell,x,0.0
T3_EN,poet,3,en,What remains after farewell,movie,movie,430650,"Surrender, Dorothy (2006)",,0.5386629104614258,7,,dropout03,movie|430650|What remains after farewell,a,1.0
T3_EN,poet,3,en,What remains after farewell,movie,movie,107474,Maadadayo (1993),,0.5381556749343872,8,,dropout03,movie|107474|What remains after farewell,a,1.0
T3_EN,poet,3,en,What remains after farewell,movie,movie,119209,Going All the Way (1997),,0.5345762968063354,9,,dropout03,movie|119209|What remains after farewell,a,1.0
T3_EN,poet,3,en,What remains after farewell,movie,movie,1728620,Die verlorene Zeit (2011),,0.5309824347496033,10,,dropout03,movie|1728620|What remains after farewell,x,0.0
T3_EN,poet,3,en,What remains after farewell,music,music,1MbqOV4uT2Rrxxyk1ZvCTT,Old Shoes (& Picture Postcards),,0.6559522747993469,1,,dropout03,music|1MbqOV4uT2Rrxxyk1ZvCTT|What remains after farewell,a,1.0
T3_EN,poet,3,en,What remains after farewell,music,music,5RFYhFsx88Ged9UNmv5ORj,Out Of Time,,0.63788902759552,2,,dropout03,music|5RFYhFsx88Ged9UNmv5ORj|What remains after farewell,a,1.0
T3_EN,poet,3,en,What remains after farewell,music,music,1rxD34LAtkafrMUHqHIV76,Bring It on Home - 2012 Remaster,,0.6253566741943359,3,,dropout03,music|1rxD34LAtkafrMUHqHIV76|What remains after farewell,x,0.0
T3_EN,poet,3,en,What remains after farewell,music,music,1LWDDpoVNF6YAFt95ETAS2,Pretty Maids All in a Row - 2013 Remaster,,0.6236591339111328,4,,dropout03,music|1LWDDpoVNF6YAFt95ETAS2|What remains after farewell,x,0.0
T3_EN,poet,3,en,What remains after farewell,music,music,17Cs25j5Ui6X6W4Hk1kAyC,Long Gone,,0.6204996109008789,5,,dropout03,music|17Cs25j5Ui6X6W4Hk1kAyC|What remains after farewell,a,1.0
T3_EN,poet,3,en,What remains after farewell,music,music,1U7WBCkBxc7bGeP6v5juEq,Time After Time,,0.6185147166252136,6,,dropout03,music|1U7WBCkBxc7bGeP6v5juEq|What remains after farewell,a,1.0
T3_EN,poet,3,en,What remains after farewell,music,music,1wa6QQsdSE3X2GbRljGpFk,Candles,,0.6184718012809753,7,,dropout03,music|1wa6QQsdSE3X2GbRljGpFk|What remains after farewell,a,1.0
T3_EN,poet,3,en,What remains after farewell,music,music,0eJiuxxTdhyOBC3ewtoLUN,Against All Odds (Take a Look At Me Now) - Remastered,,0.615835964679718,8,,dropout03,music|0eJiuxxTdhyOBC3ewtoLUN|What remains after farewell,a,1.0
T3_EN,poet,3,en,What remains after farewell,music,music,6xG98dEo5in1q1XzKItax4,Brother,,0.6156514883041382,9,,dropout03,music|6xG98dEo5in1q1XzKItax4|What remains after farewell,a,1.0
T3_EN,poet,3,en,What remains after farewell,music,music,6iI6NXjtI3IkjK2k1juqaX,Once I Was,,0.6141916513442993,10,,dropout03,music|6iI6NXjtI3IkjK2k1juqaX|What remains after farewell,a,1.0
T3_EN,poet,3,en,What remains after farewell,book,book,gr_96082.The_Last_Time_They_Met,The Last Time They Met,,0.6298472881317139,1,,dropout03,book|gr_96082.The_Last_Time_They_Met|What remains after farewell,a,1.0
T3_EN,poet,3,en,What remains after farewell,book,book,gr_30649795-goodbye-days,Goodbye Days,,0.6293794512748718,2,,dropout03,book|gr_30649795-goodbye-days|What remains after farewell,a,1.0
T3_EN,poet,3,en,What remains after farewell,book,book,bx_0425040348,Last Convertible,,0.5768085718154907,3,,dropout03,book|bx_0425040348|What remains after farewell,x,0.0
T3_EN,poet,3,en,What remains after farewell,book,book,gr_17285330-the-last-time-we-say-goodbye,The Last Time We Say Goodbye,,0.5721837878227234,4,,dropout03,book|gr_17285330-the-last-time-we-say-goodbye|What remains after farewell,a,1.0
T3_EN,poet,3,en,What remains after farewell,book,book,gr_28921.The_Remains_of_the_Day,The Remains of the Day,,0.5657578706741333,5,,dropout03,book|gr_28921.The_Remains_of_the_Day|What remains after farewell,a,1.0
T3_EN,poet,3,en,What remains after farewell,book,book,bx_0316173282,I'll Be There,,0.5650408267974854,6,,dropout03,book|bx_0316173282|What remains after farewell,x,0.0
T3_EN,poet,3,en,What remains after farewell,book,book,bx_0373289480,Return Of Chase Cordell (Harlequin Historical),,0.5645650625228882,7,,dropout03,book|bx_0373289480|What remains after farewell,x,0.0
T3_EN,poet,3,en,What remains after farewell,book,book,bx_0156007185,"The Worst Day of My Life, So Far",,0.5630839467048645,8,,dropout03,book|bx_0156007185|What remains after farewell,x,0.0
T3_EN,poet,3,en,What remains after farewell,book,book,bx_0312906242,The Injured Party,,0.5611430406570435,9,,dropout03,book|bx_0312906242|What remains after farewell,x,0.0
T3_EN,poet,3,en,What remains after farewell,book,book,gr_20773985-das-letzte-marchen,Das Letzte Marchen,,0.5579445362091064,10,,dropout03,book|gr_20773985-das-letzte-marchen|What remains after farewell,x,0.0
T3_EN,poet,3,en,What remains after farewell,all,music,1MbqOV4uT2Rrxxyk1ZvCTT,Old Shoes (& Picture Postcards),,0.6559522747993469,1,,dropout03,music|1MbqOV4uT2Rrxxyk1ZvCTT|What remains after farewell,a,1.0
T3_EN,poet,3,en,What remains after farewell,all,music,5RFYhFsx88Ged9UNmv5ORj,Out Of Time,,0.63788902759552,2,,dropout03,music|5RFYhFsx88Ged9UNmv5ORj|What remains after farewell,a,1.0
T3_EN,poet,3,en,What remains after farewell,all,book,gr_96082.The_Last_Time_They_Met,The Last Time They Met,,0.6298472881317139,3,,dropout03,book|gr_96082.The_Last_Time_They_Met|What remains after farewell,a,1.0
T3_EN,poet,3,en,What remains after farewell,all,book,gr_30649795-goodbye-days,Goodbye Days,,0.6293794512748718,4,,dropout03,book|gr_30649795-goodbye-days|What remains after farewell,a,1.0
T3_EN,poet,3,en,What remains after farewell,all,music,1rxD34LAtkafrMUHqHIV76,Bring It on Home - 2012 Remaster,,0.6253566741943359,5,,dropout03,music|1rxD34LAtkafrMUHqHIV76|What remains after farewell,x,0.0
T3_EN,poet,3,en,What remains after farewell,all,music,1LWDDpoVNF6YAFt95ETAS2,Pretty Maids All in a Row - 2013 Remaster,,0.6236591339111328,6,,dropout03,music|1LWDDpoVNF6YAFt95ETAS2|What remains after farewell,x,0.0
T3_EN,poet,3,en,What remains after farewell,all,music,17Cs25j5Ui6X6W4Hk1kAyC,Long Gone,,0.6204996109008789,7,,dropout03,music|17Cs25j5Ui6X6W4Hk1kAyC|What remains after farewell,a,1.0
T3_EN,poet,3,en,What remains after farewell,all,music,1U7WBCkBxc7bGeP6v5juEq,Time After Time,,0.6185147166252136,8,,dropout03,music|1U7WBCkBxc7bGeP6v5juEq|What remains after farewell,a,1.0
T3_EN,poet,3,en,What remains after farewell,all,music,1wa6QQsdSE3X2GbRljGpFk,Candles,,0.6184718012809753,9,,dropout03,music|1wa6QQsdSE3X2GbRljGpFk|What remains after farewell,a,1.0
T3_EN,poet,3,en,What remains after farewell,all,music,0eJiuxxTdhyOBC3ewtoLUN,Against All Odds (Take a Look At Me Now) - Remastered,,0.615835964679718,10,,dropout03,music|0eJiuxxTdhyOBC3ewtoLUN|What remains after farewell,a,1.0
T4_EN,poet,4,en,A voice whispering under moonlight,movie,movie,71690,"Je, tu, il, elle (1974)",,0.5357311964035034,1,,dropout03,movie|71690|A voice whispering under moonlight,a,1.0
T4_EN,poet,4,en,A voice whispering under moonlight,movie,movie,109748,EstÌ_ria do Gato e da Lua (1997),,0.5250389575958252,2,,dropout03,movie|109748|A voice whispering under moonlight,o,2.0
T4_EN,poet,4,en,A voice whispering under moonlight,movie,movie,497639,"Molchi, grust... molchi (1918)",,0.5059036612510681,3,,dropout03,movie|497639|A voice whispering under moonlight,a,1.0
T4_EN,poet,4,en,A voice whispering under moonlight,movie,movie,69300,Sophia de Mello Breyner Andresen (1969),,0.4966166913509369,4,,dropout03,movie|69300|A voice whispering under moonlight,x,0.0
T4_EN,poet,4,en,A voice whispering under moonlight,movie,movie,60549,"Istoriya Asi Klyachinoy, kotoraya lyubila, da ne vyshla zamuzh (1966)",,0.48538738489151,5,,dropout03,movie|60549|A voice whispering under moonlight,x,0.0
T4_EN,poet,4,en,A voice whispering under moonlight,movie,movie,5777628,One More Time with Feeling (2016),,0.4802002608776092,6,,dropout03,movie|5777628|A voice whispering under moonlight,a,1.0
T4_EN,poet,4,en,A voice whispering under moonlight,movie,movie,60114,AnÌ©mone (1968),,0.4738248586654663,7,,dropout03,movie|60114|A voice whispering under moonlight,a,1.0
T4_EN,poet,4,en,A voice whispering under moonlight,movie,movie,130515,Blow Job (1963),,0.470102459192276,8,,dropout03,movie|130515|A voice whispering under moonlight,x,0.0
T4_EN,poet,4,en,A voice whispering under moonlight,movie,movie,1789697,Aung San Suu Kyi: Lady of No Fear (2010),,0.4656782746315002,9,,dropout03,movie|1789697|A voice whispering under moonlight,x,0.0
T4_EN,poet,4,en,A voice whispering under moonlight,movie,movie,4629636,By Our Selves (2015),,0.4633127748966217,10,,dropout03,movie|4629636|A voice whispering under moonlight,x,0.0
T4_EN,poet,4,en,A voice whispering under moonlight,music,music,5O6yk6U8L3rTbFsIwuqe8H,Turning Tables,,0.5746639370918274,1,,dropout03,music|5O6yk6U8L3rTbFsIwuqe8H|A voice whispering under moonlight,a,1.0
T4_EN,poet,4,en,A voice whispering under moonlight,music,music,4mQz22nF9cyWqwuErTqc6V,Crazy He Calls Me,,0.5711935758590698,2,,dropout03,music|4mQz22nF9cyWqwuErTqc6V|A voice whispering under moonlight,x,0.0
T4_EN,poet,4,en,A voice whispering under moonlight,music,music,6oQRvWaoFDJpTTnaWdzhXt,Love in the Dark,,0.5701702237129211,3,,dropout03,music|6oQRvWaoFDJpTTnaWdzhXt|A voice whispering under moonlight,a,1.0
T4_EN,poet,4,en,A voice whispering under moonlight,music,music,7KX65PC1UZuImsUInThbav,Cold Little Heart - Radio Edit,,0.5669593811035156,4,,dropout03,music|7KX65PC1UZuImsUInThbav|A voice whispering under moonlight,a,1.0
T4_EN,poet,4,en,A voice whispering under moonlight,music,music,0aIcFRGr88cGtlEJBuDub6,Do I Move You?,,0.5665611028671265,5,,dropout03,music|0aIcFRGr88cGtlEJBuDub6|A voice whispering under moonlight,x,0.0
T4_EN,poet,4,en,A voice whispering under moonlight,music,music,69uJi5QsBtqlYkGURTBli8,I Can't Make You Love Me,,0.5664405226707458,6,,dropout03,music|69uJi5QsBtqlYkGURTBli8|A voice whispering under moonlight,a,1.0
T4_EN,poet,4,en,A voice whispering under moonlight,music,music,2XWmbwp9FBAaFcSE9BLQzc,Help Me Make It Through The Night,,0.561063289642334,7,,dropout03,music|2XWmbwp9FBAaFcSE9BLQzc|A voice whispering under moonlight,a,1.0
T4_EN,poet,4,en,A voice whispering under moonlight,music,music,6rHh8urosEFRI67xVa6fzU,The Fool On The Hill - Remastered 2009,,0.5541899800300598,8,,dropout03,music|6rHh8urosEFRI67xVa6fzU|A voice whispering under moonlight,a,1.0
T4_EN,poet,4,en,A voice whispering under moonlight,music,music,0TgaaBAEf84VqvdTshIdPw,Cold Is The Night,,0.5524953007698059,9,,dropout03,music|0TgaaBAEf84VqvdTshIdPw|A voice whispering under moonlight,a,1.0
T4_EN,poet,4,en,A voice whispering under moonlight,music,music,3mFzIFFFmEXTQs6BDAK2ZZ,Dance Me to the End of Love,,0.551016092300415,10,,dropout03,music|3mFzIFFFmEXTQs6BDAK2ZZ|A voice whispering under moonlight,x,0.0
T4_EN,poet,4,en,A voice whispering under moonlight,book,book,bx_0316184136,The Complete Poems of Emily Dickinson,,0.5484774112701416,1,,dropout03,book|bx_0316184136|A voice whispering under moonlight,a,1.0
T4_EN,poet,4,en,A voice whispering under moonlight,book,book,bx_8401377013,Perdonen Las Tristezas,,0.522883951663971,2,,dropout03,book|bx_8401377013|A voice whispering under moonlight,a,1.0
T4_EN,poet,4,en,A voice whispering under moonlight,book,book,bx_0671035304,She,,0.5218520164489746,3,,dropout03,book|bx_0671035304|A voice whispering under moonlight,x,0.0
T4_EN,poet,4,en,A voice whispering under moonlight,book,book,gr_112204.The_Complete_Poems_of_Emily_Dickinson,The Complete Poems of Emily Dickinson,,0.5189050436019897,4,,dropout03,book|gr_112204.The_Complete_Poems_of_Emily_Dickinson|A voice whispering under moonlight,a,1.0
T4_EN,poet,4,en,A voice whispering under moonlight,book,book,gr_97553.Crow,Crow: From the Life and Songs of the Crow (Faber Library),,0.5116544961929321,5,,dropout03,book|gr_97553.Crow|A voice whispering under moonlight,a,1.0
T4_EN,poet,4,en,A voice whispering under moonlight,book,book,gr_522888.The_Tale_of_Kieu,The Tale of Kieu,,0.4953946471214294,6,,dropout03,book|gr_522888.The_Tale_of_Kieu|A voice whispering under moonlight,a,1.0
T4_EN,poet,4,en,A voice whispering under moonlight,book,book,gr_11684657-francesca-woodman,Francesca Woodman,,0.4936677515506744,7,,dropout03,book|gr_11684657-francesca-woodman|A voice whispering under moonlight,a,1.0
T4_EN,poet,4,en,A voice whispering under moonlight,book,book,gr_6281975-kmen-a-jin-p-b-hy,Kmen a jiné příběhy,,0.4917346239089966,8,,dropout03,book|gr_6281975-kmen-a-jin-p-b-hy|A voice whispering under moonlight,x,0.0
T4_EN,poet,4,en,A voice whispering under moonlight,book,book,bx_0140171363,Freedom from Fear and Other Writings,,0.4915099143981933,9,,dropout03,book|bx_0140171363|A voice whispering under moonlight,x,0.0
T4_EN,poet,4,en,A voice whispering under moonlight,book,book,gr_23466527-mute,Mute: Poems That Saved My Life!: Poems by Vidya Gargote During Her Journey Battling with Depression,,0.4870088100433349,10,,dropout03,book|gr_23466527-mute|A voice whispering under moonlight,x,0.0
T4_EN,poet,4,en,A voice whispering under moonlight,all,music,5O6yk6U8L3rTbFsIwuqe8H,Turning Tables,,0.5746639370918274,1,,dropout03,music|5O6yk6U8L3rTbFsIwuqe8H|A voice whispering under moonlight,a,1.0
T4_EN,poet,4,en,A voice whispering under moonlight,all,music,4mQz22nF9cyWqwuErTqc6V,Crazy He Calls Me,,0.5711935758590698,2,,dropout03,music|4mQz22nF9cyWqwuErTqc6V|A voice whispering under moonlight,x,0.0
T4_EN,poet,4,en,A voice whispering under moonlight,all,music,6oQRvWaoFDJpTTnaWdzhXt,Love in the Dark,,0.5701702237129211,3,,dropout03,music|6oQRvWaoFDJpTTnaWdzhXt|A voice whispering under moonlight,a,1.0
T4_EN,poet,4,en,A voice whispering under moonlight,all,music,7KX65PC1UZuImsUInThbav,Cold Little Heart - Radio Edit,,0.5669593811035156,4,,dropout03,music|7KX65PC1UZuImsUInThbav|A voice whispering under moonlight,a,1.0
T4_EN,poet,4,en,A voice whispering under moonlight,all,music,0aIcFRGr88cGtlEJBuDub6,Do I Move You?,,0.5665611028671265,5,,dropout03,music|0aIcFRGr88cGtlEJBuDub6|A voice whispering under moonlight,x,0.0
T4_EN,poet,4,en,A voice whispering under moonlight,all,music,69uJi5QsBtqlYkGURTBli8,I Can't Make You Love Me,,0.5664405226707458,6,,dropout03,music|69uJi5QsBtqlYkGURTBli8|A voice whispering under moonlight,a,1.0
T4_EN,poet,4,en,A voice whispering under moonlight,all,music,2XWmbwp9FBAaFcSE9BLQzc,Help Me Make It Through The Night,,0.561063289642334,7,,dropout03,music|2XWmbwp9FBAaFcSE9BLQzc|A voice whispering under moonlight,a,1.0
T4_EN,poet,4,en,A voice whispering under moonlight,all,music,6rHh8urosEFRI67xVa6fzU,The Fool On The Hill - Remastered 2009,,0.5541899800300598,8,,dropout03,music|6rHh8urosEFRI67xVa6fzU|A voice whispering under moonlight,a,1.0
T4_EN,poet,4,en,A voice whispering under moonlight,all,music,0TgaaBAEf84VqvdTshIdPw,Cold Is The Night,,0.5524953007698059,9,,dropout03,music|0TgaaBAEf84VqvdTshIdPw|A voice whispering under moonlight,a,1.0
T4_EN,poet,4,en,A voice whispering under moonlight,all,music,3mFzIFFFmEXTQs6BDAK2ZZ,Dance Me to the End of Love,,0.551016092300415,10,,dropout03,music|3mFzIFFFmEXTQs6BDAK2ZZ|A voice whispering under moonlight,x,0.0
A1_EN,atmosphere,1,en,A sunlit cafe,movie,movie,1267498,Gli amici del bar Margherita (2009),,0.6117220520973206,1,,dropout03,movie|1267498|A sunlit cafe,a,1.0
A1_EN,atmosphere,1,en,A sunlit cafe,movie,movie,2883512,Chef (2014),,0.571036696434021,2,,dropout03,movie|2883512|A sunlit cafe,a,1.0
A1_EN,atmosphere,1,en,A sunlit cafe,movie,movie,92603,Babette's Feast (1987),,0.5627878904342651,3,,dropout03,movie|92603|A sunlit cafe,a,1.0
A1_EN,atmosphere,1,en,A sunlit cafe,movie,movie,3711466,Kukhnya v Parizhe (2014),,0.5624977350234985,4,,dropout03,movie|3711466|A sunlit cafe,a,1.0
A1_EN,atmosphere,1,en,A sunlit cafe,movie,movie,1135503,Julie & Julia (2009),,0.5598338842391968,5,,dropout03,movie|1135503|A sunlit cafe,a,1.0
A1_EN,atmosphere,1,en,A sunlit cafe,movie,movie,115678,Big Night (1996),,0.558182954788208,6,,dropout03,movie|115678|A sunlit cafe,a,1.0
A1_EN,atmosphere,1,en,A sunlit cafe,movie,movie,246772,Mostly Martha (2001),,0.556842029094696,7,,dropout03,movie|246772|A sunlit cafe,a,1.0
A1_EN,atmosphere,1,en,A sunlit cafe,movie,movie,1259520,Bon appÌ©tit (2010),,0.5477044582366943,8,,dropout03,movie|1259520|A sunlit cafe,a,1.0
A1_EN,atmosphere,1,en,A sunlit cafe,movie,movie,1436572,CafÌ© (2011),,0.5393603444099426,9,,dropout03,movie|1436572|A sunlit cafe,a,1.0
A1_EN,atmosphere,1,en,A sunlit cafe,movie,movie,83833,Diner (1982),,0.5356937646865845,10,,dropout03,movie|83833|A sunlit cafe,a,1.0
A1_EN,atmosphere,1,en,A sunlit cafe,music,music,7aNsPkxjfpxr6LM2Mg5sQr,This Everyday Love,,0.5799620747566223,1,,dropout03,music|7aNsPkxjfpxr6LM2Mg5sQr|A sunlit cafe,a,1.0
A1_EN,atmosphere,1,en,A sunlit cafe,music,music,0jQqdVb8wy0cQB3hIZw9Lz,Sunday Morning Coming Down,,0.5758197903633118,2,,dropout03,music|0jQqdVb8wy0cQB3hIZw9Lz|A sunlit cafe,a,1.0
A1_EN,atmosphere,1,en,A sunlit cafe,music,music,0h77yfaXxrLMLz31uNDigN,What Baking Can Do,,0.5746357440948486,3,,dropout03,music|0h77yfaXxrLMLz31uNDigN|A sunlit cafe,x,0.0
A1_EN,atmosphere,1,en,A sunlit cafe,music,music,5Bw7Nf4mJAOQMtb2Ir9uJX,Everybody Eats When They Come To My House,,0.5685701370239258,4,,dropout03,music|5Bw7Nf4mJAOQMtb2Ir9uJX|A sunlit cafe,x,0.0
A1_EN,atmosphere,1,en,A sunlit cafe,music,music,3OIoLMnnWzAUORFQxRAhdF,You Matter to Me,,0.559612512588501,5,,dropout03,music|3OIoLMnnWzAUORFQxRAhdF|A sunlit cafe,x,0.0
A1_EN,atmosphere,1,en,A sunlit cafe,music,music,0Blojh3eznTkOiIJSDKb6W,Opening Up,,0.555336594581604,6,,dropout03,music|0Blojh3eznTkOiIJSDKb6W|A sunlit cafe,x,0.0
A1_EN,atmosphere,1,en,A sunlit cafe,music,music,1KdLP5FUQElS3s2OncQWnV,Going On A Picnic,,0.5497556924819946,7,,dropout03,music|1KdLP5FUQElS3s2OncQWnV|A sunlit cafe,a,1.0
A1_EN,atmosphere,1,en,A sunlit cafe,music,music,4YMvlMYV3hD8emKCprfb4N,Bubble Tea,,0.5385435819625854,8,,dropout03,music|4YMvlMYV3hD8emKCprfb4N|A sunlit cafe,x,0.0
A1_EN,atmosphere,1,en,A sunlit cafe,music,music,5FMu7ZbfPXmGeOU7FnGijE,Go Easy,,0.5376244783401489,9,,dropout03,music|5FMu7ZbfPXmGeOU7FnGijE|A sunlit cafe,a,1.0
A1_EN,atmosphere,1,en,A sunlit cafe,music,music,2oV3mzorzJTZa3gmp8vAJl,Stoned Soul Picnic,,0.5364037752151489,10,,dropout03,music|2oV3mzorzJTZa3gmp8vAJl|A sunlit cafe,x,0.0
A1_EN,atmosphere,1,en,A sunlit cafe,book,book,kdl_B0BR4ZRNGV,Diner: Day for Night [A Cookbook],,0.7150192260742188,1,,dropout03,book|kdl_B0BR4ZRNGV|A sunlit cafe,a,1.0
A1_EN,atmosphere,1,en,A sunlit cafe,book,book,gr_32283424-the-little-french-bistro,The Little French Bistro,,0.7050522565841675,2,,dropout03,book|gr_32283424-the-little-french-bistro|A sunlit cafe,a,1.0
A1_EN,atmosphere,1,en,A sunlit cafe,book,book,bx_0312046448,A Proper Breakfast,,0.6971322894096375,3,,dropout03,book|bx_0312046448|A sunlit cafe,x,0.0
A1_EN,atmosphere,1,en,A sunlit cafe,book,book,gr_12881550-a-it-lia-de-jamie,A Itália de Jamie,,0.6563470959663391,4,,dropout03,book|gr_12881550-a-it-lia-de-jamie|A sunlit cafe,a,1.0
A1_EN,atmosphere,1,en,A sunlit cafe,book,book,bx_0767904559,On Rue Tatin: Living and Cooking in a French Town,,0.6502687931060791,5,,dropout03,book|bx_0767904559|A sunlit cafe,a,1.0
A1_EN,atmosphere,1,en,A sunlit cafe,book,book,kdl_B00E78IF0S,"Weeknight Wonders: Delicious, Healthy Dinners in 30 Minutes or Less",,0.6494848132133484,6,,dropout03,book|kdl_B00E78IF0S|A sunlit cafe,x,0.0
A1_EN,atmosphere,1,en,A sunlit cafe,book,book,gr_71788.Jan_Karon_s_Mitford_Cookbook_and_Kitchen_Reader,"Jan Karon's Mitford Cookbook and Kitchen Reader: Recipes from Mitford Cooks, Favorite Tales from Mitford Books",,0.6423366665840149,7,,dropout03,book|gr_71788.Jan_Karon_s_Mitford_Cookbook_and_Kitchen_Reader|A sunlit cafe,a,1.0
A1_EN,atmosphere,1,en,A sunlit cafe,book,book,kdl_B00C1N934S,"Mastering the Art of French Eating: From Paris Bistros to Farmhouse Kitchens, Lessons in Food and Love",,0.6338045001029968,8,,dropout03,book|kdl_B00C1N934S|A sunlit cafe,a,1.0
A1_EN,atmosphere,1,en,A sunlit cafe,book,book,kdl_B000FC1HFK,Comfort Me with Apples: More Adventures at the Table,,0.6302063465118408,9,,dropout03,book|kdl_B000FC1HFK|A sunlit cafe,a,1.0
A1_EN,atmosphere,1,en,A sunlit cafe,book,book,kdl_B00N6PFDNK,"Fika: The Art of The Swedish Coffee Break, with Recipes for Pastries, Breads, and Other Treats [A Baking Book]",,0.6299083232879639,10,,dropout03,book|kdl_B00N6PFDNK|A sunlit cafe,a,1.0
A1_EN,atmosphere,1,en,A sunlit cafe,all,book,kdl_B0BR4ZRNGV,Diner: Day for Night [A Cookbook],,0.7150192260742188,1,,dropout03,book|kdl_B0BR4ZRNGV|A sunlit cafe,a,1.0
A1_EN,atmosphere,1,en,A sunlit cafe,all,book,gr_32283424-the-little-french-bistro,The Little French Bistro,,0.7050522565841675,2,,dropout03,book|gr_32283424-the-little-french-bistro|A sunlit cafe,a,1.0
A1_EN,atmosphere,1,en,A sunlit cafe,all,book,bx_0312046448,A Proper Breakfast,,0.6971322894096375,3,,dropout03,book|bx_0312046448|A sunlit cafe,x,0.0
A1_EN,atmosphere,1,en,A sunlit cafe,all,book,gr_12881550-a-it-lia-de-jamie,A Itália de Jamie,,0.6563470959663391,4,,dropout03,book|gr_12881550-a-it-lia-de-jamie|A sunlit cafe,a,1.0
A1_EN,atmosphere,1,en,A sunlit cafe,all,book,bx_0767904559,On Rue Tatin: Living and Cooking in a French Town,,0.6502687931060791,5,,dropout03,book|bx_0767904559|A sunlit cafe,a,1.0
A1_EN,atmosphere,1,en,A sunlit cafe,all,book,kdl_B00E78IF0S,"Weeknight Wonders: Delicious, Healthy Dinners in 30 Minutes or Less",,0.6494848132133484,6,,dropout03,book|kdl_B00E78IF0S|A sunlit cafe,x,0.0
A1_EN,atmosphere,1,en,A sunlit cafe,all,book,gr_71788.Jan_Karon_s_Mitford_Cookbook_and_Kitchen_Reader,"Jan Karon's Mitford Cookbook and Kitchen Reader: Recipes from Mitford Cooks, Favorite Tales from Mitford Books",,0.6423366665840149,7,,dropout03,book|gr_71788.Jan_Karon_s_Mitford_Cookbook_and_Kitchen_Reader|A sunlit cafe,a,1.0
A1_EN,atmosphere,1,en,A sunlit cafe,all,book,kdl_B00C1N934S,"Mastering the Art of French Eating: From Paris Bistros to Farmhouse Kitchens, Lessons in Food and Love",,0.6338045001029968,8,,dropout03,book|kdl_B00C1N934S|A sunlit cafe,a,1.0
A1_EN,atmosphere,1,en,A sunlit cafe,all,book,kdl_B000FC1HFK,Comfort Me with Apples: More Adventures at the Table,,0.6302063465118408,9,,dropout03,book|kdl_B000FC1HFK|A sunlit cafe,a,1.0
A1_EN,atmosphere,1,en,A sunlit cafe,all,book,kdl_B00N6PFDNK,"Fika: The Art of The Swedish Coffee Break, with Recipes for Pastries, Breads, and Other Treats [A Baking Book]",,0.6299083232879639,10,,dropout03,book|kdl_B00N6PFDNK|A sunlit cafe,a,1.0
A2_EN,atmosphere,2,en,A quiet afternoon with the sound of rain,movie,movie,3104818,"Like Sunday, Like Rain (2014)",,0.5742717981338501,1,,dropout03,movie|3104818|A quiet afternoon with the sound of rain,a,1.0
A2_EN,atmosphere,2,en,A quiet afternoon with the sound of rain,movie,movie,2016955,Nuit #1 (2011),,0.5626107454299927,2,,dropout03,movie|2016955|A quiet afternoon with the sound of rain,a,1.0
A2_EN,atmosphere,2,en,A quiet afternoon with the sound of rain,movie,movie,96283,My Neighbor Totoro (1988),,0.5591568350791931,3,,dropout03,movie|96283|A quiet afternoon with the sound of rain,a,1.0
A2_EN,atmosphere,2,en,A quiet afternoon with the sound of rain,movie,movie,1867566,Kitsutsuki to ame (2011),,0.521397054195404,4,,dropout03,movie|1867566|A quiet afternoon with the sound of rain,a,1.0
A2_EN,atmosphere,2,en,A quiet afternoon with the sound of rain,movie,movie,4851630,Maheshinte Prathikaaram (2016),,0.5114912986755371,5,,dropout03,movie|4851630|A quiet afternoon with the sound of rain,x,0.0
A2_EN,atmosphere,2,en,A quiet afternoon with the sound of rain,movie,movie,1065332,Parlez-moi de la pluie (2008),,0.5099794864654541,6,,dropout03,movie|1065332|A quiet afternoon with the sound of rain,a,1.0
A2_EN,atmosphere,2,en,A quiet afternoon with the sound of rain,movie,movie,1194615,Rain (2008),,0.5028712749481201,7,,dropout03,movie|1194615|A quiet afternoon with the sound of rain,o,2.0
A2_EN,atmosphere,2,en,A quiet afternoon with the sound of rain,movie,movie,1314291,Oto-na-ri (2009),,0.496929258108139,8,,dropout03,movie|1314291|A quiet afternoon with the sound of rain,a,1.0
A2_EN,atmosphere,2,en,A quiet afternoon with the sound of rain,movie,movie,2878406,Premachi Goshta (2013),,0.4912968277931213,9,,dropout03,movie|2878406|A quiet afternoon with the sound of rain,x,0.0
A2_EN,atmosphere,2,en,A quiet afternoon with the sound of rain,movie,movie,875130,Koi suru nichiyobi (2006),,0.4868188798427582,10,,dropout03,movie|875130|A quiet afternoon with the sound of rain,a,1.0
A2_EN,atmosphere,2,en,A quiet afternoon with the sound of rain,music,music,54uWRU1WbxnoduCVW2MTSa,"Quiet Rain(Loopable,No fade)",,0.7406155467033386,1,,dropout03,music|54uWRU1WbxnoduCVW2MTSa|A quiet afternoon with the sound of rain,o,2.0
A2_EN,atmosphere,2,en,A quiet afternoon with the sound of rain,music,music,0GJMLR5EzMRcHqSZkGQI7R,"Soothing Rain(Loopable,No fade)",,0.6965068578720093,2,,dropout03,music|0GJMLR5EzMRcHqSZkGQI7R|A quiet afternoon with the sound of rain,o,2.0
A2_EN,atmosphere,2,en,A quiet afternoon with the sound of rain,music,music,1eN0D2pAR1hou4iEuXQkYQ,Waiting for You,,0.6878277659416199,3,,dropout03,music|1eN0D2pAR1hou4iEuXQkYQ|A quiet afternoon with the sound of rain,a,1.0
A2_EN,atmosphere,2,en,A quiet afternoon with the sound of rain,music,music,6IZIEhCq9crPjl2jGUvELS,Save It For A Rainy Day,,0.6863909363746643,4,,dropout03,music|6IZIEhCq9crPjl2jGUvELS|A quiet afternoon with the sound of rain,a,1.0
A2_EN,atmosphere,2,en,A quiet afternoon with the sound of rain,music,music,5fx09bPIoEiVlEpn3sc2SY,Autumn Rain,,0.6829595565795898,5,,dropout03,music|5fx09bPIoEiVlEpn3sc2SY|A quiet afternoon with the sound of rain,o,2.0
A2_EN,atmosphere,2,en,A quiet afternoon with the sound of rain,music,music,7vtzeuFqBgnO2gj4d2exor,Pouring Rain - Loopable with No Fade,,0.6649473905563354,6,,dropout03,music|7vtzeuFqBgnO2gj4d2exor|A quiet afternoon with the sound of rain,o,2.0
A2_EN,atmosphere,2,en,A quiet afternoon with the sound of rain,music,music,3lQu0W0vYlspohW9LNliYC,Cozy Rain,,0.6555795073509216,7,,dropout03,music|3lQu0W0vYlspohW9LNliYC|A quiet afternoon with the sound of rain,o,2.0
A2_EN,atmosphere,2,en,A quiet afternoon with the sound of rain,music,music,44GD39aWKrygl7XS0vB38O,Rainsong - Fortune's Lullaby,,0.6554687023162842,8,,dropout03,music|44GD39aWKrygl7XS0vB38O|A quiet afternoon with the sound of rain,o,2.0
A2_EN,atmosphere,2,en,A quiet afternoon with the sound of rain,music,music,1ewDC0xdTNVmzszuZ93BiO,Rainy Alley,,0.6537723541259766,9,,dropout03,music|1ewDC0xdTNVmzszuZ93BiO|A quiet afternoon with the sound of rain,a,1.0
A2_EN,atmosphere,2,en,A quiet afternoon with the sound of rain,music,music,18aGDOpPblt4w29uE9NMbd,Under Shelter Rain,,0.6529800891876221,10,,dropout03,music|18aGDOpPblt4w29uE9NMbd|A quiet afternoon with the sound of rain,o,2.0
A2_EN,atmosphere,2,en,A quiet afternoon with the sound of rain,book,book,bx_0307116824,Just a Rainy Day (Golden Little Look-Look Book),,0.6101336479187012,1,,dropout03,book|bx_0307116824|A quiet afternoon with the sound of rain,a,1.0
A2_EN,atmosphere,2,en,A quiet afternoon with the sound of rain,book,book,bx_0590331256,"Come On, Rain!",,0.539935290813446,2,,dropout03,book|bx_0590331256|A quiet afternoon with the sound of rain,a,1.0
A2_EN,atmosphere,2,en,A quiet afternoon with the sound of rain,book,book,bx_0373030762,"Rainy Day Kisses (Harlequin Romance, No 3076)",,0.5344595313072205,3,,dropout03,book|bx_0373030762|A quiet afternoon with the sound of rain,a,1.0
A2_EN,atmosphere,2,en,A quiet afternoon with the sound of rain,book,book,kdl_B07191BBTF,Le parfum du bonheur est plus fort sous la pluie (Littérature Française) (French Edition),,0.5305944681167603,4,,dropout03,book|kdl_B07191BBTF|A quiet afternoon with the sound of rain,x,0.0
A2_EN,atmosphere,2,en,A quiet afternoon with the sound of rain,book,book,gr_23411600-simply-tuesday,Simply Tuesday: Small-Moment Living in a Fast-Moving World,,0.5275823473930359,5,,dropout03,book|gr_23411600-simply-tuesday|A quiet afternoon with the sound of rain,a,1.0
A2_EN,atmosphere,2,en,A quiet afternoon with the sound of rain,book,book,gr_22822881-rain,Rain: A Natural and Cultural History,,0.5205425024032593,6,,dropout03,book|gr_22822881-rain|A quiet afternoon with the sound of rain,a,1.0
A2_EN,atmosphere,2,en,A quiet afternoon with the sound of rain,book,book,bx_082340952X,Weather Words and What They Mean,,0.5185120105743408,7,,dropout03,book|bx_082340952X|A quiet afternoon with the sound of rain,a,1.0
A2_EN,atmosphere,2,en,A quiet afternoon with the sound of rain,book,book,gr_18308787-after-rain,After Rain,,0.5146875381469727,8,,dropout03,book|gr_18308787-after-rain|A quiet afternoon with the sound of rain,a,1.0
A2_EN,atmosphere,2,en,A quiet afternoon with the sound of rain,book,book,bx_0307121259,I Am a Bunny (Golden Sturdy Book),,0.513831615447998,9,,dropout03,book|bx_0307121259|A quiet afternoon with the sound of rain,x,0.0
A2_EN,atmosphere,2,en,A quiet afternoon with the sound of rain,book,book,gr_28446637-hujan,Hujan,,0.510169267654419,10,,dropout03,book|gr_28446637-hujan|A quiet afternoon with the sound of rain,o,2.0
A2_EN,atmosphere,2,en,A quiet afternoon with the sound of rain,all,music,54uWRU1WbxnoduCVW2MTSa,"Quiet Rain(Loopable,No fade)",,0.7406155467033386,1,,dropout03,music|54uWRU1WbxnoduCVW2MTSa|A quiet afternoon with the sound of rain,o,2.0
A2_EN,atmosphere,2,en,A quiet afternoon with the sound of rain,all,music,0GJMLR5EzMRcHqSZkGQI7R,"Soothing Rain(Loopable,No fade)",,0.6965068578720093,2,,dropout03,music|0GJMLR5EzMRcHqSZkGQI7R|A quiet afternoon with the sound of rain,o,2.0
A2_EN,atmosphere,2,en,A quiet afternoon with the sound of rain,all,music,1eN0D2pAR1hou4iEuXQkYQ,Waiting for You,,0.6878277659416199,3,,dropout03,music|1eN0D2pAR1hou4iEuXQkYQ|A quiet afternoon with the sound of rain,a,1.0
A2_EN,atmosphere,2,en,A quiet afternoon with the sound of rain,all,music,6IZIEhCq9crPjl2jGUvELS,Save It For A Rainy Day,,0.6863909363746643,4,,dropout03,music|6IZIEhCq9crPjl2jGUvELS|A quiet afternoon with the sound of rain,a,1.0
A2_EN,atmosphere,2,en,A quiet afternoon with the sound of rain,all,music,5fx09bPIoEiVlEpn3sc2SY,Autumn Rain,,0.6829595565795898,5,,dropout03,music|5fx09bPIoEiVlEpn3sc2SY|A quiet afternoon with the sound of rain,o,2.0
A2_EN,atmosphere,2,en,A quiet afternoon with the sound of rain,all,music,7vtzeuFqBgnO2gj4d2exor,Pouring Rain - Loopable with No Fade,,0.6649473905563354,6,,dropout03,music|7vtzeuFqBgnO2gj4d2exor|A quiet afternoon with the sound of rain,o,2.0
A2_EN,atmosphere,2,en,A quiet afternoon with the sound of rain,all,music,3lQu0W0vYlspohW9LNliYC,Cozy Rain,,0.6555795073509216,7,,dropout03,music|3lQu0W0vYlspohW9LNliYC|A quiet afternoon with the sound of rain,o,2.0
A2_EN,atmosphere,2,en,A quiet afternoon with the sound of rain,all,music,44GD39aWKrygl7XS0vB38O,Rainsong - Fortune's Lullaby,,0.6554687023162842,8,,dropout03,music|44GD39aWKrygl7XS0vB38O|A quiet afternoon with the sound of rain,o,2.0
A2_EN,atmosphere,2,en,A quiet afternoon with the sound of rain,all,music,1ewDC0xdTNVmzszuZ93BiO,Rainy Alley,,0.6537723541259766,9,,dropout03,music|1ewDC0xdTNVmzszuZ93BiO|A quiet afternoon with the sound of rain,a,1.0
A2_EN,atmosphere,2,en,A quiet afternoon with the sound of rain,all,music,18aGDOpPblt4w29uE9NMbd,Under Shelter Rain,,0.6529800891876221,10,,dropout03,music|18aGDOpPblt4w29uE9NMbd|A quiet afternoon with the sound of rain,o,2.0
A3_EN,atmosphere,3,en,In front of a warm fireplace in midwinter,movie,movie,23215,Mickey's Good Deed (1932),,0.6700917482376099,1,,dropout03,movie|23215|In front of a warm fireplace in midwinter,a,1.0
A3_EN,atmosphere,3,en,In front of a warm fireplace in midwinter,movie,movie,1322287,A Colbert Christmas: The Greatest Gift of All! (2008),,0.6283872127532959,2,,dropout03,movie|1322287|In front of a warm fireplace in midwinter,a,1.0
A3_EN,atmosphere,3,en,In front of a warm fireplace in midwinter,movie,movie,696462,Tom and Jerry,,0.6123791337013245,3,,dropout03,movie|696462|In front of a warm fireplace in midwinter,x,0.0
A3_EN,atmosphere,3,en,In front of a warm fireplace in midwinter,movie,movie,906599,Holiday Wishes (2006),,0.6094096899032593,4,,dropout03,movie|906599|In front of a warm fireplace in midwinter,a,1.0
A3_EN,atmosphere,3,en,In front of a warm fireplace in midwinter,movie,movie,999872,Thomas Kinkade's Christmas Cottage (2008),,0.6043050289154053,5,,dropout03,movie|999872|In front of a warm fireplace in midwinter,a,1.0
A3_EN,atmosphere,3,en,In front of a warm fireplace in midwinter,movie,movie,2331880,The Fitzgerald Family Christmas (2012),,0.5992302894592285,6,,dropout03,movie|2331880|In front of a warm fireplace in midwinter,o,2.0
A3_EN,atmosphere,3,en,In front of a warm fireplace in midwinter,movie,movie,5210078,On the Twelfth Day of Christmas (2015),,0.5989043712615967,7,,dropout03,movie|5210078|In front of a warm fireplace in midwinter,a,1.0
A3_EN,atmosphere,3,en,In front of a warm fireplace in midwinter,movie,movie,4537842,A Very Murray Christmas (2015),,0.5959072113037109,8,,dropout03,movie|4537842|In front of a warm fireplace in midwinter,a,1.0
A3_EN,atmosphere,3,en,In front of a warm fireplace in midwinter,movie,movie,2994382,Window Wonderland (2013),,0.595281183719635,9,,dropout03,movie|2994382|In front of a warm fireplace in midwinter,a,1.0
A3_EN,atmosphere,3,en,In front of a warm fireplace in midwinter,movie,movie,112667,The Christmas Box (1995),,0.5931581258773804,10,,dropout03,movie|112667|In front of a warm fireplace in midwinter,a,1.0
A3_EN,atmosphere,3,en,In front of a warm fireplace in midwinter,music,music,07RmHXaYqBdUyfAESPZkRO,Sleigh Ride,,0.6861554980278015,1,,dropout03,music|07RmHXaYqBdUyfAESPZkRO|In front of a warm fireplace in midwinter,a,1.0
A3_EN,atmosphere,3,en,In front of a warm fireplace in midwinter,music,music,4PS1e8f2LvuTFgUs1Cn3ON,The Christmas Song (Merry Christmas To You),,0.6840706467628479,2,,dropout03,music|4PS1e8f2LvuTFgUs1Cn3ON|In front of a warm fireplace in midwinter,a,1.0
A3_EN,atmosphere,3,en,In front of a warm fireplace in midwinter,music,music,4MrfQL4TYQXJBlZYpAHTuE,"Baby, It's Cold Outside",,0.6812734603881836,3,,dropout03,music|4MrfQL4TYQXJBlZYpAHTuE|In front of a warm fireplace in midwinter,a,1.0
A3_EN,atmosphere,3,en,In front of a warm fireplace in midwinter,music,music,2uFaJJtFpPDc5Pa95XzTvg,Let It Snow! Let It Snow! Let It Snow!,,0.6723315715789795,4,,dropout03,music|2uFaJJtFpPDc5Pa95XzTvg|In front of a warm fireplace in midwinter,o,2.0
A3_EN,atmosphere,3,en,In front of a warm fireplace in midwinter,music,music,4syRWjlQqS2FokBP34KSzz,The Gift (feat. Collin Raye & Susan Ashton),,0.6409361958503723,5,,dropout03,music|4syRWjlQqS2FokBP34KSzz|In front of a warm fireplace in midwinter,a,1.0
A3_EN,atmosphere,3,en,In front of a warm fireplace in midwinter,music,music,38xhBO2AKrJnjdjVnhJES6,This Christmas,,0.6358479857444763,6,,dropout03,music|38xhBO2AKrJnjdjVnhJES6|In front of a warm fireplace in midwinter,a,1.0
A3_EN,atmosphere,3,en,In front of a warm fireplace in midwinter,music,music,4so0Wek9Ig1p6CRCHuINwW,White Christmas,,0.6191768646240234,7,,dropout03,music|4so0Wek9Ig1p6CRCHuINwW|In front of a warm fireplace in midwinter,a,1.0
A3_EN,atmosphere,3,en,In front of a warm fireplace in midwinter,music,music,53cumdNGYE6NFmGL0zHvx7,Mistletoe And Holly,,0.6091169118881226,8,,dropout03,music|53cumdNGYE6NFmGL0zHvx7|In front of a warm fireplace in midwinter,a,1.0
A3_EN,atmosphere,3,en,In front of a warm fireplace in midwinter,music,music,4uQqahi1iUP35xE2qGdKdo,"Baby, It's Cold Outside - Remastered",,0.6071645021438599,9,,dropout03,music|4uQqahi1iUP35xE2qGdKdo|In front of a warm fireplace in midwinter,a,1.0
A3_EN,atmosphere,3,en,In front of a warm fireplace in midwinter,music,music,2XJIsmUaLybSTzTwCAh6Yk,"Stay Or Leave - Live at Wrigley Field, Chicago, IL - September 2010",,0.601168155670166,10,,dropout03,music|2XJIsmUaLybSTzTwCAh6Yk|In front of a warm fireplace in midwinter,a,1.0
A3_EN,atmosphere,3,en,In front of a warm fireplace in midwinter,book,book,gr_3268926-the-christmas-sweater,The Christmas Sweater,,0.687328577041626,1,,dropout03,book|gr_3268926-the-christmas-sweater|In front of a warm fireplace in midwinter,a,1.0
A3_EN,atmosphere,3,en,In front of a warm fireplace in midwinter,book,book,bx_0684187418,A SEASON OF GOODWILL,,0.6736956834793091,2,,dropout03,book|bx_0684187418|In front of a warm fireplace in midwinter,a,1.0
A3_EN,atmosphere,3,en,In front of a warm fireplace in midwinter,book,book,kdl_B08VFC3PPR,An Unexpected Amish Christmas (Surprised by Love Book 3),,0.6671203970909119,3,,dropout03,book|kdl_B08VFC3PPR|In front of a warm fireplace in midwinter,a,1.0
A3_EN,atmosphere,3,en,In front of a warm fireplace in midwinter,book,book,gr_13153963-a-wreath-of-snow,A Wreath of Snow,,0.666480302810669,4,,dropout03,book|gr_13153963-a-wreath-of-snow|In front of a warm fireplace in midwinter,a,1.0
A3_EN,atmosphere,3,en,In front of a warm fireplace in midwinter,book,book,bx_0373483317,"Jingle Bells, Wedding Bells",,0.6581517457962036,5,,dropout03,book|bx_0373483317|In front of a warm fireplace in midwinter,x,0.0
A3_EN,atmosphere,3,en,In front of a warm fireplace in midwinter,book,book,bx_0743457951,No Place Like Home (Holiday Classics),,0.656995415687561,6,,dropout03,book|bx_0743457951|In front of a warm fireplace in midwinter,x,0.0
A3_EN,atmosphere,3,en,In front of a warm fireplace in midwinter,book,book,gr_13552219-a-cold-winter,A Cold Winter,,0.6525244116783142,7,,dropout03,book|gr_13552219-a-cold-winter|In front of a warm fireplace in midwinter,x,0.0
A3_EN,atmosphere,3,en,In front of a warm fireplace in midwinter,book,book,bx_1562926160,"The Quiet Little Woman: Tilly's Christmas, Rosa's Tale : Three Enchanting Christmas Stories",,0.6495975255966187,8,,dropout03,book|bx_1562926160|In front of a warm fireplace in midwinter,a,1.0
A3_EN,atmosphere,3,en,In front of a warm fireplace in midwinter,book,book,bx_0440223571,This Year It Will Be Different: And Other Stories,,0.6484651565551758,9,,dropout03,book|bx_0440223571|In front of a warm fireplace in midwinter,a,1.0
A3_EN,atmosphere,3,en,In front of a warm fireplace in midwinter,book,book,bx_0373037309,The Fortunes of Francesca  (Christmas Theme),,0.6470285654067993,10,,dropout03,book|bx_0373037309|In front of a warm fireplace in midwinter,a,1.0
A3_EN,atmosphere,3,en,In front of a warm fireplace in midwinter,all,book,gr_3268926-the-christmas-sweater,The Christmas Sweater,,0.687328577041626,1,,dropout03,book|gr_3268926-the-christmas-sweater|In front of a warm fireplace in midwinter,a,1.0
A3_EN,atmosphere,3,en,In front of a warm fireplace in midwinter,all,music,07RmHXaYqBdUyfAESPZkRO,Sleigh Ride,,0.6861554980278015,2,,dropout03,music|07RmHXaYqBdUyfAESPZkRO|In front of a warm fireplace in midwinter,a,1.0
A3_EN,atmosphere,3,en,In front of a warm fireplace in midwinter,all,music,4PS1e8f2LvuTFgUs1Cn3ON,The Christmas Song (Merry Christmas To You),,0.6840706467628479,3,,dropout03,music|4PS1e8f2LvuTFgUs1Cn3ON|In front of a warm fireplace in midwinter,a,1.0
A3_EN,atmosphere,3,en,In front of a warm fireplace in midwinter,all,music,4MrfQL4TYQXJBlZYpAHTuE,"Baby, It's Cold Outside",,0.6812734603881836,4,,dropout03,music|4MrfQL4TYQXJBlZYpAHTuE|In front of a warm fireplace in midwinter,a,1.0
A3_EN,atmosphere,3,en,In front of a warm fireplace in midwinter,all,book,bx_0684187418,A SEASON OF GOODWILL,,0.6736956834793091,5,,dropout03,book|bx_0684187418|In front of a warm fireplace in midwinter,a,1.0
A3_EN,atmosphere,3,en,In front of a warm fireplace in midwinter,all,music,2uFaJJtFpPDc5Pa95XzTvg,Let It Snow! Let It Snow! Let It Snow!,,0.6723315715789795,6,,dropout03,music|2uFaJJtFpPDc5Pa95XzTvg|In front of a warm fireplace in midwinter,o,2.0
A3_EN,atmosphere,3,en,In front of a warm fireplace in midwinter,all,movie,23215,Mickey's Good Deed (1932),,0.6700917482376099,7,,dropout03,movie|23215|In front of a warm fireplace in midwinter,a,1.0
A3_EN,atmosphere,3,en,In front of a warm fireplace in midwinter,all,book,kdl_B08VFC3PPR,An Unexpected Amish Christmas (Surprised by Love Book 3),,0.6671203970909119,8,,dropout03,book|kdl_B08VFC3PPR|In front of a warm fireplace in midwinter,a,1.0
A3_EN,atmosphere,3,en,In front of a warm fireplace in midwinter,all,book,gr_13153963-a-wreath-of-snow,A Wreath of Snow,,0.666480302810669,9,,dropout03,book|gr_13153963-a-wreath-of-snow|In front of a warm fireplace in midwinter,a,1.0
A3_EN,atmosphere,3,en,In front of a warm fireplace in midwinter,all,book,bx_0373483317,"Jingle Bells, Wedding Bells",,0.6581517457962036,10,,dropout03,book|bx_0373483317|In front of a warm fireplace in midwinter,x,0.0
A4_EN,atmosphere,4,en,Empty city streets at dawn,movie,movie,1922561,The Day He Arrives (2011),,0.5875300168991089,1,,dropout03,movie|1922561|Empty city streets at dawn,a,1.0
A4_EN,atmosphere,4,en,Empty city streets at dawn,movie,movie,3096440,Im Schmerz geboren,,0.5728340148925781,2,,dropout03,movie|3096440|Empty city streets at dawn,a,1.0
A4_EN,atmosphere,4,en,Empty city streets at dawn,movie,movie,1921179,Zero (2012),,0.571436882019043,3,,dropout03,movie|1921179|Empty city streets at dawn,a,1.0
A4_EN,atmosphere,4,en,Empty city streets at dawn,movie,movie,1542486,Treacle Jr. (2010),,0.5710418224334717,4,,dropout03,movie|1542486|Empty city streets at dawn,x,0.0
A4_EN,atmosphere,4,en,Empty city streets at dawn,movie,movie,464105,Man Push Cart (2005),,0.5600252747535706,5,,dropout03,movie|464105|Empty city streets at dawn,a,1.0
A4_EN,atmosphere,4,en,Empty city streets at dawn,movie,movie,1543701,Quchis dgeebi (2010),,0.5519307851791382,6,,dropout03,movie|1543701|Empty city streets at dawn,x,0.0
A4_EN,atmosphere,4,en,Empty city streets at dawn,movie,movie,84354,Moonlighting (1982),,0.5518025159835815,7,,dropout03,movie|84354|Empty city streets at dawn,x,0.0
A4_EN,atmosphere,4,en,Empty city streets at dawn,movie,movie,3505712,Time Out of Mind (2014),,0.5436660051345825,8,,dropout03,movie|3505712|Empty city streets at dawn,a,1.0
A4_EN,atmosphere,4,en,Empty city streets at dawn,movie,movie,2395417,Still Life (2013),,0.5430142879486084,9,,dropout03,movie|2395417|Empty city streets at dawn,a,1.0
A4_EN,atmosphere,4,en,Empty city streets at dawn,movie,movie,2075247,Man Walking Around the Corner (1887),,0.5385383367538452,10,,dropout03,movie|2075247|Empty city streets at dawn,a,1.0
A4_EN,atmosphere,4,en,Empty city streets at dawn,music,music,0R8BZU49NtJrUn5K3Q8eyM,"In The City - Live On MTV, 1994",,0.5769340991973877,1,,dropout03,music|0R8BZU49NtJrUn5K3Q8eyM|Empty city streets at dawn,a,1.0
A4_EN,atmosphere,4,en,Empty city streets at dawn,music,music,7ppPZa3TRUSGKaks9wH7VT,Don't Look Back In Anger,,0.5740343332290649,2,,dropout03,music|7ppPZa3TRUSGKaks9wH7VT|Empty city streets at dawn,x,0.0
A4_EN,atmosphere,4,en,Empty city streets at dawn,music,music,0hKRSZhUGEhKU6aNSPBACZ,A Day In The Life - Remastered 2009,,0.5679023265838623,3,,dropout03,music|0hKRSZhUGEhKU6aNSPBACZ|Empty city streets at dawn,a,1.0
A4_EN,atmosphere,4,en,Empty city streets at dawn,music,music,1xZv5HMOdnP1V4pfDFHdA1,Village Ghetto Land,,0.5648603439331055,4,,dropout03,music|1xZv5HMOdnP1V4pfDFHdA1|Empty city streets at dawn,x,0.0
A4_EN,atmosphere,4,en,Empty city streets at dawn,music,music,7hIdRDgUBPbqiQ7duhCyux,Carmelita,,0.5613634586334229,5,,dropout03,music|7hIdRDgUBPbqiQ7duhCyux|Empty city streets at dawn,a,1.0
A4_EN,atmosphere,4,en,Empty city streets at dawn,music,music,5MLOLDUEBT78eyG3WLQymh,Dirty Old Town,,0.5604128837585449,6,,dropout03,music|5MLOLDUEBT78eyG3WLQymh|Empty city streets at dawn,a,1.0
A4_EN,atmosphere,4,en,Empty city streets at dawn,music,music,2LXPIpt45CJ2dorhMNCE0F,Eight Miles High,,0.5600635409355164,7,,dropout03,music|2LXPIpt45CJ2dorhMNCE0F|Empty city streets at dawn,a,1.0
A4_EN,atmosphere,4,en,Empty city streets at dawn,music,music,2TlXPShOrPn4K51fP0Fykd,Where The Streets Have No Name,,0.5567587614059448,8,,dropout03,music|2TlXPShOrPn4K51fP0Fykd|Empty city streets at dawn,a,1.0
A4_EN,atmosphere,4,en,Empty city streets at dawn,music,music,5RySo0AAUR0reTHSCvb6HC,Small Things,,0.551979660987854,9,,dropout03,music|5RySo0AAUR0reTHSCvb6HC|Empty city streets at dawn,a,1.0
A4_EN,atmosphere,4,en,Empty city streets at dawn,music,music,5y788ya4NvwhBznoDIcXwK,The Sound of Silence - Acoustic Version,,0.5466722249984741,10,,dropout03,music|5y788ya4NvwhBznoDIcXwK|Empty city streets at dawn,a,1.0
A4_EN,atmosphere,4,en,Empty city streets at dawn,book,book,gr_89208.How_Late_It_Was_How_Late,"How Late It Was, How Late",,0.5751138925552368,1,,dropout03,book|gr_89208.How_Late_It_Was_How_Late|Empty city streets at dawn,x,0.0
A4_EN,atmosphere,4,en,Empty city streets at dawn,book,book,bx_014004311X,Seize the Day,,0.573885977268219,2,,dropout03,book|bx_014004311X|Empty city streets at dawn,x,0.0
A4_EN,atmosphere,4,en,Empty city streets at dawn,book,book,gr_40409718-post-office,Post Office,,0.5593399405479431,3,,dropout03,book|gr_40409718-post-office|Empty city streets at dawn,a,1.0
A4_EN,atmosphere,4,en,Empty city streets at dawn,book,book,bx_0811208478,Journey to the End of the Night,,0.5537227988243103,4,,dropout03,book|bx_0811208478|Empty city streets at dawn,x,0.0
A4_EN,atmosphere,4,en,Empty city streets at dawn,book,book,gr_7429046-min-kamp-2,Min kamp 2,,0.549919843673706,5,,dropout03,book|gr_7429046-min-kamp-2|Empty city streets at dawn,x,0.0
A4_EN,atmosphere,4,en,Empty city streets at dawn,book,book,gr_358547.Deserter_from_Death,Deserter from Death: Dispatches from Western Europe 1950-2000,,0.5349304676055908,6,,dropout03,book|gr_358547.Deserter_from_Death|Empty city streets at dawn,x,0.0
A4_EN,atmosphere,4,en,Empty city streets at dawn,book,book,gr_393199.Down_and_Out_in_Paris_and_London,Down and Out in Paris and London,,0.5304223299026489,7,,dropout03,book|gr_393199.Down_and_Out_in_Paris_and_London|Empty city streets at dawn,a,1.0
A4_EN,atmosphere,4,en,Empty city streets at dawn,book,book,gr_2895061-miles-from-nowhere,Miles from Nowhere,,0.5277876853942871,8,,dropout03,book|gr_2895061-miles-from-nowhere|Empty city streets at dawn,x,0.0
A4_EN,atmosphere,4,en,Empty city streets at dawn,book,book,gr_20927207-after-midnight,After Midnight,,0.5273110270500183,9,,dropout03,book|gr_20927207-after-midnight|Empty city streets at dawn,x,0.0
A4_EN,atmosphere,4,en,Empty city streets at dawn,book,book,gr_1504572.A_Man_with_No_Talents,A Man with No Talents: Memoirs of a Tokyo Day Laborer,,0.5244100093841553,10,,dropout03,book|gr_1504572.A_Man_with_No_Talents|Empty city streets at dawn,a,1.0
A4_EN,atmosphere,4,en,Empty city streets at dawn,all,movie,1922561,The Day He Arrives (2011),,0.5875300168991089,1,,dropout03,movie|1922561|Empty city streets at dawn,a,1.0
A4_EN,atmosphere,4,en,Empty city streets at dawn,all,music,0R8BZU49NtJrUn5K3Q8eyM,"In The City - Live On MTV, 1994",,0.5769340991973877,2,,dropout03,music|0R8BZU49NtJrUn5K3Q8eyM|Empty city streets at dawn,a,1.0
A4_EN,atmosphere,4,en,Empty city streets at dawn,all,book,gr_89208.How_Late_It_Was_How_Late,"How Late It Was, How Late",,0.5751138925552368,3,,dropout03,book|gr_89208.How_Late_It_Was_How_Late|Empty city streets at dawn,x,0.0
A4_EN,atmosphere,4,en,Empty city streets at dawn,all,music,7ppPZa3TRUSGKaks9wH7VT,Don't Look Back In Anger,,0.5740343332290649,4,,dropout03,music|7ppPZa3TRUSGKaks9wH7VT|Empty city streets at dawn,x,0.0
A4_EN,atmosphere,4,en,Empty city streets at dawn,all,book,bx_014004311X,Seize the Day,,0.573885977268219,5,,dropout03,book|bx_014004311X|Empty city streets at dawn,x,0.0
A4_EN,atmosphere,4,en,Empty city streets at dawn,all,movie,3096440,Im Schmerz geboren,,0.5728340148925781,6,,dropout03,movie|3096440|Empty city streets at dawn,a,1.0
A4_EN,atmosphere,4,en,Empty city streets at dawn,all,movie,1921179,Zero (2012),,0.571436882019043,7,,dropout03,movie|1921179|Empty city streets at dawn,a,1.0
A4_EN,atmosphere,4,en,Empty city streets at dawn,all,movie,1542486,Treacle Jr. (2010),,0.5710418224334717,8,,dropout03,movie|1542486|Empty city streets at dawn,x,0.0
A4_EN,atmosphere,4,en,Empty city streets at dawn,all,music,0hKRSZhUGEhKU6aNSPBACZ,A Day In The Life - Remastered 2009,,0.5679023265838623,9,,dropout03,music|0hKRSZhUGEhKU6aNSPBACZ|Empty city streets at dawn,a,1.0
A4_EN,atmosphere,4,en,Empty city streets at dawn,all,music,1xZv5HMOdnP1V4pfDFHdA1,Village Ghetto Land,,0.5648603439331055,10,,dropout03,music|1xZv5HMOdnP1V4pfDFHdA1|Empty city streets at dawn,x,0.0
D1_EN,direct,1,en,Action movie set in space,movie,movie,30138,Flash Gordon's Trip to Mars (1938),,0.708457350730896,1,,dropout03,movie|30138|Action movie set in space,o,2.0
D1_EN,direct,1,en,Action movie set in space,movie,movie,77278,Buck Rogers in the 25th Century (1979),,0.6915051341056824,2,,dropout03,movie|77278|Action movie set in space,o,2.0
D1_EN,direct,1,en,Action movie set in space,movie,movie,1278180,Kenny Begins (2009),,0.6909457445144653,3,,dropout03,movie|1278180|Action movie set in space,a,1.0
D1_EN,direct,1,en,Action movie set in space,movie,movie,3892384,Space Cop (2016),,0.6756547689437866,4,,dropout03,movie|3892384|Action movie set in space,o,2.0
D1_EN,direct,1,en,Action movie set in space,movie,movie,79946,Starcrash (1978),,0.6753806471824646,5,,dropout03,movie|79946|Action movie set in space,o,2.0
D1_EN,direct,1,en,Action movie set in space,movie,movie,2865120,Ratchet & Clank (2016),,0.6665480732917786,6,,dropout03,movie|2865120|Action movie set in space,o,2.0
D1_EN,direct,1,en,Action movie set in space,movie,movie,1020990,Robot Chicken: Star Wars (2007),,0.6651468873023987,7,,dropout03,movie|1020990|Action movie set in space,a,1.0
D1_EN,direct,1,en,Action movie set in space,movie,movie,4475970,Power Rangers (2015),,0.652741551399231,8,,dropout03,movie|4475970|Action movie set in space,x,0.0
D1_EN,direct,1,en,Action movie set in space,movie,movie,384116,G.O.R.A. (2004),,0.6523047089576721,9,,dropout03,movie|384116|Action movie set in space,a,1.0
D1_EN,direct,1,en,Action movie set in space,movie,movie,3864024,Lazer Team (2015),,0.6478745937347412,10,,dropout03,movie|3864024|Action movie set in space,a,1.0
D1_EN,direct,1,en,Action movie set in space,music,music,5m9czFpeSzeSaw2kA6o9dW,It's Dangerous to Go Alone,,0.5346835851669312,1,,dropout03,music|5m9czFpeSzeSaw2kA6o9dW|Action movie set in space,x,0.0
D1_EN,direct,1,en,Action movie set in space,music,music,21ScRnJyZCD7sioWBAzGML,The Eve of the War (feat. Richard Burton & Justin Hayward),,0.5143105983734131,2,,dropout03,music|21ScRnJyZCD7sioWBAzGML|Action movie set in space,a,1.0
D1_EN,direct,1,en,Action movie set in space,music,music,3cfOd4CMv2snFaKAnMdnvK,All Star,,0.5117993354797363,3,,dropout03,music|3cfOd4CMv2snFaKAnMdnvK|Action movie set in space,a,1.0
D1_EN,direct,1,en,Action movie set in space,music,music,1UPyhGntpIx9jGJ5UVtKVS,Call Me A Spaceman - Radio Edit,,0.510572075843811,4,,dropout03,music|1UPyhGntpIx9jGJ5UVtKVS|Action movie set in space,o,2.0
D1_EN,direct,1,en,Action movie set in space,music,music,5X2I1TVUkchLBggRTCMYem,Slayerr,,0.5104978084564209,5,,dropout03,music|5X2I1TVUkchLBggRTCMYem|Action movie set in space,x,0.0
D1_EN,direct,1,en,Action movie set in space,music,music,2QyGSbGdT9suKuDKwnjwH9,The Touch,,0.5078399181365967,6,,dropout03,music|2QyGSbGdT9suKuDKwnjwH9|Action movie set in space,a,1.0
D1_EN,direct,1,en,Action movie set in space,music,music,1Ca2ELRlvACAeI7xz9c9jR,Spaceman,,0.4975407719612121,7,,dropout03,music|1Ca2ELRlvACAeI7xz9c9jR|Action movie set in space,a,1.0
D1_EN,direct,1,en,Action movie set in space,music,music,0NGVyXhUkqE3MRN6TmSzuG,Enterprising Young Men,,0.4903971552848816,8,,dropout03,music|0NGVyXhUkqE3MRN6TmSzuG|Action movie set in space,x,0.0
D1_EN,direct,1,en,Action movie set in space,music,music,1S0DrC9rdjTIo6PjtVWDP1,Best Friend,,0.4870449006557464,9,,dropout03,music|1S0DrC9rdjTIo6PjtVWDP1|Action movie set in space,x,0.0
D1_EN,direct,1,en,Action movie set in space,music,music,0hXpC8CI25VOT8qNV1nr8l,Look To Your Orb For The Warning,,0.4865270853042602,10,,dropout03,music|0hXpC8CI25VOT8qNV1nr8l|Action movie set in space,a,1.0
D1_EN,direct,1,en,Action movie set in space,book,book,gr_29479026-buck-rogers,Buck Rogers: 25th Century A.D. FCBD 2013,,0.6465169787406921,1,,dropout03,book|gr_29479026-buck-rogers|Action movie set in space,a,1.0
D1_EN,direct,1,en,Action movie set in space,book,book,bx_0575050047,"Bill, the Galactic Hero on the Planet of Bottled Brains",,0.6429545879364014,2,,dropout03,book|bx_0575050047|Action movie set in space,a,1.0
D1_EN,direct,1,en,Action movie set in space,book,book,bx_0743423763,Bill the Galactic Hero,,0.6325192451477051,3,,dropout03,book|bx_0743423763|Action movie set in space,x,0.0
D1_EN,direct,1,en,Action movie set in space,book,book,bx_0743507037,Spock Vs Q : The Sequel (Alien Voices),,0.6304255127906799,4,,dropout03,book|bx_0743507037|Action movie set in space,x,0.0
D1_EN,direct,1,en,Action movie set in space,book,book,bx_0345379802,Star Wars: The Han Solo Adventures/3 Books in One,,0.6279611587524414,5,,dropout03,book|bx_0345379802|Action movie set in space,a,1.0
D1_EN,direct,1,en,Action movie set in space,book,book,kdl_1953713726,Epic Zero 12: Tales of a Cosmic Catastrophe,,0.6227360963821411,6,,dropout03,book|kdl_1953713726|Action movie set in space,a,1.0
D1_EN,direct,1,en,Action movie set in space,book,book,gr_14537978-buck-rogers-in-the-25th-century,"Buck Rogers in the 25th Century: The Complete Newspaper Dailies, Vol. 7: 1938-1940",,0.6191190481185913,7,,dropout03,book|gr_14537978-buck-rogers-in-the-25th-century|Action movie set in space,a,1.0
D1_EN,direct,1,en,Action movie set in space,book,book,bx_0060011785,Men in Black II: The Movie Novel,,0.6189139485359192,8,,dropout03,book|bx_0060011785|Action movie set in space,a,1.0
D1_EN,direct,1,en,Action movie set in space,book,book,bx_0553233491,Space Patrol,,0.6179226040840149,9,,dropout03,book|bx_0553233491|Action movie set in space,o,2.0
D1_EN,direct,1,en,Action movie set in space,book,book,bx_0441783430,Star Surgeon,,0.6172196269035339,10,,dropout03,book|bx_0441783430|Action movie set in space,a,1.0
D1_EN,direct,1,en,Action movie set in space,all,movie,30138,Flash Gordon's Trip to Mars (1938),,0.708457350730896,1,,dropout03,movie|30138|Action movie set in space,o,2.0
D1_EN,direct,1,en,Action movie set in space,all,movie,77278,Buck Rogers in the 25th Century (1979),,0.6915051341056824,2,,dropout03,movie|77278|Action movie set in space,o,2.0
D1_EN,direct,1,en,Action movie set in space,all,movie,1278180,Kenny Begins (2009),,0.6909457445144653,3,,dropout03,movie|1278180|Action movie set in space,a,1.0
D1_EN,direct,1,en,Action movie set in space,all,movie,3892384,Space Cop (2016),,0.6756547689437866,4,,dropout03,movie|3892384|Action movie set in space,o,2.0
D1_EN,direct,1,en,Action movie set in space,all,movie,79946,Starcrash (1978),,0.6753806471824646,5,,dropout03,movie|79946|Action movie set in space,o,2.0
D1_EN,direct,1,en,Action movie set in space,all,movie,2865120,Ratchet & Clank (2016),,0.6665480732917786,6,,dropout03,movie|2865120|Action movie set in space,o,2.0
D1_EN,direct,1,en,Action movie set in space,all,movie,1020990,Robot Chicken: Star Wars (2007),,0.6651468873023987,7,,dropout03,movie|1020990|Action movie set in space,a,1.0
D1_EN,direct,1,en,Action movie set in space,all,movie,4475970,Power Rangers (2015),,0.652741551399231,8,,dropout03,movie|4475970|Action movie set in space,x,0.0
D1_EN,direct,1,en,Action movie set in space,all,movie,384116,G.O.R.A. (2004),,0.6523047089576721,9,,dropout03,movie|384116|Action movie set in space,a,1.0
D1_EN,direct,1,en,Action movie set in space,all,movie,3864024,Lazer Team (2015),,0.6478745937347412,10,,dropout03,movie|3864024|Action movie set in space,a,1.0
D2_EN,direct,2,en,Soulful music featuring jazz piano,movie,movie,221300,Jazz,,0.582370400428772,1,,dropout03,movie|221300|Soulful music featuring jazz piano,a,1.0
D2_EN,direct,2,en,Soulful music featuring jazz piano,movie,movie,455638,Moonlight Serenade (2009),,0.4954293966293335,2,,dropout03,movie|455638|Soulful music featuring jazz piano,o,2.0
D2_EN,direct,2,en,Soulful music featuring jazz piano,movie,movie,60660,A Man Called Adam (1966),,0.4783263504505157,3,,dropout03,movie|60660|Soulful music featuring jazz piano,a,1.0
D2_EN,direct,2,en,Soulful music featuring jazz piano,movie,movie,88740,Artie Shaw: Time Is All You've Got (1985),,0.476622462272644,4,,dropout03,movie|88740|Soulful music featuring jazz piano,a,1.0
D2_EN,direct,2,en,Soulful music featuring jazz piano,movie,movie,100168,Mo' Better Blues (1990),,0.4702021181583404,5,,dropout03,movie|100168|Soulful music featuring jazz piano,a,1.0
D2_EN,direct,2,en,Soulful music featuring jazz piano,movie,movie,52234,St. Louis Blues (1958),,0.4693043231964111,6,,dropout03,movie|52234|Soulful music featuring jazz piano,a,1.0
D2_EN,direct,2,en,Soulful music featuring jazz piano,movie,movie,90557,'Round Midnight (1986),,0.4665801525115967,7,,dropout03,movie|90557|Soulful music featuring jazz piano,o,2.0
D2_EN,direct,2,en,Soulful music featuring jazz piano,movie,movie,2133196,Born to Be Blue (2015),,0.4650456309318542,8,,dropout03,movie|2133196|Soulful music featuring jazz piano,o,2.0
D2_EN,direct,2,en,Soulful music featuring jazz piano,movie,movie,2259306,B.B. King: The Life of Riley (2012),,0.4593919217586517,9,,dropout03,movie|2259306|Soulful music featuring jazz piano,a,1.0
D2_EN,direct,2,en,Soulful music featuring jazz piano,movie,movie,260775,Calle 54 (2000),,0.4527212977409363,10,,dropout03,movie|260775|Soulful music featuring jazz piano,o,2.0
D2_EN,direct,2,en,Soulful music featuring jazz piano,music,music,5tuPqvXQw7SJwuX78R9pB2,Who's That Lady,,0.6733579635620117,1,,dropout03,music|5tuPqvXQw7SJwuX78R9pB2|Soulful music featuring jazz piano,a,1.0
D2_EN,direct,2,en,Soulful music featuring jazz piano,music,music,0YJAz1QqMNrPhJ2vhHupcZ,Begin the Beguine,,0.6570088863372803,2,,dropout03,music|0YJAz1QqMNrPhJ2vhHupcZ|Soulful music featuring jazz piano,a,1.0
D2_EN,direct,2,en,Soulful music featuring jazz piano,music,music,5bUNvFQYiAqJWZ4cQ9MlSZ,St. Thomas,,0.6566435098648071,3,,dropout03,music|5bUNvFQYiAqJWZ4cQ9MlSZ|Soulful music featuring jazz piano,a,1.0
D2_EN,direct,2,en,Soulful music featuring jazz piano,music,music,4LbJFM4QRgvKoYU7nzj3Dx,Blue bossa,,0.6503579616546631,4,,dropout03,music|4LbJFM4QRgvKoYU7nzj3Dx|Soulful music featuring jazz piano,a,1.0
D2_EN,direct,2,en,Soulful music featuring jazz piano,music,music,2STqplYkSLD5ovON11dwcB,West End Blues,,0.6425437927246094,5,,dropout03,music|2STqplYkSLD5ovON11dwcB|Soulful music featuring jazz piano,a,1.0
D2_EN,direct,2,en,Soulful music featuring jazz piano,music,music,3lAEcWkOJQMx4jzFToxvQq,The Total Experience,,0.6420485377311707,6,,dropout03,music|3lAEcWkOJQMx4jzFToxvQq|Soulful music featuring jazz piano,a,1.0
D2_EN,direct,2,en,Soulful music featuring jazz piano,music,music,2xm9ihELo6xwrRKrBbPql9,Body and Soul,,0.6289703845977783,7,,dropout03,music|2xm9ihELo6xwrRKrBbPql9|Soulful music featuring jazz piano,a,1.0
D2_EN,direct,2,en,Soulful music featuring jazz piano,music,music,1VzhfMEGIIkn5hFITMJzW1,Loungin',,0.6276965737342834,8,,dropout03,music|1VzhfMEGIIkn5hFITMJzW1|Soulful music featuring jazz piano,a,1.0
D2_EN,direct,2,en,Soulful music featuring jazz piano,music,music,2jfiDZCg4UjLJEFktdcAV4,Unsquare Dance,,0.6219258904457092,9,,dropout03,music|2jfiDZCg4UjLJEFktdcAV4|Soulful music featuring jazz piano,a,1.0
D2_EN,direct,2,en,Soulful music featuring jazz piano,music,music,4Yj7YmO7CfNO6YSXoxrnfq,Frenesi,,0.6164160966873169,10,,dropout03,music|4Yj7YmO7CfNO6YSXoxrnfq|Soulful music featuring jazz piano,a,1.0
D2_EN,direct,2,en,Soulful music featuring jazz piano,book,book,kdl_B009DWO5PM,Jazz Styles,,0.5538787245750427,1,,dropout03,book|kdl_B009DWO5PM|Soulful music featuring jazz piano,a,1.0
D2_EN,direct,2,en,Soulful music featuring jazz piano,book,book,bx_0306810336,Jazz in the Bittersweet Blues of Life,,0.5469425320625305,2,,dropout03,book|bx_0306810336|Soulful music featuring jazz piano,a,1.0
D2_EN,direct,2,en,Soulful music featuring jazz piano,book,book,gr_1215053.Mitchell_Ruff,Mitchell & Ruff: An American Profile in Jazz,,0.5382455587387085,3,,dropout03,book|gr_1215053.Mitchell_Ruff|Soulful music featuring jazz piano,a,1.0
D2_EN,direct,2,en,Soulful music featuring jazz piano,book,book,kdl_B079SMMR28,"Essential Jazz Lines: The Style of Charlie Parker, Guitar Edition",,0.5378899574279785,4,,dropout03,book|kdl_B079SMMR28|Soulful music featuring jazz piano,x,0.0
D2_EN,direct,2,en,Soulful music featuring jazz piano,book,book,kdl_B083JQNQSB,Cocktail Piano: Jazz Piano Solos Series Volume 31,,0.5372558832168579,5,,dropout03,book|kdl_B083JQNQSB|Soulful music featuring jazz piano,a,1.0
D2_EN,direct,2,en,Soulful music featuring jazz piano,book,book,bx_207042314X,L'Homme Ã?Â  l'affÃ?Â»t,,0.514370322227478,6,,dropout03,book|bx_207042314X|Soulful music featuring jazz piano,a,1.0
D2_EN,direct,2,en,Soulful music featuring jazz piano,book,book,bx_1858285283,The Rough Guide to Jazz,,0.5109467506408691,7,,dropout03,book|bx_1858285283|Soulful music featuring jazz piano,a,1.0
D2_EN,direct,2,en,Soulful music featuring jazz piano,book,book,bx_3596113350,Die Mambo Kings spielen Songs der Liebe. Roman.,,0.509745717048645,8,,dropout03,book|bx_3596113350|Soulful music featuring jazz piano,a,1.0
D2_EN,direct,2,en,Soulful music featuring jazz piano,book,book,gr_6531880-pops,Pops: A Life of Louis Armstrong,,0.5087312459945679,9,,dropout03,book|gr_6531880-pops|Soulful music featuring jazz piano,a,1.0
D2_EN,direct,2,en,Soulful music featuring jazz piano,book,book,kdl_B004ELBJ5Q,Keeping Time: Readings in Jazz History,,0.503676176071167,10,,dropout03,book|kdl_B004ELBJ5Q|Soulful music featuring jazz piano,a,1.0
D2_EN,direct,2,en,Soulful music featuring jazz piano,all,music,5tuPqvXQw7SJwuX78R9pB2,Who's That Lady,,0.6733579635620117,1,,dropout03,music|5tuPqvXQw7SJwuX78R9pB2|Soulful music featuring jazz piano,a,1.0
D2_EN,direct,2,en,Soulful music featuring jazz piano,all,music,0YJAz1QqMNrPhJ2vhHupcZ,Begin the Beguine,,0.6570088863372803,2,,dropout03,music|0YJAz1QqMNrPhJ2vhHupcZ|Soulful music featuring jazz piano,a,1.0
D2_EN,direct,2,en,Soulful music featuring jazz piano,all,music,5bUNvFQYiAqJWZ4cQ9MlSZ,St. Thomas,,0.6566435098648071,3,,dropout03,music|5bUNvFQYiAqJWZ4cQ9MlSZ|Soulful music featuring jazz piano,a,1.0
D2_EN,direct,2,en,Soulful music featuring jazz piano,all,music,4LbJFM4QRgvKoYU7nzj3Dx,Blue bossa,,0.6503579616546631,4,,dropout03,music|4LbJFM4QRgvKoYU7nzj3Dx|Soulful music featuring jazz piano,a,1.0
D2_EN,direct,2,en,Soulful music featuring jazz piano,all,music,2STqplYkSLD5ovON11dwcB,West End Blues,,0.6425437927246094,5,,dropout03,music|2STqplYkSLD5ovON11dwcB|Soulful music featuring jazz piano,a,1.0
D2_EN,direct,2,en,Soulful music featuring jazz piano,all,music,3lAEcWkOJQMx4jzFToxvQq,The Total Experience,,0.6420485377311707,6,,dropout03,music|3lAEcWkOJQMx4jzFToxvQq|Soulful music featuring jazz piano,a,1.0
D2_EN,direct,2,en,Soulful music featuring jazz piano,all,music,2xm9ihELo6xwrRKrBbPql9,Body and Soul,,0.6289703845977783,7,,dropout03,music|2xm9ihELo6xwrRKrBbPql9|Soulful music featuring jazz piano,a,1.0
D2_EN,direct,2,en,Soulful music featuring jazz piano,all,music,1VzhfMEGIIkn5hFITMJzW1,Loungin',,0.6276965737342834,8,,dropout03,music|1VzhfMEGIIkn5hFITMJzW1|Soulful music featuring jazz piano,a,1.0
D2_EN,direct,2,en,Soulful music featuring jazz piano,all,music,2jfiDZCg4UjLJEFktdcAV4,Unsquare Dance,,0.6219258904457092,9,,dropout03,music|2jfiDZCg4UjLJEFktdcAV4|Soulful music featuring jazz piano,a,1.0
D2_EN,direct,2,en,Soulful music featuring jazz piano,all,music,4Yj7YmO7CfNO6YSXoxrnfq,Frenesi,,0.6164160966873169,10,,dropout03,music|4Yj7YmO7CfNO6YSXoxrnfq|Soulful music featuring jazz piano,a,1.0
D3_EN,direct,3,en,Mystery thriller novel with a twist ending,movie,movie,1935201,Please Kill Mr. Know It All (2012),,0.5315410494804382,1,,dropout03,movie|1935201|Mystery thriller novel with a twist ending,x,0.0
D3_EN,direct,3,en,Mystery thriller novel with a twist ending,movie,movie,122968,Assault of the Party Nerds 2: The Heavy Petting Detective (1995),,0.5021872520446777,2,,dropout03,movie|122968|Mystery thriller novel with a twist ending,x,0.0
D3_EN,direct,3,en,Mystery thriller novel with a twist ending,movie,movie,89155,Fletch (1985),,0.4866085052490234,3,,dropout03,movie|89155|Mystery thriller novel with a twist ending,a,1.0
D3_EN,direct,3,en,Mystery thriller novel with a twist ending,movie,movie,118541,8 Heads in a Duffel Bag (1997),,0.483513593673706,4,,dropout03,movie|118541|Mystery thriller novel with a twist ending,x,0.0
D3_EN,direct,3,en,Mystery thriller novel with a twist ending,movie,movie,27442,Charlie Chan's Secret (1936),,0.4748173356056213,5,,dropout03,movie|27442|Mystery thriller novel with a twist ending,a,1.0
D3_EN,direct,3,en,Mystery thriller novel with a twist ending,movie,movie,119957,Pronto (1997),,0.4721811711788177,6,,dropout03,movie|119957|Mystery thriller novel with a twist ending,a,1.0
D3_EN,direct,3,en,Mystery thriller novel with a twist ending,movie,movie,95159,A Fish Called Wanda (1988),,0.4633065462112427,7,,dropout03,movie|95159|Mystery thriller novel with a twist ending,x,0.0
D3_EN,direct,3,en,Mystery thriller novel with a twist ending,movie,movie,79966,Sunburn (1979),,0.4625791311264038,8,,dropout03,movie|79966|Mystery thriller novel with a twist ending,x,0.0
D3_EN,direct,3,en,Mystery thriller novel with a twist ending,movie,movie,787485,Killer Pad (2008),,0.4622990489006042,9,,dropout03,movie|787485|Mystery thriller novel with a twist ending,x,0.0
D3_EN,direct,3,en,Mystery thriller novel with a twist ending,movie,movie,282521,Get a Clue (2002),,0.4606879651546478,10,,dropout03,movie|282521|Mystery thriller novel with a twist ending,x,0.0
D3_EN,direct,3,en,Mystery thriller novel with a twist ending,music,music,2BstRQGodshjGpeDGQiNgo,Do It Again,,0.3604995012283325,1,,dropout03,music|2BstRQGodshjGpeDGQiNgo|Mystery thriller novel with a twist ending,x,0.0
D3_EN,direct,3,en,Mystery thriller novel with a twist ending,music,music,5wTV2aPLlM3nB3GmEMiXZb,Freaky Girl,,0.3340089321136474,2,,dropout03,music|5wTV2aPLlM3nB3GmEMiXZb|Mystery thriller novel with a twist ending,x,0.0
D3_EN,direct,3,en,Mystery thriller novel with a twist ending,music,music,30L03C5kzirLPuEVjcgBI5,Crime News,,0.3209839463233948,3,,dropout03,music|30L03C5kzirLPuEVjcgBI5|Mystery thriller novel with a twist ending,x,0.0
D3_EN,direct,3,en,Mystery thriller novel with a twist ending,music,music,7MTX3vevnm41xuEoPxWT3j,Year of the Cat,,0.3091396689414978,4,,dropout03,music|7MTX3vevnm41xuEoPxWT3j|Mystery thriller novel with a twist ending,x,0.0
D3_EN,direct,3,en,Mystery thriller novel with a twist ending,music,music,3l8dM1wjgFh98jpiq5ZCe7,Jump into the Fog,,0.2939895987510681,5,,dropout03,music|3l8dM1wjgFh98jpiq5ZCe7|Mystery thriller novel with a twist ending,x,0.0
D3_EN,direct,3,en,Mystery thriller novel with a twist ending,music,music,0p4uJwIIGfN3tfTFvwALwB,Murder She Wrote (Original Mix),,0.2937879264354706,6,,dropout03,music|0p4uJwIIGfN3tfTFvwALwB|Mystery thriller novel with a twist ending,x,0.0
D3_EN,direct,3,en,Mystery thriller novel with a twist ending,music,music,1JT55KoXuhtYy5BeKNAeC0,Shy Ronnie 2: Ronnie & Clyde,,0.2881875038146972,7,,dropout03,music|1JT55KoXuhtYy5BeKNAeC0|Mystery thriller novel with a twist ending,x,0.0
D3_EN,direct,3,en,Mystery thriller novel with a twist ending,music,music,2UiUTpQkTCmE1OX6senl6j,Jackass,,0.2787120342254638,8,,dropout03,music|2UiUTpQkTCmE1OX6senl6j|Mystery thriller novel with a twist ending,x,0.0
D3_EN,direct,3,en,Mystery thriller novel with a twist ending,music,music,60TYdVs6TWIsAJ1MPRdv59,Then Came the Last Days of May,,0.2706544399261474,9,,dropout03,music|60TYdVs6TWIsAJ1MPRdv59|Mystery thriller novel with a twist ending,a,1.0
D3_EN,direct,3,en,Mystery thriller novel with a twist ending,music,music,6rPAsWugTohlV1IUrsWNSG,Don't Think Twice,,0.2691464424133301,10,,dropout03,music|6rPAsWugTohlV1IUrsWNSG|Mystery thriller novel with a twist ending,x,0.0
D3_EN,direct,3,en,Mystery thriller novel with a twist ending,book,book,bx_0671473336,MURDER BY BOOK,,0.6456758379936218,1,,dropout03,book|bx_0671473336|Mystery thriller novel with a twist ending,a,1.0
D3_EN,direct,3,en,Mystery thriller novel with a twist ending,book,book,bx_0425191192,McNally's Alibi: An Archy McNally Novel (Archy McNally Novels (Paperback)),,0.6294906139373779,2,,dropout03,book|bx_0425191192|Mystery thriller novel with a twist ending,a,1.0
D3_EN,direct,3,en,Mystery thriller novel with a twist ending,book,book,bx_0449002942,Dying to Get Published (Jennifer Marsh Mysteries),,0.6180317401885986,3,,dropout03,book|bx_0449002942|Mystery thriller novel with a twist ending,a,1.0
D3_EN,direct,3,en,Mystery thriller novel with a twist ending,book,book,bx_0425191052,Murderers Prefer Blondes (Paige Turner Mysteries),,0.6034511923789978,4,,dropout03,book|bx_0425191052|Mystery thriller novel with a twist ending,x,0.0
D3_EN,direct,3,en,Mystery thriller novel with a twist ending,book,book,bx_0425177017,The Crossword Murder,,0.5983796119689941,5,,dropout03,book|bx_0425177017|Mystery thriller novel with a twist ending,a,1.0
D3_EN,direct,3,en,Mystery thriller novel with a twist ending,book,book,gr_484531.Fletch,Fletch,,0.5930421948432922,6,,dropout03,book|gr_484531.Fletch|Mystery thriller novel with a twist ending,a,1.0
D3_EN,direct,3,en,Mystery thriller novel with a twist ending,book,book,gr_147074.Janet_Evanovich_Three_and_Four_Two_Book_Set,Janet Evanovich Three and Four Two-Book Set,,0.5912144780158997,7,,dropout03,book|gr_147074.Janet_Evanovich_Three_and_Four_Two_Book_Set|Mystery thriller novel with a twist ending,a,1.0
D3_EN,direct,3,en,Mystery thriller novel with a twist ending,book,book,bx_0425181839,A Tax Deductible Death,,0.5911093950271606,8,,dropout03,book|bx_0425181839|Mystery thriller novel with a twist ending,a,1.0
D3_EN,direct,3,en,Mystery thriller novel with a twist ending,book,book,kdl_B003GYEGMU,Sizzling Sixteen (Stephanie Plum Book 16),,0.5908976197242737,9,,dropout03,book|kdl_B003GYEGMU|Mystery thriller novel with a twist ending,a,1.0
D3_EN,direct,3,en,Mystery thriller novel with a twist ending,book,book,bx_0373262663,"Curl Up And Die (Worldwide Library Mystery , No 266)",,0.57506263256073,10,,dropout03,book|bx_0373262663|Mystery thriller novel with a twist ending,a,1.0
D3_EN,direct,3,en,Mystery thriller novel with a twist ending,all,book,bx_0671473336,MURDER BY BOOK,,0.6456758379936218,1,,dropout03,book|bx_0671473336|Mystery thriller novel with a twist ending,a,1.0
D3_EN,direct,3,en,Mystery thriller novel with a twist ending,all,book,bx_0425191192,McNally's Alibi: An Archy McNally Novel (Archy McNally Novels (Paperback)),,0.6294906139373779,2,,dropout03,book|bx_0425191192|Mystery thriller novel with a twist ending,a,1.0
D3_EN,direct,3,en,Mystery thriller novel with a twist ending,all,book,bx_0449002942,Dying to Get Published (Jennifer Marsh Mysteries),,0.6180317401885986,3,,dropout03,book|bx_0449002942|Mystery thriller novel with a twist ending,a,1.0
D3_EN,direct,3,en,Mystery thriller novel with a twist ending,all,book,bx_0425191052,Murderers Prefer Blondes (Paige Turner Mysteries),,0.6034511923789978,4,,dropout03,book|bx_0425191052|Mystery thriller novel with a twist ending,x,0.0
D3_EN,direct,3,en,Mystery thriller novel with a twist ending,all,book,bx_0425177017,The Crossword Murder,,0.5983796119689941,5,,dropout03,book|bx_0425177017|Mystery thriller novel with a twist ending,a,1.0
D3_EN,direct,3,en,Mystery thriller novel with a twist ending,all,book,gr_484531.Fletch,Fletch,,0.5930421948432922,6,,dropout03,book|gr_484531.Fletch|Mystery thriller novel with a twist ending,a,1.0
D3_EN,direct,3,en,Mystery thriller novel with a twist ending,all,book,gr_147074.Janet_Evanovich_Three_and_Four_Two_Book_Set,Janet Evanovich Three and Four Two-Book Set,,0.5912144780158997,7,,dropout03,book|gr_147074.Janet_Evanovich_Three_and_Four_Two_Book_Set|Mystery thriller novel with a twist ending,a,1.0
D3_EN,direct,3,en,Mystery thriller novel with a twist ending,all,book,bx_0425181839,A Tax Deductible Death,,0.5911093950271606,8,,dropout03,book|bx_0425181839|Mystery thriller novel with a twist ending,a,1.0
D3_EN,direct,3,en,Mystery thriller novel with a twist ending,all,book,kdl_B003GYEGMU,Sizzling Sixteen (Stephanie Plum Book 16),,0.5908976197242737,9,,dropout03,book|kdl_B003GYEGMU|Mystery thriller novel with a twist ending,a,1.0
D3_EN,direct,3,en,Mystery thriller novel with a twist ending,all,book,bx_0373262663,"Curl Up And Die (Worldwide Library Mystery , No 266)",,0.57506263256073,10,,dropout03,book|bx_0373262663|Mystery thriller novel with a twist ending,a,1.0
D4_EN,direct,4,en,A film about a romance between two people,movie,movie,82764,Modern Romance (1981),,0.6295952796936035,1,,dropout03,movie|82764|A film about a romance between two people,o,2.0
D4_EN,direct,4,en,A film about a romance between two people,movie,movie,2070776,Populaire (2012),,0.6205658316612244,2,,dropout03,movie|2070776|A film about a romance between two people,a,1.0
D4_EN,direct,4,en,A film about a romance between two people,movie,movie,306734,Le divorce (2003),,0.6099752187728882,3,,dropout03,movie|306734|A film about a romance between two people,o,2.0
D4_EN,direct,4,en,A film about a romance between two people,movie,movie,2186812,20 ans d'Ì©cart (2013),,0.604719877243042,4,,dropout03,movie|2186812|A film about a romance between two people,o,2.0
D4_EN,direct,4,en,A film about a romance between two people,movie,movie,399222,Je prÌ©fÌ¬re qu'on reste amis (2005),,0.5925710797309875,5,,dropout03,movie|399222|A film about a romance between two people,a,1.0
D4_EN,direct,4,en,A film about a romance between two people,movie,movie,52662,But Not for Me (1959),,0.5892845392227173,6,,dropout03,movie|52662|A film about a romance between two people,o,2.0
D4_EN,direct,4,en,A film about a romance between two people,movie,movie,234940,Un couple í©patant (2002),,0.5884044170379639,7,,dropout03,movie|234940|A film about a romance between two people,a,1.0
D4_EN,direct,4,en,A film about a romance between two people,movie,movie,478724,PrÌ»te-moi ta main (2006),,0.5850787162780762,8,,dropout03,movie|478724|A film about a romance between two people,a,1.0
D4_EN,direct,4,en,A film about a romance between two people,movie,movie,87810,No Small Affair (1984),,0.5761674642562866,9,,dropout03,movie|87810|A film about a romance between two people,a,1.0
D4_EN,direct,4,en,A film about a romance between two people,movie,movie,759509,Changement d'adresse (2006),,0.5721349716186523,10,,dropout03,movie|759509|A film about a romance between two people,a,1.0
D4_EN,direct,4,en,A film about a romance between two people,music,music,57MflfPN3ObQQAQtPUp0WF,Romeo and Juliet,,0.5057829022407532,1,,dropout03,music|57MflfPN3ObQQAQtPUp0WF|A film about a romance between two people,a,1.0
D4_EN,direct,4,en,A film about a romance between two people,music,music,29lZKytTb56zzAwryJ3X38,"Love Theme (from ""Romeo and Juliet"")",,0.4800242185592651,2,,dropout03,music|29lZKytTb56zzAwryJ3X38|A film about a romance between two people,a,1.0
D4_EN,direct,4,en,A film about a romance between two people,music,music,36JuaGlNLdEDPnBWpEUjJW,A plea for tenderness,,0.4632309079170227,3,,dropout03,music|36JuaGlNLdEDPnBWpEUjJW|A film about a romance between two people,a,1.0
D4_EN,direct,4,en,A film about a romance between two people,music,music,2VC56eybNyq2O2ahMgS6JT,Seasons of Love B,,0.4553093910217285,4,,dropout03,music|2VC56eybNyq2O2ahMgS6JT|A film about a romance between two people,x,0.0
D4_EN,direct,4,en,A film about a romance between two people,music,music,5YArnxq4lg8JYw7baZQnuE,"The Secret Life Of Daydreams - From ""Pride & Prejudice"" Soundtrack",,0.4428142607212066,5,,dropout03,music|5YArnxq4lg8JYw7baZQnuE|A film about a romance between two people,a,1.0
D4_EN,direct,4,en,A film about a romance between two people,music,music,3gtSCifHWtbRxX0GFLBpcH,L O V E,,0.4399475753307342,6,,dropout03,music|3gtSCifHWtbRxX0GFLBpcH|A film about a romance between two people,o,2.0
D4_EN,direct,4,en,A film about a romance between two people,music,music,7AHhmlNBa9JZ7y9XgPrt6t,The Ballad of Sara Berry,,0.4339377582073211,7,,dropout03,music|7AHhmlNBa9JZ7y9XgPrt6t|A film about a romance between two people,x,0.0
D4_EN,direct,4,en,A film about a romance between two people,music,music,5FOHBhUtWl2x5Z6qflA8nd,Romeo + Juliet (arr. P. Bateman): Romeo and Juliet: The Balcony Scene (arr. P. Bateman for piano and orchestra),,0.4290890991687774,8,,dropout03,music|5FOHBhUtWl2x5Z6qflA8nd|A film about a romance between two people,o,2.0
D4_EN,direct,4,en,A film about a romance between two people,music,music,6Bp80mBzCSf3XAy31Qo7fA,One Song Glory,,0.4211674630641937,9,,dropout03,music|6Bp80mBzCSf3XAy31Qo7fA|A film about a romance between two people,x,0.0
D4_EN,direct,4,en,A film about a romance between two people,music,music,0CtHgpZKOCRdAHYYXsmEhJ,Another Day,,0.4193423390388489,10,,dropout03,music|0CtHgpZKOCRdAHYYXsmEhJ|A film about a romance between two people,a,1.0
D4_EN,direct,4,en,A film about a romance between two people,book,book,gr_32721558-take-two,Take Two,,0.5379923582077026,1,,dropout03,book|gr_32721558-take-two|A film about a romance between two people,x,0.0
D4_EN,direct,4,en,A film about a romance between two people,book,book,bx_0823084388,Truer Than True Romance: Classic Love Comics Retold!,,0.5335652828216553,2,,dropout03,book|bx_0823084388|A film about a romance between two people,a,1.0
D4_EN,direct,4,en,A film about a romance between two people,book,book,bx_068484785X,"The Collected Plays of Neil Simon, Vol. 4",,0.530264675617218,3,,dropout03,book|bx_068484785X|A film about a romance between two people,x,0.0
D4_EN,direct,4,en,A film about a romance between two people,book,book,kdl_B00EBRGIPY,Meet the Mertzes: The Life Stories of I Love Lucy's Other Couple,,0.5230545997619629,4,,dropout03,book|kdl_B00EBRGIPY|A film about a romance between two people,x,0.0
D4_EN,direct,4,en,A film about a romance between two people,book,book,bx_0679734996,The Heidi Chronicles and Other Plays,,0.5223672389984131,5,,dropout03,book|bx_0679734996|A film about a romance between two people,x,0.0
D4_EN,direct,4,en,A film about a romance between two people,book,book,bx_0060536683,The Not-So-Perfect Man,,0.521681547164917,6,,dropout03,book|bx_0060536683|A film about a romance between two people,x,0.0
D4_EN,direct,4,en,A film about a romance between two people,book,book,bx_0380819384,The Way You Look Tonight (Avon Romance),,0.5207528471946716,7,,dropout03,book|bx_0380819384|A film about a romance between two people,x,0.0
D4_EN,direct,4,en,A film about a romance between two people,book,book,bx_0553096834,Couplehood,,0.5156638622283936,8,,dropout03,book|bx_0553096834|A film about a romance between two people,a,1.0
D4_EN,direct,4,en,A film about a romance between two people,book,book,gr_7482511-must-you-go,Must You Go?: My Life with Harold Pinter,,0.5146135091781616,9,,dropout03,book|gr_7482511-must-you-go|A film about a romance between two people,x,0.0
D4_EN,direct,4,en,A film about a romance between two people,book,book,gr_40805986-the-paris-husband,The Paris Husband: How It Really Was Between Ernest and Hadley Hemingway,,0.509964644908905,10,,dropout03,book|gr_40805986-the-paris-husband|A film about a romance between two people,x,0.0
D4_EN,direct,4,en,A film about a romance between two people,all,movie,82764,Modern Romance (1981),,0.6295952796936035,1,,dropout03,movie|82764|A film about a romance between two people,o,2.0
D4_EN,direct,4,en,A film about a romance between two people,all,movie,2070776,Populaire (2012),,0.6205658316612244,2,,dropout03,movie|2070776|A film about a romance between two people,a,1.0
D4_EN,direct,4,en,A film about a romance between two people,all,movie,306734,Le divorce (2003),,0.6099752187728882,3,,dropout03,movie|306734|A film about a romance between two people,o,2.0
D4_EN,direct,4,en,A film about a romance between two people,all,movie,2186812,20 ans d'Ì©cart (2013),,0.604719877243042,4,,dropout03,movie|2186812|A film about a romance between two people,o,2.0
D4_EN,direct,4,en,A film about a romance between two people,all,movie,399222,Je prÌ©fÌ¬re qu'on reste amis (2005),,0.5925710797309875,5,,dropout03,movie|399222|A film about a romance between two people,a,1.0
D4_EN,direct,4,en,A film about a romance between two people,all,movie,52662,But Not for Me (1959),,0.5892845392227173,6,,dropout03,movie|52662|A film about a romance between two people,o,2.0
D4_EN,direct,4,en,A film about a romance between two people,all,movie,234940,Un couple í©patant (2002),,0.5884044170379639,7,,dropout03,movie|234940|A film about a romance between two people,a,1.0
D4_EN,direct,4,en,A film about a romance between two people,all,movie,478724,PrÌ»te-moi ta main (2006),,0.5850787162780762,8,,dropout03,movie|478724|A film about a romance between two people,a,1.0
D4_EN,direct,4,en,A film about a romance between two people,all,movie,87810,No Small Affair (1984),,0.5761674642562866,9,,dropout03,movie|87810|A film about a romance between two people,a,1.0
D4_EN,direct,4,en,A film about a romance between two people,all,movie,759509,Changement d'adresse (2006),,0.5721349716186523,10,,dropout03,movie|759509|A film about a romance between two people,a,1.0
P5_EN,philosophical,5,en,How much of me is made of memory,movie,movie,1462017,In Search of Memory (2009),,0.6508628726005554,1,,dropout03,movie|1462017|How much of me is made of memory,a,1.0
P5_EN,philosophical,5,en,How much of me is made of memory,movie,movie,1825806,I Am I (2013),,0.6004635095596313,2,,dropout03,movie|1825806|How much of me is made of memory,a,1.0
P5_EN,philosophical,5,en,How much of me is made of memory,movie,movie,2402602,The Man Whose Mind Exploded (2012),,0.5845639705657959,3,,dropout03,movie|2402602|How much of me is made of memory,a,1.0
P5_EN,philosophical,5,en,How much of me is made of memory,movie,movie,3704050,Remember (2015),,0.5788159370422363,4,,dropout03,movie|3704050|How much of me is made of memory,a,1.0
P5_EN,philosophical,5,en,How much of me is made of memory,movie,movie,3815136,My Beautiful Broken Brain (2014),,0.5744747519493103,5,,dropout03,movie|3815136|How much of me is made of memory,a,1.0
P5_EN,philosophical,5,en,How much of me is made of memory,movie,movie,118040,Unforgettable (1996),,0.5709748268127441,6,,dropout03,movie|118040|How much of me is made of memory,o,2.0
P5_EN,philosophical,5,en,How much of me is made of memory,movie,movie,2923652,Min sÌ´ kallade pappa (2014),,0.5619297027587891,7,,dropout03,movie|2923652|How much of me is made of memory,a,1.0
P5_EN,philosophical,5,en,How much of me is made of memory,movie,movie,367195,Vai~E~Vem (2003),,0.5608885884284973,8,,dropout03,movie|367195|How much of me is made of memory,x,0.0
P5_EN,philosophical,5,en,How much of me is made of memory,movie,movie,129222,The Man Who Had His Hair Cut Short (1966),,0.5509586334228516,9,,dropout03,movie|129222|How much of me is made of memory,x,0.0
P5_EN,philosophical,5,en,How much of me is made of memory,movie,movie,4293698,Genetic Me (2014),,0.5442115068435669,10,,dropout03,movie|4293698|How much of me is made of memory,a,1.0
P5_EN,philosophical,5,en,How much of me is made of memory,music,music,3uO4rUJSyoyeh16KkVdxHy,Taking My Ball,,0.5165463089942932,1,,dropout03,music|3uO4rUJSyoyeh16KkVdxHy|How much of me is made of memory,x,0.0
P5_EN,philosophical,5,en,How much of me is made of memory,music,music,0JhpYE9xA3UpSFrmXTZyIF,I Might Be Wrong,,0.5089223384857178,2,,dropout03,music|0JhpYE9xA3UpSFrmXTZyIF|How much of me is made of memory,a,1.0
P5_EN,philosophical,5,en,How much of me is made of memory,music,music,3ZuT0Evo8chdVM6rPXXqgd,Sundown Syndrome,,0.4816173315048218,3,,dropout03,music|3ZuT0Evo8chdVM6rPXXqgd|How much of me is made of memory,a,1.0
P5_EN,philosophical,5,en,How much of me is made of memory,music,music,7he52OqF36BVF6dSVKKQPq,Packt Like Sardines In a Crushed Tin Box,,0.4734516739845276,4,,dropout03,music|7he52OqF36BVF6dSVKKQPq|How much of me is made of memory,a,1.0
P5_EN,philosophical,5,en,How much of me is made of memory,music,music,2Avh5LgyS4UCeYbzmgiSg9,Who You Are,,0.4616805613040924,5,,dropout03,music|2Avh5LgyS4UCeYbzmgiSg9|How much of me is made of memory,x,0.0
P5_EN,philosophical,5,en,How much of me is made of memory,music,music,0G6qDSSFmjzb9N0PK8PjGm,Off He Goes,,0.4614744186401367,6,,dropout03,music|0G6qDSSFmjzb9N0PK8PjGm|How much of me is made of memory,a,1.0
P5_EN,philosophical,5,en,How much of me is made of memory,music,music,0q6Qyd2QaHMHp7APKyQsyi,Not the Same,,0.457695871591568,7,,dropout03,music|0q6Qyd2QaHMHp7APKyQsyi|How much of me is made of memory,x,0.0
P5_EN,philosophical,5,en,How much of me is made of memory,music,music,6kQe8MBvSdX8AD1UsjRv7w,Scene Two: II. Strange Déjà Vu,,0.4573227167129516,8,,dropout03,music|6kQe8MBvSdX8AD1UsjRv7w|How much of me is made of memory,a,1.0
P5_EN,philosophical,5,en,How much of me is made of memory,music,music,7j5Q3zhjvpQvMeoPSZwdsa,Temptation,,0.4488601982593536,9,,dropout03,music|7j5Q3zhjvpQvMeoPSZwdsa|How much of me is made of memory,a,1.0
P5_EN,philosophical,5,en,How much of me is made of memory,music,music,3R5G81gtoO5CcZlRCRKVLk,Sho Nuff,,0.447515070438385,10,,dropout03,music|3R5G81gtoO5CcZlRCRKVLk|How much of me is made of memory,x,0.0
P5_EN,philosophical,5,en,How much of me is made of memory,book,book,bx_3404148371,Epsilon.,,0.6773033142089844,1,,dropout03,book|bx_3404148371|How much of me is made of memory,x,0.0
P5_EN,philosophical,5,en,How much of me is made of memory,book,book,bx_0618219196,The Seven Sins of Memory: How the Mind Forgets and Remembers,,0.664595901966095,2,,dropout03,book|bx_0618219196|How much of me is made of memory,a,1.0
P5_EN,philosophical,5,en,How much of me is made of memory,book,book,bx_0446343137,Sybil,,0.6413412094116211,3,,dropout03,book|bx_0446343137|How much of me is made of memory,x,0.0
P5_EN,philosophical,5,en,How much of me is made of memory,book,book,kdl_B002PQ7B5O,In Search of Memory: The Emergence of a New Science of Mind,,0.6187434792518616,4,,dropout03,book|kdl_B002PQ7B5O|How much of me is made of memory,a,1.0
P5_EN,philosophical,5,en,How much of me is made of memory,book,book,bx_0316110310,I Want to Thank My Brain for Remembering Me : A Memoir,,0.606173038482666,5,,dropout03,book|bx_0316110310|How much of me is made of memory,a,1.0
P5_EN,philosophical,5,en,How much of me is made of memory,book,book,gr_40710422-conjunto-vacio,Conjunto Vacio,,0.6015260815620422,6,,dropout03,book|gr_40710422-conjunto-vacio|How much of me is made of memory,a,1.0
P5_EN,philosophical,5,en,How much of me is made of memory,book,book,gr_29938031-tell-me-everything-you-don-t-remember,Tell Me Everything You Don't Remember: The Stroke That Changed My Life,,0.5990616083145142,7,,dropout03,book|gr_29938031-tell-me-everything-you-don-t-remember|How much of me is made of memory,a,1.0
P5_EN,philosophical,5,en,How much of me is made of memory,book,book,gr_9639197-turn-of-mind,Turn of Mind,,0.5987151265144348,8,,dropout03,book|gr_9639197-turn-of-mind|How much of me is made of memory,a,1.0
P5_EN,philosophical,5,en,How much of me is made of memory,book,book,bx_0385498381,The Forgetting : Alzheimer's: Portrait of an Epidemic,,0.5940760374069214,9,,dropout03,book|bx_0385498381|How much of me is made of memory,x,0.0
P5_EN,philosophical,5,en,How much of me is made of memory,book,book,gr_23002653-before-i-break,Before I Break,,0.5929478406906128,10,,dropout03,book|gr_23002653-before-i-break|How much of me is made of memory,a,1.0
P5_EN,philosophical,5,en,How much of me is made of memory,all,book,bx_3404148371,Epsilon.,,0.6773033142089844,1,,dropout03,book|bx_3404148371|How much of me is made of memory,x,0.0
P5_EN,philosophical,5,en,How much of me is made of memory,all,book,bx_0618219196,The Seven Sins of Memory: How the Mind Forgets and Remembers,,0.664595901966095,2,,dropout03,book|bx_0618219196|How much of me is made of memory,a,1.0
P5_EN,philosophical,5,en,How much of me is made of memory,all,movie,1462017,In Search of Memory (2009),,0.6508628726005554,3,,dropout03,movie|1462017|How much of me is made of memory,a,1.0
P5_EN,philosophical,5,en,How much of me is made of memory,all,book,bx_0446343137,Sybil,,0.6413412094116211,4,,dropout03,book|bx_0446343137|How much of me is made of memory,x,0.0
P5_EN,philosophical,5,en,How much of me is made of memory,all,book,kdl_B002PQ7B5O,In Search of Memory: The Emergence of a New Science of Mind,,0.6187434792518616,5,,dropout03,book|kdl_B002PQ7B5O|How much of me is made of memory,a,1.0
P5_EN,philosophical,5,en,How much of me is made of memory,all,book,bx_0316110310,I Want to Thank My Brain for Remembering Me : A Memoir,,0.606173038482666,6,,dropout03,book|bx_0316110310|How much of me is made of memory,a,1.0
P5_EN,philosophical,5,en,How much of me is made of memory,all,book,gr_40710422-conjunto-vacio,Conjunto Vacio,,0.6015260815620422,7,,dropout03,book|gr_40710422-conjunto-vacio|How much of me is made of memory,a,1.0
P5_EN,philosophical,5,en,How much of me is made of memory,all,movie,1825806,I Am I (2013),,0.6004635095596313,8,,dropout03,movie|1825806|How much of me is made of memory,a,1.0
P5_EN,philosophical,5,en,How much of me is made of memory,all,book,gr_29938031-tell-me-everything-you-don-t-remember,Tell Me Everything You Don't Remember: The Stroke That Changed My Life,,0.5990616083145142,9,,dropout03,book|gr_29938031-tell-me-everything-you-don-t-remember|How much of me is made of memory,a,1.0
P5_EN,philosophical,5,en,How much of me is made of memory,all,book,gr_9639197-turn-of-mind,Turn of Mind,,0.5987151265144348,10,,dropout03,book|gr_9639197-turn-of-mind|How much of me is made of memory,a,1.0
P6_EN,philosophical,6,en,The border between chance and fate,movie,movie,990413,Sugar (2008),,0.5801830291748047,1,,dropout03,movie|990413|The border between chance and fate,a,1.0
P6_EN,philosophical,6,en,The border between chance and fate,movie,movie,57344,Any Number Can Win (1963),,0.5512291789054871,2,,dropout03,movie|57344|The border between chance and fate,a,1.0
P6_EN,philosophical,6,en,The border between chance and fate,movie,movie,338216,Lucky You (2007),,0.5440142154693604,3,,dropout03,movie|338216|The border between chance and fate,a,1.0
P6_EN,philosophical,6,en,The border between chance and fate,movie,movie,113695,Lotto Land (1995),,0.5433704853057861,4,,dropout03,movie|113695|The border between chance and fate,a,1.0
P6_EN,philosophical,6,en,The border between chance and fate,movie,movie,71269,California Split (1974),,0.5419837832450867,5,,dropout03,movie|71269|The border between chance and fate,a,1.0
P6_EN,philosophical,6,en,The border between chance and fate,movie,movie,1132449,Lay the Favorite (2012),,0.5418970584869385,6,,dropout03,movie|1132449|The border between chance and fate,a,1.0
P6_EN,philosophical,6,en,The border between chance and fate,movie,movie,102729,Pure Luck (1991),,0.5369082689285278,7,,dropout03,movie|102729|The border between chance and fate,a,1.0
P6_EN,philosophical,6,en,The border between chance and fate,movie,movie,1159712,Lucky (2010),,0.5349552035331726,8,,dropout03,movie|1159712|The border between chance and fate,a,1.0
P6_EN,philosophical,6,en,The border between chance and fate,movie,movie,1473397,Lucky (2011),,0.5326010584831238,9,,dropout03,movie|1473397|The border between chance and fate,a,1.0
P6_EN,philosophical,6,en,The border between chance and fate,movie,movie,274636,The Luck of the Irish (2001),,0.5259376764297485,10,,dropout03,movie|274636|The border between chance and fate,a,1.0
P6_EN,philosophical,6,en,The border between chance and fate,music,music,6Cv6R8bn34gMA8R29nFXkS,The American Dream,,0.5508706569671631,1,,dropout03,music|6Cv6R8bn34gMA8R29nFXkS|The border between chance and fate,x,0.0
P6_EN,philosophical,6,en,The border between chance and fate,music,music,0GVuLQtPXFaL18ijEOqoAa,Tightrope,,0.5180890560150146,2,,dropout03,music|0GVuLQtPXFaL18ijEOqoAa|The border between chance and fate,a,1.0
P6_EN,philosophical,6,en,The border between chance and fate,music,music,5SkM78PvNpn41YLTixzRpl,Reno,,0.5011826753616333,3,,dropout03,music|5SkM78PvNpn41YLTixzRpl|The border between chance and fate,a,1.0
P6_EN,philosophical,6,en,The border between chance and fate,music,music,5KqldkCunQ2rWxruMEtGh0,The Gambler,,0.493106484413147,4,,dropout03,music|5KqldkCunQ2rWxruMEtGh0|The border between chance and fate,a,1.0
P6_EN,philosophical,6,en,The border between chance and fate,music,music,65fpYBrI8o2cfrwf2US4gq,Rewrite The Stars,,0.4873324334621429,5,,dropout03,music|65fpYBrI8o2cfrwf2US4gq|The border between chance and fate,a,1.0
P6_EN,philosophical,6,en,The border between chance and fate,music,music,03xBflhpS0IAKrvRmSosgd,Making Music For Money,,0.478424608707428,6,,dropout03,music|03xBflhpS0IAKrvRmSosgd|The border between chance and fate,x,0.0
P6_EN,philosophical,6,en,The border between chance and fate,music,music,0IoG0OQsFXpDTuDX6QALjg,Only in America,,0.4694971442222595,7,,dropout03,music|0IoG0OQsFXpDTuDX6QALjg|The border between chance and fate,a,1.0
P6_EN,philosophical,6,en,The border between chance and fate,music,music,7kJpAkJSFMCkM6T4plsRLd,Ooh Las Vegas (feat. Emmylou Harris) - Remastered Version,,0.4510273039340973,8,,dropout03,music|7kJpAkJSFMCkM6T4plsRLd|The border between chance and fate,a,1.0
P6_EN,philosophical,6,en,The border between chance and fate,music,music,66y7x28jXOPrcmu3D5Zjh6,A Million Dreams (Reprise),,0.4506531357765198,9,,dropout03,music|66y7x28jXOPrcmu3D5Zjh6|The border between chance and fate,a,1.0
P6_EN,philosophical,6,en,The border between chance and fate,music,music,0RoA7ObU6phWpqhlC9zH4Z,A Million Dreams,,0.4443764686584472,10,,dropout03,music|0RoA7ObU6phWpqhlC9zH4Z|The border between chance and fate,a,1.0
P6_EN,philosophical,6,en,The border between chance and fate,book,book,gr_33854202-next-spin,Next Spin : Tryst with greed,,0.6108062267303467,1,,dropout03,book|gr_33854202-next-spin|The border between chance and fate,x,0.0
P6_EN,philosophical,6,en,The border between chance and fate,book,book,gr_329484.A_Dollar_And_A_Dream,A Dollar And A Dream,,0.6012334227561951,2,,dropout03,book|gr_329484.A_Dollar_And_A_Dream|The border between chance and fate,x,0.0
P6_EN,philosophical,6,en,The border between chance and fate,book,book,bx_1551520826,Luck of the Draw,,0.5869900584220886,3,,dropout03,book|bx_1551520826|The border between chance and fate,a,1.0
P6_EN,philosophical,6,en,The border between chance and fate,book,book,gr_3275.Time_and_Chance,Time and Chance,,0.5650460124015808,4,,dropout03,book|gr_3275.Time_and_Chance|The border between chance and fate,a,1.0
P6_EN,philosophical,6,en,The border between chance and fate,book,book,gr_95914.On_Fortune_s_Wheel,On Fortune's Wheel,,0.5423356294631958,5,,dropout03,book|gr_95914.On_Fortune_s_Wheel|The border between chance and fate,a,1.0
P6_EN,philosophical,6,en,The border between chance and fate,book,book,kdl_B08BWZMT78,The Luck Factor (Harriman Classics): Why some people are luckier than others and how you can become one of them,,0.5402923822402954,6,,dropout03,book|kdl_B08BWZMT78|The border between chance and fate,a,1.0
P6_EN,philosophical,6,en,The border between chance and fate,book,book,gr_73089.Match_Me_If_You_Can,Match Me If You Can,,0.5370628833770752,7,,dropout03,book|gr_73089.Match_Me_If_You_Can|The border between chance and fate,a,1.0
P6_EN,philosophical,6,en,The border between chance and fate,book,book,gr_19490.The_Music_of_Chance,The Music of Chance,,0.5189398527145386,8,,dropout03,book|gr_19490.The_Music_of_Chance|The border between chance and fate,a,1.0
P6_EN,philosophical,6,en,The border between chance and fate,book,book,gr_2956997-good-luck,Good Luck,,0.5174062848091125,9,,dropout03,book|gr_2956997-good-luck|The border between chance and fate,a,1.0
P6_EN,philosophical,6,en,The border between chance and fate,book,book,bx_0312310439,The Marrying Game: A Novel,,0.5153234004974365,10,,dropout03,book|bx_0312310439|The border between chance and fate,x,0.0
P6_EN,philosophical,6,en,The border between chance and fate,all,book,gr_33854202-next-spin,Next Spin : Tryst with greed,,0.6108062267303467,1,,dropout03,book|gr_33854202-next-spin|The border between chance and fate,x,0.0
P6_EN,philosophical,6,en,The border between chance and fate,all,book,gr_329484.A_Dollar_And_A_Dream,A Dollar And A Dream,,0.6012334227561951,2,,dropout03,book|gr_329484.A_Dollar_And_A_Dream|The border between chance and fate,x,0.0
P6_EN,philosophical,6,en,The border between chance and fate,all,book,bx_1551520826,Luck of the Draw,,0.5869900584220886,3,,dropout03,book|bx_1551520826|The border between chance and fate,a,1.0
P6_EN,philosophical,6,en,The border between chance and fate,all,movie,990413,Sugar (2008),,0.5801830291748047,4,,dropout03,movie|990413|The border between chance and fate,a,1.0
P6_EN,philosophical,6,en,The border between chance and fate,all,book,gr_3275.Time_and_Chance,Time and Chance,,0.5650460124015808,5,,dropout03,book|gr_3275.Time_and_Chance|The border between chance and fate,a,1.0
P6_EN,philosophical,6,en,The border between chance and fate,all,movie,57344,Any Number Can Win (1963),,0.5512291789054871,6,,dropout03,movie|57344|The border between chance and fate,a,1.0
P6_EN,philosophical,6,en,The border between chance and fate,all,music,6Cv6R8bn34gMA8R29nFXkS,The American Dream,,0.5508706569671631,7,,dropout03,music|6Cv6R8bn34gMA8R29nFXkS|The border between chance and fate,x,0.0
P6_EN,philosophical,6,en,The border between chance and fate,all,movie,338216,Lucky You (2007),,0.5440142154693604,8,,dropout03,movie|338216|The border between chance and fate,a,1.0
P6_EN,philosophical,6,en,The border between chance and fate,all,movie,113695,Lotto Land (1995),,0.5433704853057861,9,,dropout03,movie|113695|The border between chance and fate,a,1.0
P6_EN,philosophical,6,en,The border between chance and fate,all,book,gr_95914.On_Fortune_s_Wheel,On Fortune's Wheel,,0.5423356294631958,10,,dropout03,book|gr_95914.On_Fortune_s_Wheel|The border between chance and fate,a,1.0
P7_EN,philosophical,7,en,The limits of understanding another person,movie,movie,275584,Paradigm (1970),,0.5833383798599243,1,,dropout03,movie|275584|The limits of understanding another person,a,1.0
P7_EN,philosophical,7,en,The limits of understanding another person,movie,movie,1817287,Is the Man Who Is Tall Happy? (2013),,0.576718270778656,2,,dropout03,movie|1817287|The limits of understanding another person,a,1.0
P7_EN,philosophical,7,en,The limits of understanding another person,movie,movie,1331064,Paper Heart (2009),,0.532577395439148,3,,dropout03,movie|1331064|The limits of understanding another person,a,1.0
P7_EN,philosophical,7,en,The limits of understanding another person,movie,movie,790627,Brief Interviews with Hideous Men (2009),,0.5226345062255859,4,,dropout03,movie|790627|The limits of understanding another person,a,1.0
P7_EN,philosophical,7,en,The limits of understanding another person,movie,movie,59122,The Dot and the Line: A Romance in Lower Mathematics (1965),,0.5201462507247925,5,,dropout03,movie|59122|The limits of understanding another person,a,1.0
P7_EN,philosophical,7,en,The limits of understanding another person,movie,movie,3149038,A Brilliant Young Mind (2014),,0.518223762512207,6,,dropout03,movie|3149038|The limits of understanding another person,a,1.0
P7_EN,philosophical,7,en,The limits of understanding another person,movie,movie,234940,Un couple í©patant (2002),,0.5150893330574036,7,,dropout03,movie|234940|The limits of understanding another person,a,1.0
P7_EN,philosophical,7,en,The limits of understanding another person,movie,movie,5568330,I am not Salvador (2016),,0.5073262453079224,8,,dropout03,movie|5568330|The limits of understanding another person,a,1.0
P7_EN,philosophical,7,en,The limits of understanding another person,movie,movie,5604510,"PÌ_evad, mis ajasid segadusse (2016)",,0.5065168142318726,9,,dropout03,movie|5604510|The limits of understanding another person,a,1.0
P7_EN,philosophical,7,en,The limits of understanding another person,movie,movie,787524,The Man Who Knew Infinity (2015),,0.5011211633682251,10,,dropout03,movie|787524|The limits of understanding another person,a,1.0
P7_EN,philosophical,7,en,The limits of understanding another person,music,music,5nk6wxUSFUBxUKxjz0fKD6,Head Games,,0.4418759644031524,1,,dropout03,music|5nk6wxUSFUBxUKxjz0fKD6|The limits of understanding another person,a,1.0
P7_EN,philosophical,7,en,The limits of understanding another person,music,music,3Umg8CDhO8dOSj7yBTInYb,Within You Without You - Remastered 2009,,0.4164582192897796,2,,dropout03,music|3Umg8CDhO8dOSj7yBTInYb|The limits of understanding another person,a,1.0
P7_EN,philosophical,7,en,The limits of understanding another person,music,music,5r9WJVe1yhJx9ZUg30XEHQ,Think I'm In Love,,0.4156350493431091,3,,dropout03,music|5r9WJVe1yhJx9ZUg30XEHQ|The limits of understanding another person,x,0.0
P7_EN,philosophical,7,en,The limits of understanding another person,music,music,0vZ97gHhemKm6c64hTfJNA,"Hello, Goodbye - Remastered 2009",,0.4078600406646728,4,,dropout03,music|0vZ97gHhemKm6c64hTfJNA|The limits of understanding another person,a,1.0
P7_EN,philosophical,7,en,The limits of understanding another person,music,music,2w3eXFL86RgxGtDr8bzwgK,A Message,,0.4035184383392334,5,,dropout03,music|2w3eXFL86RgxGtDr8bzwgK|The limits of understanding another person,a,1.0
P7_EN,philosophical,7,en,The limits of understanding another person,music,music,5nW7RbN0mBLPts9CURNwdy,Say You Will,,0.4029499292373657,6,,dropout03,music|5nW7RbN0mBLPts9CURNwdy|The limits of understanding another person,a,1.0
P7_EN,philosophical,7,en,The limits of understanding another person,music,music,523qoxtSZJE2io945dAkVk,Something I Learned Today,,0.4028524458408355,7,,dropout03,music|523qoxtSZJE2io945dAkVk|The limits of understanding another person,a,1.0
P7_EN,philosophical,7,en,The limits of understanding another person,music,music,7EngpMPwriHk8e2WNfzU4l,Blue Red And Grey,,0.4025151431560516,8,,dropout03,music|7EngpMPwriHk8e2WNfzU4l|The limits of understanding another person,a,1.0
P7_EN,philosophical,7,en,The limits of understanding another person,music,music,2durxb17bXcmQJHSt8JAdO,No Tellin',,0.4002700448036194,9,,dropout03,music|2durxb17bXcmQJHSt8JAdO|The limits of understanding another person,x,0.0
P7_EN,philosophical,7,en,The limits of understanding another person,music,music,7lQ9vPEIo4caEIctf6bYOi,A Day In The Life - Remastered 2010,,0.4001273512840271,10,,dropout03,music|7lQ9vPEIo4caEIctf6bYOi|The limits of understanding another person,a,1.0
P7_EN,philosophical,7,en,The limits of understanding another person,book,book,gr_162314.Why_Men_Don_t_Listen_and_Women_Can_t_Read_Maps,Why Men Don't Listen and Women Can't Read Maps: How We're Different and What to Do About It,,0.645625114440918,1,,dropout03,book|gr_162314.Why_Men_Don_t_Listen_and_Women_Can_t_Read_Maps|The limits of understanding another person,a,1.0
P7_EN,philosophical,7,en,The limits of understanding another person,book,book,kdl_B007OWRBL8,You Just Don't Understand: Women and Men in Conversation,,0.6437364816665649,2,,dropout03,book|kdl_B007OWRBL8|The limits of understanding another person,a,1.0
P7_EN,philosophical,7,en,The limits of understanding another person,book,book,bx_0140289216,Sociolinguistics: An Introduction to Language and Society,,0.6153951287269592,3,,dropout03,book|bx_0140289216|The limits of understanding another person,a,1.0
P7_EN,philosophical,7,en,The limits of understanding another person,book,book,bx_0142000868,Thinks,,0.6054463982582092,4,,dropout03,book|bx_0142000868|The limits of understanding another person,x,0.0
P7_EN,philosophical,7,en,The limits of understanding another person,book,book,gr_17415877-the-equanimity-knowledge,The Equanimity Knowledge,,0.6031270027160645,5,,dropout03,book|gr_17415877-the-equanimity-knowledge|The limits of understanding another person,x,0.0
P7_EN,philosophical,7,en,The limits of understanding another person,book,book,kdl_B000FC2LWS,Why Men Don't Listen and Women Can't Read Maps: How We're Different and What to Do About It,,0.5933172702789307,6,,dropout03,book|kdl_B000FC2LWS|The limits of understanding another person,a,1.0
P7_EN,philosophical,7,en,The limits of understanding another person,book,book,gr_41777.Mike_Nelson_s_Mind_over_Matters,Mike Nelson's Mind over Matters,,0.5924595594406128,7,,dropout03,book|gr_41777.Mike_Nelson_s_Mind_over_Matters|The limits of understanding another person,x,0.0
P7_EN,philosophical,7,en,The limits of understanding another person,book,book,gr_43848929-talking-to-strangers,Talking to Strangers: What We Should Know About the People We Don’t Know,,0.5907350182533264,8,,dropout03,book|gr_43848929-talking-to-strangers|The limits of understanding another person,a,1.0
P7_EN,philosophical,7,en,The limits of understanding another person,book,book,bx_0330355953,Why don't people listen?,,0.5893117785453796,9,,dropout03,book|bx_0330355953|The limits of understanding another person,a,1.0
P7_EN,philosophical,7,en,The limits of understanding another person,book,book,bx_3550075359,Warum MÃ?Â¤nner lÃ?Â¼gen und Frauen immer Schuhe kaufen.,,0.5870445966720581,10,,dropout03,book|bx_3550075359|The limits of understanding another person,x,0.0
P7_EN,philosophical,7,en,The limits of understanding another person,all,book,gr_162314.Why_Men_Don_t_Listen_and_Women_Can_t_Read_Maps,Why Men Don't Listen and Women Can't Read Maps: How We're Different and What to Do About It,,0.645625114440918,1,,dropout03,book|gr_162314.Why_Men_Don_t_Listen_and_Women_Can_t_Read_Maps|The limits of understanding another person,a,1.0
P7_EN,philosophical,7,en,The limits of understanding another person,all,book,kdl_B007OWRBL8,You Just Don't Understand: Women and Men in Conversation,,0.6437364816665649,2,,dropout03,book|kdl_B007OWRBL8|The limits of understanding another person,a,1.0
P7_EN,philosophical,7,en,The limits of understanding another person,all,book,bx_0140289216,Sociolinguistics: An Introduction to Language and Society,,0.6153951287269592,3,,dropout03,book|bx_0140289216|The limits of understanding another person,a,1.0
P7_EN,philosophical,7,en,The limits of understanding another person,all,book,bx_0142000868,Thinks,,0.6054463982582092,4,,dropout03,book|bx_0142000868|The limits of understanding another person,x,0.0
P7_EN,philosophical,7,en,The limits of understanding another person,all,book,gr_17415877-the-equanimity-knowledge,The Equanimity Knowledge,,0.6031270027160645,5,,dropout03,book|gr_17415877-the-equanimity-knowledge|The limits of understanding another person,x,0.0
P7_EN,philosophical,7,en,The limits of understanding another person,all,book,kdl_B000FC2LWS,Why Men Don't Listen and Women Can't Read Maps: How We're Different and What to Do About It,,0.5933172702789307,6,,dropout03,book|kdl_B000FC2LWS|The limits of understanding another person,a,1.0
P7_EN,philosophical,7,en,The limits of understanding another person,all,book,gr_41777.Mike_Nelson_s_Mind_over_Matters,Mike Nelson's Mind over Matters,,0.5924595594406128,7,,dropout03,book|gr_41777.Mike_Nelson_s_Mind_over_Matters|The limits of understanding another person,x,0.0
P7_EN,philosophical,7,en,The limits of understanding another person,all,book,gr_43848929-talking-to-strangers,Talking to Strangers: What We Should Know About the People We Don’t Know,,0.5907350182533264,8,,dropout03,book|gr_43848929-talking-to-strangers|The limits of understanding another person,a,1.0
P7_EN,philosophical,7,en,The limits of understanding another person,all,book,bx_0330355953,Why don't people listen?,,0.5893117785453796,9,,dropout03,book|bx_0330355953|The limits of understanding another person,a,1.0
P7_EN,philosophical,7,en,The limits of understanding another person,all,book,bx_3550075359,Warum MÃ?Â¤nner lÃ?Â¼gen und Frauen immer Schuhe kaufen.,,0.5870445966720581,10,,dropout03,book|bx_3550075359|The limits of understanding another person,x,0.0
P8_EN,philosophical,8,en,The weight of a life facing its end,movie,movie,1202339,20 Seconds of Joy (2007),,0.5478625297546387,1,,dropout03,movie|1202339|The weight of a life facing its end,a,1.0
P8_EN,philosophical,8,en,The weight of a life facing its end,movie,movie,77504,The End (1978),,0.5439133644104004,2,,dropout03,movie|77504|The weight of a life facing its end,o,2.0
P8_EN,philosophical,8,en,The weight of a life facing its end,movie,movie,1929387,Terry Pratchett: Choosing to Die (2011),,0.531745195388794,3,,dropout03,movie|1929387|The weight of a life facing its end,a,1.0
P8_EN,philosophical,8,en,The weight of a life facing its end,movie,movie,3267194,The Immortalists (2014),,0.5310577154159546,4,,dropout03,movie|3267194|The weight of a life facing its end,a,1.0
P8_EN,philosophical,8,en,The weight of a life facing its end,movie,movie,61613,Oedipus Rex (1967),,0.5272789597511292,5,,dropout03,movie|61613|The weight of a life facing its end,x,0.0
P8_EN,philosophical,8,en,The weight of a life facing its end,movie,movie,1194612,Into Eternity: A Film for the Future (2010),,0.5204293727874756,6,,dropout03,movie|1194612|The weight of a life facing its end,a,1.0
P8_EN,philosophical,8,en,The weight of a life facing its end,movie,movie,73715,Sisyphus (1974),,0.5175930261611938,7,,dropout03,movie|73715|The weight of a life facing its end,a,1.0
P8_EN,philosophical,8,en,The weight of a life facing its end,movie,movie,3145026,Prison Terminal: The Last Days of Private Jack Hall (2013),,0.5151852965354919,8,,dropout03,movie|3145026|The weight of a life facing its end,a,1.0
P8_EN,philosophical,8,en,The weight of a life facing its end,movie,movie,492488,So Much So Fast (2006),,0.5144975185394287,9,,dropout03,movie|492488|The weight of a life facing its end,a,1.0
P8_EN,philosophical,8,en,The weight of a life facing its end,movie,movie,107322,King of the Hill (1993),,0.514155387878418,10,,dropout03,movie|107322|The weight of a life facing its end,x,0.0
P8_EN,philosophical,8,en,The weight of a life facing its end,music,music,7B1QliUMZv7gSTUGAfMRRD,Live Like You Were Dying,,0.6051226854324341,1,,dropout03,music|7B1QliUMZv7gSTUGAfMRRD|The weight of a life facing its end,a,1.0
P8_EN,philosophical,8,en,The weight of a life facing its end,music,music,0304Y3lXclcRh5N50KJ3sE,This Is Letting Go,,0.5586060285568237,2,,dropout03,music|0304Y3lXclcRh5N50KJ3sE|The weight of a life facing its end,o,2.0
P8_EN,philosophical,8,en,The weight of a life facing its end,music,music,0wHNrrefyaeVewm4NxjxrX,Make It Stop (September's Children),,0.5512774586677551,3,,dropout03,music|0wHNrrefyaeVewm4NxjxrX|The weight of a life facing its end,a,1.0
P8_EN,philosophical,8,en,The weight of a life facing its end,music,music,7EFho37SrizYaQ2NVxLejd,Skin O' My Teeth - Remastered,,0.5331367254257202,4,,dropout03,music|7EFho37SrizYaQ2NVxLejd|The weight of a life facing its end,a,1.0
P8_EN,philosophical,8,en,The weight of a life facing its end,music,music,1AOisyOwLgQ7EveVBCo0GG,I Don't Love,,0.5275680422782898,5,,dropout03,music|1AOisyOwLgQ7EveVBCo0GG|The weight of a life facing its end,a,1.0
P8_EN,philosophical,8,en,The weight of a life facing its end,music,music,2XuG6qXo9WZHn9O2QUxeTM,Need a Little Time off for Bad Behavior,,0.5242294073104858,6,,dropout03,music|2XuG6qXo9WZHn9O2QUxeTM|The weight of a life facing its end,x,0.0
P8_EN,philosophical,8,en,The weight of a life facing its end,music,music,1qqu8COuWRIDUpMLrYKRou,Caught In A Jar,,0.523240327835083,7,,dropout03,music|1qqu8COuWRIDUpMLrYKRou|The weight of a life facing its end,a,1.0
P8_EN,philosophical,8,en,The weight of a life facing its end,music,music,5TxUedy2CM04QihDdOFnsk,Immortality - Remastered,,0.5225362181663513,8,,dropout03,music|5TxUedy2CM04QihDdOFnsk|The weight of a life facing its end,a,1.0
P8_EN,philosophical,8,en,The weight of a life facing its end,music,music,3cbTV3IZZvSBYVcl0xuZbY,Bound For The Floor,,0.5210400819778442,9,,dropout03,music|3cbTV3IZZvSBYVcl0xuZbY|The weight of a life facing its end,a,1.0
P8_EN,philosophical,8,en,The weight of a life facing its end,music,music,7LB6xhGZ0jCbP3PfUDA7yw,Thoughts of a Dying Atheist,,0.5188536643981934,10,,dropout03,music|7LB6xhGZ0jCbP3PfUDA7yw|The weight of a life facing its end,o,2.0
P8_EN,philosophical,8,en,The weight of a life facing its end,book,book,gr_13529055-mortality,Mortality,,0.6177788972854614,1,,dropout03,book|gr_13529055-mortality|The weight of a life facing its end,a,1.0
P8_EN,philosophical,8,en,The weight of a life facing its end,book,book,gr_11295616-a-life-too-short,A Life Too Short: The Tragedy of Robert Enke,,0.6069322228431702,2,,dropout03,book|gr_11295616-a-life-too-short|The weight of a life facing its end,a,1.0
P8_EN,philosophical,8,en,The weight of a life facing its end,book,book,gr_50695.Everyman,Everyman,,0.5700160264968872,3,,dropout03,book|gr_50695.Everyman|The weight of a life facing its end,a,1.0
P8_EN,philosophical,8,en,The weight of a life facing its end,book,book,bx_0195125932,A Means to an End: The Biological Basis of Aging and Death,,0.5690379738807678,4,,dropout03,book|bx_0195125932|The weight of a life facing its end,a,1.0
P8_EN,philosophical,8,en,The weight of a life facing its end,book,book,kdl_B009JWCRJC,To the End of June: The Intimate Life of American Foster Care,,0.5663909316062927,5,,dropout03,book|kdl_B009JWCRJC|The weight of a life facing its end,a,1.0
P8_EN,philosophical,8,en,The weight of a life facing its end,book,book,bx_0440237084,Left for Dead: My Journey Home from Everest,,0.5594996213912964,6,,dropout03,book|bx_0440237084|The weight of a life facing its end,a,1.0
P8_EN,philosophical,8,en,The weight of a life facing its end,book,book,bx_002089130X,On Death &amp; Dying,,0.5555393695831299,7,,dropout03,book|bx_002089130X|The weight of a life facing its end,a,1.0
P8_EN,philosophical,8,en,The weight of a life facing its end,book,book,kdl_B08PJPW83Y,Till the End,,0.552162766456604,8,,dropout03,book|kdl_B08PJPW83Y|The weight of a life facing its end,a,1.0
P8_EN,philosophical,8,en,The weight of a life facing its end,book,book,bx_0970127480,"\Living And Dying in 4/4 Time\""""",,0.5515733957290649,9,,dropout03,book|bx_0970127480|The weight of a life facing its end,x,0.0
P8_EN,philosophical,8,en,The weight of a life facing its end,book,book,kdl_B00LEYI4L8,Slow Getting Up: A Story of NFL Survival from the Bottom of the Pile,,0.5502215623855591,10,,dropout03,book|kdl_B00LEYI4L8|The weight of a life facing its end,x,0.0
P8_EN,philosophical,8,en,The weight of a life facing its end,all,book,gr_13529055-mortality,Mortality,,0.6177788972854614,1,,dropout03,book|gr_13529055-mortality|The weight of a life facing its end,a,1.0
P8_EN,philosophical,8,en,The weight of a life facing its end,all,book,gr_11295616-a-life-too-short,A Life Too Short: The Tragedy of Robert Enke,,0.6069322228431702,2,,dropout03,book|gr_11295616-a-life-too-short|The weight of a life facing its end,a,1.0
P8_EN,philosophical,8,en,The weight of a life facing its end,all,music,7B1QliUMZv7gSTUGAfMRRD,Live Like You Were Dying,,0.6051226854324341,3,,dropout03,music|7B1QliUMZv7gSTUGAfMRRD|The weight of a life facing its end,a,1.0
P8_EN,philosophical,8,en,The weight of a life facing its end,all,book,gr_50695.Everyman,Everyman,,0.5700160264968872,4,,dropout03,book|gr_50695.Everyman|The weight of a life facing its end,a,1.0
P8_EN,philosophical,8,en,The weight of a life facing its end,all,book,bx_0195125932,A Means to an End: The Biological Basis of Aging and Death,,0.5690379738807678,5,,dropout03,book|bx_0195125932|The weight of a life facing its end,a,1.0
P8_EN,philosophical,8,en,The weight of a life facing its end,all,book,kdl_B009JWCRJC,To the End of June: The Intimate Life of American Foster Care,,0.5663909316062927,6,,dropout03,book|kdl_B009JWCRJC|The weight of a life facing its end,a,1.0
P8_EN,philosophical,8,en,The weight of a life facing its end,all,book,bx_0440237084,Left for Dead: My Journey Home from Everest,,0.5594996213912964,7,,dropout03,book|bx_0440237084|The weight of a life facing its end,a,1.0
P8_EN,philosophical,8,en,The weight of a life facing its end,all,music,0304Y3lXclcRh5N50KJ3sE,This Is Letting Go,,0.5586060285568237,8,,dropout03,music|0304Y3lXclcRh5N50KJ3sE|The weight of a life facing its end,o,2.0
P8_EN,philosophical,8,en,The weight of a life facing its end,all,book,bx_002089130X,On Death &amp; Dying,,0.5555393695831299,9,,dropout03,book|bx_002089130X|The weight of a life facing its end,a,1.0
P8_EN,philosophical,8,en,The weight of a life facing its end,all,book,kdl_B08PJPW83Y,Till the End,,0.552162766456604,10,,dropout03,book|kdl_B08PJPW83Y|The weight of a life facing its end,a,1.0
P9_EN,philosophical,9,en,Choosing between being right and being kind,movie,movie,1935065,Not Suitable for Children (2012),,0.5678029656410217,1,,dropout03,movie|1935065|Choosing between being right and being kind,x,0.0
P9_EN,philosophical,9,en,Choosing between being right and being kind,movie,movie,3720724,Requisitos para ser una persona normal (2015),,0.5412665605545044,2,,dropout03,movie|3720724|Choosing between being right and being kind,a,1.0
P9_EN,philosophical,9,en,Choosing between being right and being kind,movie,movie,120151,A Smile Like Yours (1997),,0.5306232571601868,3,,dropout03,movie|120151|Choosing between being right and being kind,a,1.0
P9_EN,philosophical,9,en,Choosing between being right and being kind,movie,movie,986272,Validation (2007),,0.497352123260498,4,,dropout03,movie|986272|Choosing between being right and being kind,a,1.0
P9_EN,philosophical,9,en,Choosing between being right and being kind,movie,movie,1817287,Is the Man Who Is Tall Happy? (2013),,0.4963922500610351,5,,dropout03,movie|1817287|Choosing between being right and being kind,a,1.0
P9_EN,philosophical,9,en,Choosing between being right and being kind,movie,movie,1667100,La chance de ma vie (2011),,0.4874393343925476,6,,dropout03,movie|1667100|Choosing between being right and being kind,a,1.0
P9_EN,philosophical,9,en,Choosing between being right and being kind,movie,movie,380623,The Perfect Man (2005),,0.4835624694824219,7,,dropout03,movie|380623|Choosing between being right and being kind,a,1.0
P9_EN,philosophical,9,en,Choosing between being right and being kind,movie,movie,2637276,Ted 2 (2015),,0.4688280820846557,8,,dropout03,movie|2637276|Choosing between being right and being kind,x,0.0
P9_EN,philosophical,9,en,Choosing between being right and being kind,movie,movie,858479,Smart People (2008),,0.4683811366558075,9,,dropout03,movie|858479|Choosing between being right and being kind,a,1.0
P9_EN,philosophical,9,en,Choosing between being right and being kind,movie,movie,858479,Smart People (2008),,0.4683811366558075,10,,dropout03,movie|858479|Choosing between being right and being kind,a,1.0
P9_EN,philosophical,9,en,Choosing between being right and being kind,music,music,2VYF84ZzEofEYYg0cCxETc,Try A Little Kindness,,0.4319394826889038,1,,dropout03,music|2VYF84ZzEofEYYg0cCxETc|Choosing between being right and being kind,o,2.0
P9_EN,philosophical,9,en,Choosing between being right and being kind,music,music,7ti94QY6CIjiEEKEqgGRLw,Take It Like a Man,,0.3977154493331909,2,,dropout03,music|7ti94QY6CIjiEEKEqgGRLw|Choosing between being right and being kind,x,0.0
P9_EN,philosophical,9,en,Choosing between being right and being kind,music,music,3Cq4BUlxDg4ulj7XnN2COP,Anything Goes,,0.3797877430915832,3,,dropout03,music|3Cq4BUlxDg4ulj7XnN2COP|Choosing between being right and being kind,a,1.0
P9_EN,philosophical,9,en,Choosing between being right and being kind,music,music,52zm3qweHMnmK3tb7dVHrm,"You and Your Folks, Me and My Folks",,0.3730050325393677,4,,dropout03,music|52zm3qweHMnmK3tb7dVHrm|Choosing between being right and being kind,a,1.0
P9_EN,philosophical,9,en,Choosing between being right and being kind,music,music,31FRR27ahNjI9CvS9qoFPr,Real Love,,0.367931991815567,5,,dropout03,music|31FRR27ahNjI9CvS9qoFPr|Choosing between being right and being kind,a,1.0
P9_EN,philosophical,9,en,Choosing between being right and being kind,music,music,6aeOSY6fPsvGTzyXi65pNY,Leopard-Skin Pill-Box Hat,,0.3634127378463745,6,,dropout03,music|6aeOSY6fPsvGTzyXi65pNY|Choosing between being right and being kind,a,1.0
P9_EN,philosophical,9,en,Choosing between being right and being kind,music,music,68AhslXGVDKUUyHnDkORGF,The Chain of Love,,0.3610017895698547,7,,dropout03,music|68AhslXGVDKUUyHnDkORGF|Choosing between being right and being kind,a,1.0
P9_EN,philosophical,9,en,Choosing between being right and being kind,music,music,5R4fSg6JqyfT2IQLC4D7GW,Nice Boys,,0.3605169057846069,8,,dropout03,music|5R4fSg6JqyfT2IQLC4D7GW|Choosing between being right and being kind,a,1.0
P9_EN,philosophical,9,en,Choosing between being right and being kind,music,music,2DxX9x7Cmywikp14l1YUdk,Who's Making Love,,0.3604089319705963,9,,dropout03,music|2DxX9x7Cmywikp14l1YUdk|Choosing between being right and being kind,x,0.0
P9_EN,philosophical,9,en,Choosing between being right and being kind,music,music,64bKVrkaXQAKx04dLHqCNz,Think For Yourself - Remastered 2009,,0.3562393188476562,10,,dropout03,music|64bKVrkaXQAKx04dLHqCNz|Choosing between being right and being kind,a,1.0
P9_EN,philosophical,9,en,Choosing between being right and being kind,book,book,kdl_B07MTBJKBM,"Raising Good Humans: A Mindful Guide to Breaking the Cycle of Reactive Parenting and Raising Kind, Confident Kids",,0.6536397337913513,1,,dropout03,book|kdl_B07MTBJKBM|Choosing between being right and being kind,a,1.0
P9_EN,philosophical,9,en,Choosing between being right and being kind,book,book,gr_18373291-congratulations-by-the-way,"Congratulations, by the way: Some Thoughts on Kindness",,0.6242550611495972,2,,dropout03,book|gr_18373291-congratulations-by-the-way|Choosing between being right and being kind,o,2.0
P9_EN,philosophical,9,en,Choosing between being right and being kind,book,book,kdl_B07JYF3LBR,The War for Kindness: Building Empathy in a Fractured World,,0.6225426197052002,3,,dropout03,book|kdl_B07JYF3LBR|Choosing between being right and being kind,a,1.0
P9_EN,philosophical,9,en,Choosing between being right and being kind,book,book,gr_48760.The_Birth_Order_Book,The Birth Order Book: Why You Are the Way You Are,,0.6203942894935608,4,,dropout03,book|gr_48760.The_Birth_Order_Book|Choosing between being right and being kind,x,0.0
P9_EN,philosophical,9,en,Choosing between being right and being kind,book,book,kdl_B09YNGK32V,Parenting: Getting It Right,,0.6152909398078918,5,,dropout03,book|kdl_B09YNGK32V|Choosing between being right and being kind,a,1.0
P9_EN,philosophical,9,en,Choosing between being right and being kind,book,book,kdl_B07T6C3R2Y,Parenting with Love and Logic: Teaching Children Responsibility,,0.6127283573150635,6,,dropout03,book|kdl_B07T6C3R2Y|Choosing between being right and being kind,x,0.0
P9_EN,philosophical,9,en,Choosing between being right and being kind,book,book,kdl_B075C9LFNX,Now Say This: The Right Words to Solve Every Parenting Dilemma,,0.6043926477432251,7,,dropout03,book|kdl_B075C9LFNX|Choosing between being right and being kind,a,1.0
P9_EN,philosophical,9,en,Choosing between being right and being kind,book,book,kdl_B07PM68H3J,Human Behavior Theory for Social Work Practice,,0.6015853881835938,8,,dropout03,book|kdl_B07PM68H3J|Choosing between being right and being kind,a,1.0
P9_EN,philosophical,9,en,Choosing between being right and being kind,book,book,bx_0060195460,"Keep It Simple, Stupid: You're Smarter Than You Look",,0.6006691455841064,9,,dropout03,book|bx_0060195460|Choosing between being right and being kind,x,0.0
P9_EN,philosophical,9,en,Choosing between being right and being kind,book,book,gr_134353.I_m_OK_You_re_OK,I'm OK - You're OK,,0.5989137291908264,10,,dropout03,book|gr_134353.I_m_OK_You_re_OK|Choosing between being right and being kind,a,1.0
P9_EN,philosophical,9,en,Choosing between being right and being kind,all,book,kdl_B07MTBJKBM,"Raising Good Humans: A Mindful Guide to Breaking the Cycle of Reactive Parenting and Raising Kind, Confident Kids",,0.6536397337913513,1,,dropout03,book|kdl_B07MTBJKBM|Choosing between being right and being kind,a,1.0
P9_EN,philosophical,9,en,Choosing between being right and being kind,all,book,gr_18373291-congratulations-by-the-way,"Congratulations, by the way: Some Thoughts on Kindness",,0.6242550611495972,2,,dropout03,book|gr_18373291-congratulations-by-the-way|Choosing between being right and being kind,o,2.0
P9_EN,philosophical,9,en,Choosing between being right and being kind,all,book,kdl_B07JYF3LBR,The War for Kindness: Building Empathy in a Fractured World,,0.6225426197052002,3,,dropout03,book|kdl_B07JYF3LBR|Choosing between being right and being kind,a,1.0
P9_EN,philosophical,9,en,Choosing between being right and being kind,all,book,gr_48760.The_Birth_Order_Book,The Birth Order Book: Why You Are the Way You Are,,0.6203942894935608,4,,dropout03,book|gr_48760.The_Birth_Order_Book|Choosing between being right and being kind,x,0.0
P9_EN,philosophical,9,en,Choosing between being right and being kind,all,book,kdl_B09YNGK32V,Parenting: Getting It Right,,0.6152909398078918,5,,dropout03,book|kdl_B09YNGK32V|Choosing between being right and being kind,a,1.0
P9_EN,philosophical,9,en,Choosing between being right and being kind,all,book,kdl_B07T6C3R2Y,Parenting with Love and Logic: Teaching Children Responsibility,,0.6127283573150635,6,,dropout03,book|kdl_B07T6C3R2Y|Choosing between being right and being kind,x,0.0
P9_EN,philosophical,9,en,Choosing between being right and being kind,all,book,kdl_B075C9LFNX,Now Say This: The Right Words to Solve Every Parenting Dilemma,,0.6043926477432251,7,,dropout03,book|kdl_B075C9LFNX|Choosing between being right and being kind,a,1.0
P9_EN,philosophical,9,en,Choosing between being right and being kind,all,book,kdl_B07PM68H3J,Human Behavior Theory for Social Work Practice,,0.6015853881835938,8,,dropout03,book|kdl_B07PM68H3J|Choosing between being right and being kind,a,1.0
P9_EN,philosophical,9,en,Choosing between being right and being kind,all,book,bx_0060195460,"Keep It Simple, Stupid: You're Smarter Than You Look",,0.6006691455841064,9,,dropout03,book|bx_0060195460|Choosing between being right and being kind,x,0.0
P9_EN,philosophical,9,en,Choosing between being right and being kind,all,book,gr_134353.I_m_OK_You_re_OK,I'm OK - You're OK,,0.5989137291908264,10,,dropout03,book|gr_134353.I_m_OK_You_re_OK|Choosing between being right and being kind,a,1.0
P10_EN,philosophical,10,en,Meaning inside a repeating daily life,movie,movie,1706542,The Ah of Life (2010),,0.5690034627914429,1,,dropout03,movie|1706542|Meaning inside a repeating daily life,a,1.0
P10_EN,philosophical,10,en,Meaning inside a repeating daily life,movie,movie,304808,Ten Minutes Older: The Trumpet (2002),,0.5613254904747009,2,,dropout03,movie|304808|Meaning inside a repeating daily life,a,1.0
P10_EN,philosophical,10,en,Meaning inside a repeating daily life,movie,movie,1172957,How to Live Forever (2009),,0.5297592878341675,3,,dropout03,movie|1172957|Meaning inside a repeating daily life,a,1.0
P10_EN,philosophical,10,en,Meaning inside a repeating daily life,movie,movie,400913,Uuno Turhapuro - This Is My Life (2004),,0.5121457576751709,4,,dropout03,movie|400913|Meaning inside a repeating daily life,a,1.0
P10_EN,philosophical,10,en,Meaning inside a repeating daily life,movie,movie,196499,Walden (1969),,0.5119836926460266,5,,dropout03,movie|196499|Meaning inside a repeating daily life,a,1.0
P10_EN,philosophical,10,en,Meaning inside a repeating daily life,movie,movie,304483,Normaal - Ik kom altied weer terug (2001),,0.5118290185928345,6,,dropout03,movie|304483|Meaning inside a repeating daily life,a,1.0
P10_EN,philosophical,10,en,Meaning inside a repeating daily life,movie,movie,892422,Pente lepta akoma (2006),,0.5062540769577026,7,,dropout03,movie|892422|Meaning inside a repeating daily life,a,1.0
P10_EN,philosophical,10,en,Meaning inside a repeating daily life,movie,movie,2222584,In No Great Hurry: 13 Lessons in Life with Saul Leiter (2014),,0.5040135383605957,8,,dropout03,movie|2222584|Meaning inside a repeating daily life,a,1.0
P10_EN,philosophical,10,en,Meaning inside a repeating daily life,movie,movie,75610,21 Up (1977),,0.5007033944129944,9,,dropout03,movie|75610|Meaning inside a repeating daily life,a,1.0
P10_EN,philosophical,10,en,Meaning inside a repeating daily life,movie,movie,1217243,Akiresu to kame (2008),,0.4930430948734283,10,,dropout03,movie|1217243|Meaning inside a repeating daily life,a,1.0
P10_EN,philosophical,10,en,Meaning inside a repeating daily life,music,music,3J36VgHD5KvlNR7NinNph5,Full Circle,,0.4944368600845337,1,,dropout03,music|3J36VgHD5KvlNR7NinNph5|Meaning inside a repeating daily life,x,0.0
P10_EN,philosophical,10,en,Meaning inside a repeating daily life,music,music,6QSmeY9pNWnE0fAUrXmYC7,We Are Nowhere And It's Now,,0.4915561079978943,2,,dropout03,music|6QSmeY9pNWnE0fAUrXmYC7|Meaning inside a repeating daily life,a,1.0
P10_EN,philosophical,10,en,Meaning inside a repeating daily life,music,music,5KTaAvodoyuWIUOetdsEFd,Never Ending Math Equation,,0.4844074547290802,3,,dropout03,music|5KTaAvodoyuWIUOetdsEFd|Meaning inside a repeating daily life,a,1.0
P10_EN,philosophical,10,en,Meaning inside a repeating daily life,music,music,3EQBVWHnCv19VW8JSxiNzi,20 Years,,0.478921115398407,4,,dropout03,music|3EQBVWHnCv19VW8JSxiNzi|Meaning inside a repeating daily life,a,1.0
P10_EN,philosophical,10,en,Meaning inside a repeating daily life,music,music,7EngpMPwriHk8e2WNfzU4l,Blue Red And Grey,,0.4759157299995422,5,,dropout03,music|7EngpMPwriHk8e2WNfzU4l|Meaning inside a repeating daily life,a,1.0
P10_EN,philosophical,10,en,Meaning inside a repeating daily life,music,music,3lKoKxbgDUmpRWyUQUjDvi,I Do,,0.4669623374938965,6,,dropout03,music|3lKoKxbgDUmpRWyUQUjDvi|Meaning inside a repeating daily life,x,0.0
P10_EN,philosophical,10,en,Meaning inside a repeating daily life,music,music,7lPjS6Yd4lRk4BsboDsm1H,Roundabout - 2008 Remaster,,0.4669518172740936,7,,dropout03,music|7lPjS6Yd4lRk4BsboDsm1H|Meaning inside a repeating daily life,a,1.0
P10_EN,philosophical,10,en,Meaning inside a repeating daily life,music,music,5nMfIpT4sBRTjrNwhHKZxE,Windowpane,,0.4614945948123932,8,,dropout03,music|5nMfIpT4sBRTjrNwhHKZxE|Meaning inside a repeating daily life,a,1.0
P10_EN,philosophical,10,en,Meaning inside a repeating daily life,music,music,2jwaErbghhcia4JqUYWz3g,Days Go By,,0.4601258337497711,9,,dropout03,music|2jwaErbghhcia4JqUYWz3g|Meaning inside a repeating daily life,a,1.0
P10_EN,philosophical,10,en,Meaning inside a repeating daily life,music,music,2CHmgtK8OCL28WtIK96u4N,30 Hours,,0.4580379128456116,10,,dropout03,music|2CHmgtK8OCL28WtIK96u4N|Meaning inside a repeating daily life,x,0.0
P10_EN,philosophical,10,en,Meaning inside a repeating daily life,book,book,gr_39872.Encyclopedia_of_an_Ordinary_Life,Encyclopedia of an Ordinary Life,,0.6304713487625122,1,,dropout03,book|gr_39872.Encyclopedia_of_an_Ordinary_Life|Meaning inside a repeating daily life,a,1.0
P10_EN,philosophical,10,en,Meaning inside a repeating daily life,book,book,kdl_B01B616SQG,Cómo fracasar en casi todo y aun así triunfar: Algo así como la historia de mi vida (Gestion Del Conocimiento) (Spanish Edition),,0.6081424951553345,2,,dropout03,book|kdl_B01B616SQG|Meaning inside a repeating daily life,x,0.0
P10_EN,philosophical,10,en,Meaning inside a repeating daily life,book,book,gr_2252947.Not_Quite_What_I_Was_Planning,Not Quite What I Was Planning: Six-Word Memoirs by Writers Famous and Obscure,,0.6055606603622437,3,,dropout03,book|gr_2252947.Not_Quite_What_I_Was_Planning|Meaning inside a repeating daily life,a,1.0
P10_EN,philosophical,10,en,Meaning inside a repeating daily life,book,book,bx_0449905446,In an Average Lifetime...,,0.5846199989318848,4,,dropout03,book|bx_0449905446|Meaning inside a repeating daily life,x,0.0
P10_EN,philosophical,10,en,Meaning inside a repeating daily life,book,book,gr_7433963-40,40 في معنى أن أكبر,,0.5744380354881287,5,,dropout03,book|gr_7433963-40|Meaning inside a repeating daily life,a,1.0
P10_EN,philosophical,10,en,Meaning inside a repeating daily life,book,book,bx_0446516511,How Did I Get Here So Fast?: Rhetorical Questions and Available Answers from a Long and Happy Life,,0.57429438829422,6,,dropout03,book|bx_0446516511|Meaning inside a repeating daily life,x,0.0
P10_EN,philosophical,10,en,Meaning inside a repeating daily life,book,book,bx_1558746927,"The 60-Second Novelist - What 22,613 People Taught Me About Life",,0.5709070563316345,7,,dropout03,book|bx_1558746927|Meaning inside a repeating daily life,a,1.0
P10_EN,philosophical,10,en,Meaning inside a repeating daily life,book,book,bx_1552783111,A Year in Hinesight,,0.5619902610778809,8,,dropout03,book|bx_1552783111|Meaning inside a repeating daily life,a,1.0
P10_EN,philosophical,10,en,Meaning inside a repeating daily life,book,book,gr_30544514-par-d-bas,Parādības,,0.5609333515167236,9,,dropout03,book|gr_30544514-par-d-bas|Meaning inside a repeating daily life,a,1.0
P10_EN,philosophical,10,en,Meaning inside a repeating daily life,book,book,bx_0609609017,Ten Poems to Change Your Life,,0.5552407503128052,10,,dropout03,book|bx_0609609017|Meaning inside a repeating daily life,a,1.0
P10_EN,philosophical,10,en,Meaning inside a repeating daily life,all,book,gr_39872.Encyclopedia_of_an_Ordinary_Life,Encyclopedia of an Ordinary Life,,0.6304713487625122,1,,dropout03,book|gr_39872.Encyclopedia_of_an_Ordinary_Life|Meaning inside a repeating daily life,a,1.0
P10_EN,philosophical,10,en,Meaning inside a repeating daily life,all,book,kdl_B01B616SQG,Cómo fracasar en casi todo y aun así triunfar: Algo así como la historia de mi vida (Gestion Del Conocimiento) (Spanish Edition),,0.6081424951553345,2,,dropout03,book|kdl_B01B616SQG|Meaning inside a repeating daily life,x,0.0
P10_EN,philosophical,10,en,Meaning inside a repeating daily life,all,book,gr_2252947.Not_Quite_What_I_Was_Planning,Not Quite What I Was Planning: Six-Word Memoirs by Writers Famous and Obscure,,0.6055606603622437,3,,dropout03,book|gr_2252947.Not_Quite_What_I_Was_Planning|Meaning inside a repeating daily life,a,1.0
P10_EN,philosophical,10,en,Meaning inside a repeating daily life,all,book,bx_0449905446,In an Average Lifetime...,,0.5846199989318848,4,,dropout03,book|bx_0449905446|Meaning inside a repeating daily life,x,0.0
P10_EN,philosophical,10,en,Meaning inside a repeating daily life,all,book,gr_7433963-40,40 في معنى أن أكبر,,0.5744380354881287,5,,dropout03,book|gr_7433963-40|Meaning inside a repeating daily life,a,1.0
P10_EN,philosophical,10,en,Meaning inside a repeating daily life,all,book,bx_0446516511,How Did I Get Here So Fast?: Rhetorical Questions and Available Answers from a Long and Happy Life,,0.57429438829422,6,,dropout03,book|bx_0446516511|Meaning inside a repeating daily life,x,0.0
P10_EN,philosophical,10,en,Meaning inside a repeating daily life,all,book,bx_1558746927,"The 60-Second Novelist - What 22,613 People Taught Me About Life",,0.5709070563316345,7,,dropout03,book|bx_1558746927|Meaning inside a repeating daily life,a,1.0
P10_EN,philosophical,10,en,Meaning inside a repeating daily life,all,movie,1706542,The Ah of Life (2010),,0.5690034627914429,8,,dropout03,movie|1706542|Meaning inside a repeating daily life,a,1.0
P10_EN,philosophical,10,en,Meaning inside a repeating daily life,all,book,bx_1552783111,A Year in Hinesight,,0.5619902610778809,9,,dropout03,book|bx_1552783111|Meaning inside a repeating daily life,a,1.0
P10_EN,philosophical,10,en,Meaning inside a repeating daily life,all,movie,304808,Ten Minutes Older: The Trumpet (2002),,0.5613254904747009,10,,dropout03,movie|304808|Meaning inside a repeating daily life,a,1.0
T5_EN,poet,5,en,A heart cooling like forgotten coffee,movie,movie,397696,Un cartus de kent si un pachet de cafea (2004),,0.5660642981529236,1,,dropout03,movie|397696|A heart cooling like forgotten coffee,x,0.0
T5_EN,poet,5,en,A heart cooling like forgotten coffee,movie,movie,323872,Salmer fra kjíkkenet (2003),,0.5366051197052002,2,,dropout03,movie|323872|A heart cooling like forgotten coffee,x,0.0
T5_EN,poet,5,en,A heart cooling like forgotten coffee,movie,movie,1436572,CafÌ© (2011),,0.5337005853652954,3,,dropout03,movie|1436572|A heart cooling like forgotten coffee,a,1.0
T5_EN,poet,5,en,A heart cooling like forgotten coffee,movie,movie,80461,"Bon Voyage, Charlie Brown (and Don't Come Back!!) (1980)",,0.5308884382247925,4,,dropout03,movie|80461|A heart cooling like forgotten coffee,x,0.0
T5_EN,poet,5,en,A heart cooling like forgotten coffee,movie,movie,73198,"Jeanne Dielman, 23, quai du commerce, 1080 Bruxelles (1975)",,0.5259185433387756,5,,dropout03,movie|73198|A heart cooling like forgotten coffee,a,1.0
T5_EN,poet,5,en,A heart cooling like forgotten coffee,movie,movie,106612,Cooperstown (1993),,0.5234382152557373,6,,dropout03,movie|106612|A heart cooling like forgotten coffee,a,1.0
T5_EN,poet,5,en,A heart cooling like forgotten coffee,movie,movie,85244,The Big Chill (1983),,0.5153157711029053,7,,dropout03,movie|85244|A heart cooling like forgotten coffee,a,1.0
T5_EN,poet,5,en,A heart cooling like forgotten coffee,movie,movie,288092,Kruh in mleko (2001),,0.5147117376327515,8,,dropout03,movie|288092|A heart cooling like forgotten coffee,a,1.0
T5_EN,poet,5,en,A heart cooling like forgotten coffee,movie,movie,101404,The Ballad of the Sad Cafe (1991),,0.5101445913314819,9,,dropout03,movie|101404|A heart cooling like forgotten coffee,a,1.0
T5_EN,poet,5,en,A heart cooling like forgotten coffee,movie,movie,4386134,Old Fashioned: The Story of the Wisconsin Supper Club (2015),,0.4988839030265808,10,,dropout03,movie|4386134|A heart cooling like forgotten coffee,x,0.0
T5_EN,poet,5,en,A heart cooling like forgotten coffee,music,music,5qdQPrWmZv8xYhMJCDrdHF,Heartache Medication,,0.5823739767074585,1,,dropout03,music|5qdQPrWmZv8xYhMJCDrdHF|A heart cooling like forgotten coffee,a,1.0
T5_EN,poet,5,en,A heart cooling like forgotten coffee,music,music,7o2M1H5G247OQs98gIo10z,The Slowest Drink at the Saddest Bar on the Snowiest Day in the Greatest City,,0.5822217464447021,2,,dropout03,music|7o2M1H5G247OQs98gIo10z|A heart cooling like forgotten coffee,a,1.0
T5_EN,poet,5,en,A heart cooling like forgotten coffee,music,music,7CBrUf50mf2IqcRZla38by,She Used to Be Mine,,0.5775370597839355,3,,dropout03,music|7CBrUf50mf2IqcRZla38by|A heart cooling like forgotten coffee,x,0.0
T5_EN,poet,5,en,A heart cooling like forgotten coffee,music,music,3Wu3IMulUoneiGD4jDVi0n,All These Years,,0.5756096839904785,4,,dropout03,music|3Wu3IMulUoneiGD4jDVi0n|A heart cooling like forgotten coffee,a,1.0
T5_EN,poet,5,en,A heart cooling like forgotten coffee,music,music,16GdiwewBf99MhUSVsxUBe,Coffee Blues,,0.5748432874679565,5,,dropout03,music|16GdiwewBf99MhUSVsxUBe|A heart cooling like forgotten coffee,a,1.0
T5_EN,poet,5,en,A heart cooling like forgotten coffee,music,music,7f9sC9fvtjYSZYOLSmKJlq,Tom's Diner,,0.5708581805229187,6,,dropout03,music|7f9sC9fvtjYSZYOLSmKJlq|A heart cooling like forgotten coffee,a,1.0
T5_EN,poet,5,en,A heart cooling like forgotten coffee,music,music,1Ut07w9DCI3dBmCX9cSRUG,"Jack Daniel's, If You Please",,0.5687979459762573,7,,dropout03,music|1Ut07w9DCI3dBmCX9cSRUG|A heart cooling like forgotten coffee,a,1.0
T5_EN,poet,5,en,A heart cooling like forgotten coffee,music,music,43n2r40uvvkcyxEE1RHqhq,Sleazy Bed Track,,0.5641751885414124,8,,dropout03,music|43n2r40uvvkcyxEE1RHqhq|A heart cooling like forgotten coffee,x,0.0
T5_EN,poet,5,en,A heart cooling like forgotten coffee,music,music,57TaM8GozkJBz90xvQ1xME,Living Next Door to Alice,,0.5635075569152832,9,,dropout03,music|57TaM8GozkJBz90xvQ1xME|A heart cooling like forgotten coffee,x,0.0
T5_EN,poet,5,en,A heart cooling like forgotten coffee,music,music,0lngUitwRDbvZ5yVO76dVN,Come Pick Me Up,,0.5547918677330017,10,,dropout03,music|0lngUitwRDbvZ5yVO76dVN|A heart cooling like forgotten coffee,x,0.0
T5_EN,poet,5,en,A heart cooling like forgotten coffee,book,book,bx_0151104506,Bailey's Cafe,,0.6360857486724854,1,,dropout03,book|bx_0151104506|A heart cooling like forgotten coffee,a,1.0
T5_EN,poet,5,en,A heart cooling like forgotten coffee,book,book,gr_77699.Dinner_at_the_Homesick_Restaurant,Dinner at the Homesick Restaurant,,0.6292489767074585,2,,dropout03,book|gr_77699.Dinner_at_the_Homesick_Restaurant|A heart cooling like forgotten coffee,a,1.0
T5_EN,poet,5,en,A heart cooling like forgotten coffee,book,book,bx_1557734739,Bittersweet Destiny,,0.6243470311164856,3,,dropout03,book|bx_1557734739|A heart cooling like forgotten coffee,a,1.0
T5_EN,poet,5,en,A heart cooling like forgotten coffee,book,book,gr_522471.Hope_Was_Here,Hope Was Here,,0.6116957664489746,4,,dropout03,book|gr_522471.Hope_Was_Here|A heart cooling like forgotten coffee,x,0.0
T5_EN,poet,5,en,A heart cooling like forgotten coffee,book,book,gr_706435.The_Tea_House_on_Mulberry_Street,The Tea House on Mulberry Street,,0.6062608957290649,5,,dropout03,book|gr_706435.The_Tea_House_on_Mulberry_Street|A heart cooling like forgotten coffee,a,1.0
T5_EN,poet,5,en,A heart cooling like forgotten coffee,book,book,gr_681545.Bread_Alone,Bread Alone,,0.6012427806854248,6,,dropout03,book|gr_681545.Bread_Alone|A heart cooling like forgotten coffee,a,1.0
T5_EN,poet,5,en,A heart cooling like forgotten coffee,book,book,gr_9667161-il-ristorante-dell-amore-ritrovato,Il ristorante dell'amore ritrovato,,0.6011468172073364,7,,dropout03,book|gr_9667161-il-ristorante-dell-amore-ritrovato|A heart cooling like forgotten coffee,x,0.0
T5_EN,poet,5,en,A heart cooling like forgotten coffee,book,book,bx_0446521582,The Honk and Holler Opening Soon,,0.5959354639053345,8,,dropout03,book|bx_0446521582|A heart cooling like forgotten coffee,a,1.0
T5_EN,poet,5,en,A heart cooling like forgotten coffee,book,book,bx_0425059995,Dinner Homesick Rest,,0.5951748490333557,9,,dropout03,book|bx_0425059995|A heart cooling like forgotten coffee,x,0.0
T5_EN,poet,5,en,A heart cooling like forgotten coffee,book,book,bx_0060084405,Bread Alone : A Novel,,0.5853789448738098,10,,dropout03,book|bx_0060084405|A heart cooling like forgotten coffee,a,1.0
T5_EN,poet,5,en,A heart cooling like forgotten coffee,all,book,bx_0151104506,Bailey's Cafe,,0.6360857486724854,1,,dropout03,book|bx_0151104506|A heart cooling like forgotten coffee,a,1.0
T5_EN,poet,5,en,A heart cooling like forgotten coffee,all,book,gr_77699.Dinner_at_the_Homesick_Restaurant,Dinner at the Homesick Restaurant,,0.6292489767074585,2,,dropout03,book|gr_77699.Dinner_at_the_Homesick_Restaurant|A heart cooling like forgotten coffee,a,1.0
T5_EN,poet,5,en,A heart cooling like forgotten coffee,all,book,bx_1557734739,Bittersweet Destiny,,0.6243470311164856,3,,dropout03,book|bx_1557734739|A heart cooling like forgotten coffee,a,1.0
T5_EN,poet,5,en,A heart cooling like forgotten coffee,all,book,gr_522471.Hope_Was_Here,Hope Was Here,,0.6116957664489746,4,,dropout03,book|gr_522471.Hope_Was_Here|A heart cooling like forgotten coffee,x,0.0
T5_EN,poet,5,en,A heart cooling like forgotten coffee,all,book,gr_706435.The_Tea_House_on_Mulberry_Street,The Tea House on Mulberry Street,,0.6062608957290649,5,,dropout03,book|gr_706435.The_Tea_House_on_Mulberry_Street|A heart cooling like forgotten coffee,a,1.0
T5_EN,poet,5,en,A heart cooling like forgotten coffee,all,book,gr_681545.Bread_Alone,Bread Alone,,0.6012427806854248,6,,dropout03,book|gr_681545.Bread_Alone|A heart cooling like forgotten coffee,a,1.0
T5_EN,poet,5,en,A heart cooling like forgotten coffee,all,book,gr_9667161-il-ristorante-dell-amore-ritrovato,Il ristorante dell'amore ritrovato,,0.6011468172073364,7,,dropout03,book|gr_9667161-il-ristorante-dell-amore-ritrovato|A heart cooling like forgotten coffee,x,0.0
T5_EN,poet,5,en,A heart cooling like forgotten coffee,all,book,bx_0446521582,The Honk and Holler Opening Soon,,0.5959354639053345,8,,dropout03,book|bx_0446521582|A heart cooling like forgotten coffee,a,1.0
T5_EN,poet,5,en,A heart cooling like forgotten coffee,all,book,bx_0425059995,Dinner Homesick Rest,,0.5951748490333557,9,,dropout03,book|bx_0425059995|A heart cooling like forgotten coffee,x,0.0
T5_EN,poet,5,en,A heart cooling like forgotten coffee,all,book,bx_0060084405,Bread Alone : A Novel,,0.5853789448738098,10,,dropout03,book|bx_0060084405|A heart cooling like forgotten coffee,a,1.0
T6_EN,poet,6,en,The smell rising from an old letter,movie,movie,2174736,Envelope (2012),,0.5777283906936646,1,,dropout03,movie|2174736|The smell rising from an old letter,a,1.0
T6_EN,poet,6,en,The smell rising from an old letter,movie,movie,140340,The Love Letter (1998),,0.5547077655792236,2,,dropout03,movie|140340|The smell rising from an old letter,a,1.0
T6_EN,poet,6,en,The smell rising from an old letter,movie,movie,2320087,The Letter Writer (2011),,0.5119414925575256,3,,dropout03,movie|2320087|The smell rising from an old letter,a,1.0
T6_EN,poet,6,en,The smell rising from an old letter,movie,movie,64145,"Certain, Very Certain, As a Matter of Fact... Probable (1969)",,0.5047235488891602,4,,dropout03,movie|64145|The smell rising from an old letter,x,0.0
T6_EN,poet,6,en,The smell rising from an old letter,movie,movie,307596,"The Tulse Luper Suitcases, Part 1: The Moab Story (2003)",,0.4562866687774658,5,,dropout03,movie|307596|The smell rising from an old letter,a,1.0
T6_EN,poet,6,en,The smell rising from an old letter,movie,movie,40536,Letter from an Unknown Woman (1948),,0.4524180591106415,6,,dropout03,movie|40536|The smell rising from an old letter,a,1.0
T6_EN,poet,6,en,The smell rising from an old letter,movie,movie,177650,Company Man (2000),,0.4422076940536499,7,,dropout03,movie|177650|The smell rising from an old letter,x,0.0
T6_EN,poet,6,en,The smell rising from an old letter,movie,movie,90570,84 Charing Cross Road (1987),,0.4412582516670227,8,,dropout03,movie|90570|The smell rising from an old letter,a,1.0
T6_EN,poet,6,en,The smell rising from an old letter,movie,movie,1311071,Kill Your Darlings (2013),,0.4369368851184845,9,,dropout03,movie|1311071|The smell rising from an old letter,a,1.0
T6_EN,poet,6,en,The smell rising from an old letter,movie,movie,166252,The Love Letter (1999),,0.433908998966217,10,,dropout03,movie|166252|The smell rising from an old letter,a,1.0
T6_EN,poet,6,en,The smell rising from an old letter,music,music,16GdiwewBf99MhUSVsxUBe,Coffee Blues,,0.3737019300460815,1,,dropout03,music|16GdiwewBf99MhUSVsxUBe|The smell rising from an old letter,a,1.0
T6_EN,poet,6,en,The smell rising from an old letter,music,music,1T02MleMfYPohqKcd8uY6J,Who the Fuck Is Alice - Live,,0.3693546056747436,2,,dropout03,music|1T02MleMfYPohqKcd8uY6J|The smell rising from an old letter,x,0.0
T6_EN,poet,6,en,The smell rising from an old letter,music,music,6wfK1R6FoLpmUA9lk5ll4T,Please Mister Postman - Remastered 2009,,0.369340181350708,3,,dropout03,music|6wfK1R6FoLpmUA9lk5ll4T|The smell rising from an old letter,a,1.0
T6_EN,poet,6,en,The smell rising from an old letter,music,music,7bs4wDnaX0z7BTeM6lTcYA,(How Much Is That) Doggie In The Window,,0.3663245141506195,4,,dropout03,music|7bs4wDnaX0z7BTeM6lTcYA|The smell rising from an old letter,x,0.0
T6_EN,poet,6,en,The smell rising from an old letter,music,music,32YVCuvm2iXGkNIDDmSX0j,The Letter That Never Came,,0.3552230596542358,5,,dropout03,music|32YVCuvm2iXGkNIDDmSX0j|The smell rising from an old letter,a,1.0
T6_EN,poet,6,en,The smell rising from an old letter,music,music,06xNkl12TrxwGYrwTGlUUd,Main Title,,0.3482738733291626,6,,dropout03,music|06xNkl12TrxwGYrwTGlUUd|The smell rising from an old letter,a,1.0
T6_EN,poet,6,en,The smell rising from an old letter,music,music,0fqP1OK8UuiVK4WdsYCeY3,All My Life,,0.3402568101882934,7,,dropout03,music|0fqP1OK8UuiVK4WdsYCeY3|The smell rising from an old letter,x,0.0
T6_EN,poet,6,en,The smell rising from an old letter,music,music,15cGdiAHmezm0P04jVAjMo,Letters from Home,,0.3322029113769531,8,,dropout03,music|15cGdiAHmezm0P04jVAjMo|The smell rising from an old letter,a,1.0
T6_EN,poet,6,en,The smell rising from an old letter,music,music,3DcPLPvsZPcFcYfMPMfh4e,I Want You to Want Me,,0.3312130570411682,9,,dropout03,music|3DcPLPvsZPcFcYfMPMfh4e|The smell rising from an old letter,x,0.0
T6_EN,poet,6,en,The smell rising from an old letter,music,music,7xwQQFE2sujoxValiZrkm4,Cruel to Be Kind,,0.3306614756584167,10,,dropout03,music|7xwQQFE2sujoxValiZrkm4|The smell rising from an old letter,x,0.0
T6_EN,poet,6,en,The smell rising from an old letter,book,book,gr_18160436-the-letter,The Letter,,0.6374335289001465,1,,dropout03,book|gr_18160436-the-letter|The smell rising from an old letter,a,1.0
T6_EN,poet,6,en,The smell rising from an old letter,book,book,gr_1129283.Gone_with_the_Wind_Letters,Gone with the Wind Letters,,0.5668647289276123,2,,dropout03,book|gr_1129283.Gone_with_the_Wind_Letters|The smell rising from an old letter,a,1.0
T6_EN,poet,6,en,The smell rising from an old letter,book,book,gr_6578507-the-postmistress,The Postmistress,,0.5602144002914429,3,,dropout03,book|gr_6578507-the-postmistress|The smell rising from an old letter,a,1.0
T6_EN,poet,6,en,The smell rising from an old letter,book,book,bx_0553109588,More Letters from a Nut,,0.5539495944976807,4,,dropout03,book|bx_0553109588|The smell rising from an old letter,x,0.0
T6_EN,poet,6,en,The smell rising from an old letter,book,book,bx_0373255888,"Dear John... (Harlequin Temptation, No 488)",,0.5519821643829346,5,,dropout03,book|bx_0373255888|The smell rising from an old letter,a,1.0
T6_EN,poet,6,en,The smell rising from an old letter,book,book,bx_0140089365,Q's Legacy,,0.5417013168334961,6,,dropout03,book|bx_0140089365|The smell rising from an old letter,x,0.0
T6_EN,poet,6,en,The smell rising from an old letter,book,book,bx_044022375X,My Dearest Enemy,,0.5402914881706238,7,,dropout03,book|bx_044022375X|The smell rising from an old letter,a,1.0
T6_EN,poet,6,en,The smell rising from an old letter,book,book,bx_0064400816,"West from Home: Letters of Laura Ingalls Wilder, San Francisco, 1915",,0.5346872806549072,8,,dropout03,book|bx_0064400816|The smell rising from an old letter,a,1.0
T6_EN,poet,6,en,The smell rising from an old letter,book,book,bx_1590580397,The Maltese Manuscript,,0.5346122980117798,9,,dropout03,book|bx_1590580397|The smell rising from an old letter,x,0.0
T6_EN,poet,6,en,The smell rising from an old letter,book,book,kdl_B004IYITJ8,The Last Letter from Your Lover: A Novel,,0.5292961597442627,10,,dropout03,book|kdl_B004IYITJ8|The smell rising from an old letter,a,1.0
T6_EN,poet,6,en,The smell rising from an old letter,all,book,gr_18160436-the-letter,The Letter,,0.6374335289001465,1,,dropout03,book|gr_18160436-the-letter|The smell rising from an old letter,a,1.0
T6_EN,poet,6,en,The smell rising from an old letter,all,movie,2174736,Envelope (2012),,0.5777283906936646,2,,dropout03,movie|2174736|The smell rising from an old letter,a,1.0
T6_EN,poet,6,en,The smell rising from an old letter,all,book,gr_1129283.Gone_with_the_Wind_Letters,Gone with the Wind Letters,,0.5668647289276123,3,,dropout03,book|gr_1129283.Gone_with_the_Wind_Letters|The smell rising from an old letter,a,1.0
T6_EN,poet,6,en,The smell rising from an old letter,all,book,gr_6578507-the-postmistress,The Postmistress,,0.5602144002914429,4,,dropout03,book|gr_6578507-the-postmistress|The smell rising from an old letter,a,1.0
T6_EN,poet,6,en,The smell rising from an old letter,all,movie,140340,The Love Letter (1998),,0.5547077655792236,5,,dropout03,movie|140340|The smell rising from an old letter,a,1.0
T6_EN,poet,6,en,The smell rising from an old letter,all,book,bx_0553109588,More Letters from a Nut,,0.5539495944976807,6,,dropout03,book|bx_0553109588|The smell rising from an old letter,x,0.0
T6_EN,poet,6,en,The smell rising from an old letter,all,book,bx_0373255888,"Dear John... (Harlequin Temptation, No 488)",,0.5519821643829346,7,,dropout03,book|bx_0373255888|The smell rising from an old letter,a,1.0
T6_EN,poet,6,en,The smell rising from an old letter,all,book,bx_0140089365,Q's Legacy,,0.5417013168334961,8,,dropout03,book|bx_0140089365|The smell rising from an old letter,x,0.0
T6_EN,poet,6,en,The smell rising from an old letter,all,book,bx_044022375X,My Dearest Enemy,,0.5402914881706238,9,,dropout03,book|bx_044022375X|The smell rising from an old letter,a,1.0
T6_EN,poet,6,en,The smell rising from an old letter,all,book,bx_0064400816,"West from Home: Letters of Laura Ingalls Wilder, San Francisco, 1915",,0.5346872806549072,10,,dropout03,book|bx_0064400816|The smell rising from an old letter,a,1.0
T7_EN,poet,7,en,Winter breath fogging a windowpane,movie,movie,906599,Holiday Wishes (2006),,0.6178501844406128,1,,dropout03,movie|906599|Winter breath fogging a windowpane,a,1.0
T7_EN,poet,7,en,Winter breath fogging a windowpane,movie,movie,290321,A Town Without Christmas (2001),,0.568217396736145,2,,dropout03,movie|290321|Winter breath fogging a windowpane,x,0.0
T7_EN,poet,7,en,Winter breath fogging a windowpane,movie,movie,993789,A Christmas Tale (2008),,0.5639361143112183,3,,dropout03,movie|993789|Winter breath fogging a windowpane,a,1.0
T7_EN,poet,7,en,Winter breath fogging a windowpane,movie,movie,1942839,Deck the Halls (2011),,0.5637057423591614,4,,dropout03,movie|1942839|Winter breath fogging a windowpane,a,1.0
T7_EN,poet,7,en,Winter breath fogging a windowpane,movie,movie,1795050,Whistle and I'll Come to You (2010),,0.563559889793396,5,,dropout03,movie|1795050|Winter breath fogging a windowpane,a,1.0
T7_EN,poet,7,en,Winter breath fogging a windowpane,movie,movie,85492,An Englishman Abroad (1983),,0.5539892315864563,6,,dropout03,movie|85492|Winter breath fogging a windowpane,x,0.0
T7_EN,poet,7,en,Winter breath fogging a windowpane,movie,movie,4050552,Last Christmas,,0.551474928855896,7,,dropout03,movie|4050552|Winter breath fogging a windowpane,x,0.0
T7_EN,poet,7,en,Winter breath fogging a windowpane,movie,movie,816562,The Little Matchgirl (2006),,0.547997236251831,8,,dropout03,movie|816562|Winter breath fogging a windowpane,a,1.0
T7_EN,poet,7,en,Winter breath fogging a windowpane,movie,movie,1986204,"After Fall, Winter (2011)",,0.546298623085022,9,,dropout03,movie|1986204|Winter breath fogging a windowpane,a,1.0
T7_EN,poet,7,en,Winter breath fogging a windowpane,movie,movie,79278,Chilly Scenes of Winter (1979),,0.5371745228767395,10,,dropout03,movie|79278|Winter breath fogging a windowpane,a,1.0
T7_EN,poet,7,en,Winter breath fogging a windowpane,music,music,3sBnSBnzpEYKpJYGsAIbup,Christmas Eve / Sarajevo 12/24 - Instrumental,,0.5449274182319641,1,,dropout03,music|3sBnSBnzpEYKpJYGsAIbup|Winter breath fogging a windowpane,a,1.0
T7_EN,poet,7,en,Winter breath fogging a windowpane,music,music,2fQ2iALVbAZ7MkH6PaaIJ6,No Quarter - 1990 Remaster,,0.5438653826713562,2,,dropout03,music|2fQ2iALVbAZ7MkH6PaaIJ6|Winter breath fogging a windowpane,x,0.0
T7_EN,poet,7,en,Winter breath fogging a windowpane,music,music,0byOqNZN9ailhoORv5Ps0Z,I Am a Rock,,0.5291496515274048,3,,dropout03,music|0byOqNZN9ailhoORv5Ps0Z|Winter breath fogging a windowpane,a,1.0
T7_EN,poet,7,en,Winter breath fogging a windowpane,music,music,0tXPhc8LvM4dPvoRwI66XQ,I'll Be Home for Christmas,,0.5285265445709229,4,,dropout03,music|0tXPhc8LvM4dPvoRwI66XQ|Winter breath fogging a windowpane,a,1.0
T7_EN,poet,7,en,Winter breath fogging a windowpane,music,music,7JrNoSTiv07MwhMrBkaWMU,The Holly and The Ivy,,0.5174472332000732,5,,dropout03,music|7JrNoSTiv07MwhMrBkaWMU|Winter breath fogging a windowpane,a,1.0
T7_EN,poet,7,en,Winter breath fogging a windowpane,music,music,4H3KBBAe2Fcgv9lH6E10Oe,Harry in Winter,,0.5173245668411255,6,,dropout03,music|4H3KBBAe2Fcgv9lH6E10Oe|Winter breath fogging a windowpane,a,1.0
T7_EN,poet,7,en,Winter breath fogging a windowpane,music,music,4hGXwJZJASH1U7JGKnhJEg,First Snow,,0.5138890743255615,7,,dropout03,music|4hGXwJZJASH1U7JGKnhJEg|Winter breath fogging a windowpane,x,0.0
T7_EN,poet,7,en,Winter breath fogging a windowpane,music,music,5a1iz510sv2W9Dt1MvFd5R,It's Beginning to Look a Lot like Christmas,,0.513550877571106,8,,dropout03,music|5a1iz510sv2W9Dt1MvFd5R|Winter breath fogging a windowpane,x,0.0
T7_EN,poet,7,en,Winter breath fogging a windowpane,music,music,4so0Wek9Ig1p6CRCHuINwW,White Christmas,,0.5091402530670166,9,,dropout03,music|4so0Wek9Ig1p6CRCHuINwW|Winter breath fogging a windowpane,a,1.0
T7_EN,poet,7,en,Winter breath fogging a windowpane,music,music,4kg5hAOumbLtNSg6J8aq8e,Set The Fire To The Third Bar,,0.5038838386535645,10,,dropout03,music|4kg5hAOumbLtNSg6J8aq8e|Winter breath fogging a windowpane,x,0.0
T7_EN,poet,7,en,Winter breath fogging a windowpane,book,book,bx_8466609016,Una Navidad Diferente,,0.6682345867156982,1,,dropout03,book|bx_8466609016|Winter breath fogging a windowpane,x,0.0
T7_EN,poet,7,en,Winter breath fogging a windowpane,book,book,gr_6075576-december,December,,0.6381136178970337,2,,dropout03,book|gr_6075576-december|Winter breath fogging a windowpane,x,0.0
T7_EN,poet,7,en,Winter breath fogging a windowpane,book,book,bx_0312284535,The Apprentice : A Novel,,0.631492018699646,3,,dropout03,book|bx_0312284535|Winter breath fogging a windowpane,a,1.0
T7_EN,poet,7,en,Winter breath fogging a windowpane,book,book,gr_43086508,Коледна тайна,,0.6158933043479919,4,,dropout03,book|gr_43086508|Winter breath fogging a windowpane,x,0.0
T7_EN,poet,7,en,Winter breath fogging a windowpane,book,book,gr_142911.Snowfall,Snowfall,,0.615382730960846,5,,dropout03,book|gr_142911.Snowfall|Winter breath fogging a windowpane,a,1.0
T7_EN,poet,7,en,Winter breath fogging a windowpane,book,book,bx_8483101599,Asesinos Sin Rostro,,0.6144297122955322,6,,dropout03,book|bx_8483101599|Winter breath fogging a windowpane,x,0.0
T7_EN,poet,7,en,Winter breath fogging a windowpane,book,book,bx_081256667X,A Christmas Wedding (Family Saga),,0.6047162413597107,7,,dropout03,book|bx_081256667X|Winter breath fogging a windowpane,x,0.0
T7_EN,poet,7,en,Winter breath fogging a windowpane,book,book,bx_0061098000,Midnight Clear : A Callahan Garrity Mystery (Callahan Garrity Mysteries (Paperback)),,0.604712963104248,8,,dropout03,book|bx_0061098000|Winter breath fogging a windowpane,x,0.0
T7_EN,poet,7,en,Winter breath fogging a windowpane,book,book,gr_15803533-just-curious,Just Curious,,0.5977760553359985,9,,dropout03,book|gr_15803533-just-curious|Winter breath fogging a windowpane,x,0.0
T7_EN,poet,7,en,Winter breath fogging a windowpane,book,book,gr_342994.The_Little_Match_Girl,The Little Match Girl,,0.5955607295036316,10,,dropout03,book|gr_342994.The_Little_Match_Girl|Winter breath fogging a windowpane,x,0.0
T7_EN,poet,7,en,Winter breath fogging a windowpane,all,book,bx_8466609016,Una Navidad Diferente,,0.6682345867156982,1,,dropout03,book|bx_8466609016|Winter breath fogging a windowpane,x,0.0
T7_EN,poet,7,en,Winter breath fogging a windowpane,all,book,gr_6075576-december,December,,0.6381136178970337,2,,dropout03,book|gr_6075576-december|Winter breath fogging a windowpane,x,0.0
T7_EN,poet,7,en,Winter breath fogging a windowpane,all,book,bx_0312284535,The Apprentice : A Novel,,0.631492018699646,3,,dropout03,book|bx_0312284535|Winter breath fogging a windowpane,a,1.0
T7_EN,poet,7,en,Winter breath fogging a windowpane,all,movie,906599,Holiday Wishes (2006),,0.6178501844406128,4,,dropout03,movie|906599|Winter breath fogging a windowpane,a,1.0
T7_EN,poet,7,en,Winter breath fogging a windowpane,all,book,gr_43086508,Коледна тайна,,0.6158933043479919,5,,dropout03,book|gr_43086508|Winter breath fogging a windowpane,x,0.0
T7_EN,poet,7,en,Winter breath fogging a windowpane,all,book,gr_142911.Snowfall,Snowfall,,0.615382730960846,6,,dropout03,book|gr_142911.Snowfall|Winter breath fogging a windowpane,a,1.0
T7_EN,poet,7,en,Winter breath fogging a windowpane,all,book,bx_8483101599,Asesinos Sin Rostro,,0.6144297122955322,7,,dropout03,book|bx_8483101599|Winter breath fogging a windowpane,x,0.0
T7_EN,poet,7,en,Winter breath fogging a windowpane,all,book,bx_081256667X,A Christmas Wedding (Family Saga),,0.6047162413597107,8,,dropout03,book|bx_081256667X|Winter breath fogging a windowpane,x,0.0
T7_EN,poet,7,en,Winter breath fogging a windowpane,all,book,bx_0061098000,Midnight Clear : A Callahan Garrity Mystery (Callahan Garrity Mysteries (Paperback)),,0.604712963104248,9,,dropout03,book|bx_0061098000|Winter breath fogging a windowpane,x,0.0
T7_EN,poet,7,en,Winter breath fogging a windowpane,all,book,gr_15803533-just-curious,Just Curious,,0.5977760553359985,10,,dropout03,book|gr_15803533-just-curious|Winter breath fogging a windowpane,x,0.0
T8_EN,poet,8,en,A season that passed without being spoken,movie,movie,1196334,After Last Season (2009),,0.5533909201622009,1,,dropout03,movie|1196334|A season that passed without being spoken,a,1.0
T8_EN,poet,8,en,A season that passed without being spoken,movie,movie,192573,"Sarah, Plain and Tall: Winter's End (1999)",,0.5461764931678772,2,,dropout03,movie|192573|A season that passed without being spoken,a,1.0
T8_EN,poet,8,en,A season that passed without being spoken,movie,movie,2219516,SommarstÌ_llet (2013),,0.5387287735939026,3,,dropout03,movie|2219516|A season that passed without being spoken,a,1.0
T8_EN,poet,8,en,A season that passed without being spoken,movie,movie,85244,The Big Chill (1983),,0.5289048552513123,4,,dropout03,movie|85244|A season that passed without being spoken,a,1.0
T8_EN,poet,8,en,A season that passed without being spoken,movie,movie,2066973,Snowballs (2011),,0.5258688926696777,5,,dropout03,movie|2066973|A season that passed without being spoken,a,1.0
T8_EN,poet,8,en,A season that passed without being spoken,movie,movie,449018,The Final Season (2007),,0.5235161185264587,6,,dropout03,movie|449018|A season that passed without being spoken,a,1.0
T8_EN,poet,8,en,A season that passed without being spoken,movie,movie,449018,The Final Season (2007),,0.5235161185264587,7,,dropout03,movie|449018|A season that passed without being spoken,a,1.0
T8_EN,poet,8,en,A season that passed without being spoken,movie,movie,1986161,The Last Fall (2012),,0.5187638998031616,8,,dropout03,movie|1986161|A season that passed without being spoken,x,0.0
T8_EN,poet,8,en,A season that passed without being spoken,movie,movie,380817,Winter Passing (2005),,0.5185018181800842,9,,dropout03,movie|380817|A season that passed without being spoken,a,1.0
T8_EN,poet,8,en,A season that passed without being spoken,movie,movie,1431181,Another Year (2010),,0.5174096822738647,10,,dropout03,movie|1431181|A season that passed without being spoken,a,1.0
T8_EN,poet,8,en,A season that passed without being spoken,music,music,0VG9YWiGjyoKZNLurIhDfW,The Rain Song - Live at MSG 1973; 2018 Remaster,,0.5821394324302673,1,,dropout03,music|0VG9YWiGjyoKZNLurIhDfW|A season that passed without being spoken,a,1.0
T8_EN,poet,8,en,A season that passed without being spoken,music,music,5wTM2Bm8phDwHAuOsfBwhU,2000 Miles - 2007 Remaster,,0.5785318613052368,2,,dropout03,music|5wTM2Bm8phDwHAuOsfBwhU|A season that passed without being spoken,a,1.0
T8_EN,poet,8,en,A season that passed without being spoken,music,music,2XJIsmUaLybSTzTwCAh6Yk,"Stay Or Leave - Live at Wrigley Field, Chicago, IL - September 2010",,0.5668545961380005,3,,dropout03,music|2XJIsmUaLybSTzTwCAh6Yk|A season that passed without being spoken,a,1.0
T8_EN,poet,8,en,A season that passed without being spoken,music,music,1CKmI1IQjVEVB3F7VmJmM3,'Til Summer Comes Around,,0.5597946643829346,4,,dropout03,music|1CKmI1IQjVEVB3F7VmJmM3|A season that passed without being spoken,a,1.0
T8_EN,poet,8,en,A season that passed without being spoken,music,music,0djZ2ndRfAL69WYNra5jRC,April Come She Will,,0.5559139251708984,5,,dropout03,music|0djZ2ndRfAL69WYNra5jRC|A season that passed without being spoken,a,1.0
T8_EN,poet,8,en,A season that passed without being spoken,music,music,3YNKbymzBpPlqGTQnwtYWn,Winter Lady,,0.5503379702568054,6,,dropout03,music|3YNKbymzBpPlqGTQnwtYWn|A season that passed without being spoken,a,1.0
T8_EN,poet,8,en,A season that passed without being spoken,music,music,61HBuVsspScrGUobbfmhOT,The Summer Ends,,0.5495078563690186,7,,dropout03,music|61HBuVsspScrGUobbfmhOT|A season that passed without being spoken,a,1.0
T8_EN,poet,8,en,A season that passed without being spoken,music,music,5EqhOwl4nLnAcin3LiplTx,"Wasted Time - Live On MTV, 1994",,0.5444419384002686,8,,dropout03,music|5EqhOwl4nLnAcin3LiplTx|A season that passed without being spoken,a,1.0
T8_EN,poet,8,en,A season that passed without being spoken,music,music,1Yv6PMPkvLdCIFbm9kanaz,Autumn Leaves - 1999 / Digital Remaster,,0.540860116481781,9,,dropout03,music|1Yv6PMPkvLdCIFbm9kanaz|A season that passed without being spoken,a,1.0
T8_EN,poet,8,en,A season that passed without being spoken,music,music,5NR4kWeHWiSGObe0dehpGD,Indian Summer,,0.5402855277061462,10,,dropout03,music|5NR4kWeHWiSGObe0dehpGD|A season that passed without being spoken,a,1.0
T8_EN,poet,8,en,A season that passed without being spoken,book,book,bx_031211379X,"West of Yesterday, East of Summer: New and Selected Poems (1973-1993)",,0.655739426612854,1,,dropout03,book|bx_031211379X|A season that passed without being spoken,x,0.0
T8_EN,poet,8,en,A season that passed without being spoken,book,book,bx_0385498330,"First and Last Seasons: A Father, a Son, and Sunday Afternoon Football",,0.6003299355506897,2,,dropout03,book|bx_0385498330|A season that passed without being spoken,a,1.0
T8_EN,poet,8,en,A season that passed without being spoken,book,book,bx_0684803585,END OF SUMMER,,0.5691924095153809,3,,dropout03,book|bx_0684803585|A season that passed without being spoken,a,1.0
T8_EN,poet,8,en,A season that passed without being spoken,book,book,bx_0590411195,"Your's Till Niagara Falls, Abby",,0.5571843385696411,4,,dropout03,book|bx_0590411195|A season that passed without being spoken,x,0.0
T8_EN,poet,8,en,A season that passed without being spoken,book,book,gr_8005599-memories-from-lawrence,Memories from Lawrence,,0.5523678064346313,5,,dropout03,book|gr_8005599-memories-from-lawrence|A season that passed without being spoken,x,0.0
T8_EN,poet,8,en,A season that passed without being spoken,book,book,gr_127437.Telling_Christina_Goodbye,Telling Christina Goodbye,,0.5495322942733765,6,,dropout03,book|gr_127437.Telling_Christina_Goodbye|A season that passed without being spoken,x,0.0
T8_EN,poet,8,en,A season that passed without being spoken,book,book,kdl_B003BNZ6VQ,Burying Father Tim,,0.5428159236907959,7,,dropout03,book|kdl_B003BNZ6VQ|A season that passed without being spoken,x,0.0
T8_EN,poet,8,en,A season that passed without being spoken,book,book,gr_774032.A_Fan_s_Notes,A Fan's Notes,,0.5405420064926147,8,,dropout03,book|gr_774032.A_Fan_s_Notes|A season that passed without being spoken,x,0.0
T8_EN,poet,8,en,A season that passed without being spoken,book,book,bx_0156006529,Where or When  : A Novel,,0.536807656288147,9,,dropout03,book|bx_0156006529|A season that passed without being spoken,x,0.0
T8_EN,poet,8,en,A season that passed without being spoken,book,book,gr_4957350-tinkers,Tinkers,,0.5366688370704651,10,,dropout03,book|gr_4957350-tinkers|A season that passed without being spoken,a,1.0
T8_EN,poet,8,en,A season that passed without being spoken,all,book,bx_031211379X,"West of Yesterday, East of Summer: New and Selected Poems (1973-1993)",,0.655739426612854,1,,dropout03,book|bx_031211379X|A season that passed without being spoken,x,0.0
T8_EN,poet,8,en,A season that passed without being spoken,all,book,bx_0385498330,"First and Last Seasons: A Father, a Son, and Sunday Afternoon Football",,0.6003299355506897,2,,dropout03,book|bx_0385498330|A season that passed without being spoken,a,1.0
T8_EN,poet,8,en,A season that passed without being spoken,all,music,0VG9YWiGjyoKZNLurIhDfW,The Rain Song - Live at MSG 1973; 2018 Remaster,,0.5821394324302673,3,,dropout03,music|0VG9YWiGjyoKZNLurIhDfW|A season that passed without being spoken,a,1.0
T8_EN,poet,8,en,A season that passed without being spoken,all,music,5wTM2Bm8phDwHAuOsfBwhU,2000 Miles - 2007 Remaster,,0.5785318613052368,4,,dropout03,music|5wTM2Bm8phDwHAuOsfBwhU|A season that passed without being spoken,a,1.0
T8_EN,poet,8,en,A season that passed without being spoken,all,book,bx_0684803585,END OF SUMMER,,0.5691924095153809,5,,dropout03,book|bx_0684803585|A season that passed without being spoken,a,1.0
T8_EN,poet,8,en,A season that passed without being spoken,all,music,2XJIsmUaLybSTzTwCAh6Yk,"Stay Or Leave - Live at Wrigley Field, Chicago, IL - September 2010",,0.5668545961380005,6,,dropout03,music|2XJIsmUaLybSTzTwCAh6Yk|A season that passed without being spoken,a,1.0
T8_EN,poet,8,en,A season that passed without being spoken,all,music,1CKmI1IQjVEVB3F7VmJmM3,'Til Summer Comes Around,,0.5597946643829346,7,,dropout03,music|1CKmI1IQjVEVB3F7VmJmM3|A season that passed without being spoken,a,1.0
T8_EN,poet,8,en,A season that passed without being spoken,all,book,bx_0590411195,"Your's Till Niagara Falls, Abby",,0.5571843385696411,8,,dropout03,book|bx_0590411195|A season that passed without being spoken,x,0.0
T8_EN,poet,8,en,A season that passed without being spoken,all,music,0djZ2ndRfAL69WYNra5jRC,April Come She Will,,0.5559139251708984,9,,dropout03,music|0djZ2ndRfAL69WYNra5jRC|A season that passed without being spoken,a,1.0
T8_EN,poet,8,en,A season that passed without being spoken,all,movie,1196334,After Last Season (2009),,0.5533909201622009,10,,dropout03,movie|1196334|A season that passed without being spoken,a,1.0
T9_EN,poet,9,en,Time slipping away like sand,movie,movie,1190710,The Eternity Man (2008),,0.6009175777435303,1,,dropout03,movie|1190710|Time slipping away like sand,a,1.0
T9_EN,poet,9,en,Time slipping away like sand,movie,movie,983213,5 Centimeters Per Second (2007),,0.5505814552307129,2,,dropout03,movie|983213|Time slipping away like sand,o,2.0
T9_EN,poet,9,en,Time slipping away like sand,movie,movie,2043900,Last Call at the Oasis (2011),,0.5477044582366943,3,,dropout03,movie|2043900|Time slipping away like sand,x,0.0
T9_EN,poet,9,en,Time slipping away like sand,movie,movie,3620860,One-Minute Time Machine (2014),,0.5442981123924255,4,,dropout03,movie|3620860|Time slipping away like sand,a,1.0
T9_EN,poet,9,en,Time slipping away like sand,movie,movie,156794,Eternity and a Day (1998),,0.5428712368011475,5,,dropout03,movie|156794|Time slipping away like sand,o,2.0
T9_EN,poet,9,en,Time slipping away like sand,movie,movie,892422,Pente lepta akoma (2006),,0.5395295023918152,6,,dropout03,movie|892422|Time slipping away like sand,a,1.0
T9_EN,poet,9,en,Time slipping away like sand,movie,movie,2176504,The End of Time (2012),,0.5248973369598389,7,,dropout03,movie|2176504|Time slipping away like sand,a,1.0
T9_EN,poet,9,en,Time slipping away like sand,movie,movie,168950,Let It Come Down: The Life of Paul Bowles (1998),,0.5171769857406616,8,,dropout03,movie|168950|Time slipping away like sand,a,1.0
T9_EN,poet,9,en,Time slipping away like sand,movie,movie,1706542,The Ah of Life (2010),,0.509870171546936,9,,dropout03,movie|1706542|Time slipping away like sand,a,1.0
T9_EN,poet,9,en,Time slipping away like sand,movie,movie,367135,A Thief of Time (2004),,0.5050858855247498,10,,dropout03,movie|367135|Time slipping away like sand,a,1.0
T9_EN,poet,9,en,Time slipping away like sand,music,music,0Z26mbSHJ1dkUu7g9DDgif,Trigger,,0.6208592057228088,1,,dropout03,music|0Z26mbSHJ1dkUu7g9DDgif|Time slipping away like sand,a,1.0
T9_EN,poet,9,en,Time slipping away like sand,music,music,558ubozatFQlweufvHa3Ip,It Might Be Time,,0.6099530458450317,2,,dropout03,music|558ubozatFQlweufvHa3Ip|Time slipping away like sand,a,1.0
T9_EN,poet,9,en,Time slipping away like sand,music,music,1KcOU0q9AMXV9xi4tSzzCc,Posthumous Forgiveness,,0.5898258686065674,3,,dropout03,music|1KcOU0q9AMXV9xi4tSzzCc|Time slipping away like sand,a,1.0
T9_EN,poet,9,en,Time slipping away like sand,music,music,65TIlSzHRK25EE5P972aYG,Time,,0.5890442132949829,4,,dropout03,music|65TIlSzHRK25EE5P972aYG|Time slipping away like sand,a,1.0
T9_EN,poet,9,en,Time slipping away like sand,music,music,3ovjw5HZZv43SxTwApooCM,Wind Of Change,,0.5879090428352356,5,,dropout03,music|3ovjw5HZZv43SxTwApooCM|Time slipping away like sand,a,1.0
T9_EN,poet,9,en,Time slipping away like sand,music,music,3Xls4cNOwy01dtrNXb1inG,White Room,,0.5840100646018982,6,,dropout03,music|3Xls4cNOwy01dtrNXb1inG|Time slipping away like sand,a,1.0
T9_EN,poet,9,en,Time slipping away like sand,music,music,7qbLE7ssJcnWD6EO7My847,Ol' 55,,0.5753779411315918,7,,dropout03,music|7qbLE7ssJcnWD6EO7My847|Time slipping away like sand,a,1.0
T9_EN,poet,9,en,Time slipping away like sand,music,music,2jzjhQa7nLIaDMhMjSzedd,The End,,0.5711573958396912,8,,dropout03,music|2jzjhQa7nLIaDMhMjSzedd|Time slipping away like sand,a,1.0
T9_EN,poet,9,en,Time slipping away like sand,music,music,2eZjO58Qe9og2xmyfw4qwJ,Ludens,,0.5690286159515381,9,,dropout03,music|2eZjO58Qe9og2xmyfw4qwJ|Time slipping away like sand,a,1.0
T9_EN,poet,9,en,Time slipping away like sand,music,music,6aqm56xP40foYBBtAWWrnY,Running on Empty,,0.5642242431640625,10,,dropout03,music|6aqm56xP40foYBBtAWWrnY|Time slipping away like sand,a,1.0
T9_EN,poet,9,en,Time slipping away like sand,book,book,bx_0671746049,"CLOSING TIME : THE SEQUEL TO CATCH-22, A NOVEL BY",,0.5720441937446594,1,,dropout03,book|bx_0671746049|Time slipping away like sand,x,0.0
T9_EN,poet,9,en,Time slipping away like sand,book,book,bx_0140101330,Old Devils,,0.5686511397361755,2,,dropout03,book|bx_0140101330|Time slipping away like sand,a,1.0
T9_EN,poet,9,en,Time slipping away like sand,book,book,gr_386372.Mort,Mort,,0.5657247304916382,3,,dropout03,book|gr_386372.Mort|Time slipping away like sand,x,0.0
T9_EN,poet,9,en,Time slipping away like sand,book,book,gr_21420175-time-stands-still,Time Stands Still,,0.5522346496582031,4,,dropout03,book|gr_21420175-time-stands-still|Time slipping away like sand,x,0.0
T9_EN,poet,9,en,Time slipping away like sand,book,book,bx_0375400060,Toward the End of Time,,0.5509288907051086,5,,dropout03,book|bx_0375400060|Time slipping away like sand,a,1.0
T9_EN,poet,9,en,Time slipping away like sand,book,book,gr_8694331-waiting-to-live,Waiting to Live,,0.5412530899047852,6,,dropout03,book|gr_8694331-waiting-to-live|Time slipping away like sand,a,1.0
T9_EN,poet,9,en,Time slipping away like sand,book,book,kdl_B0C8BZ6X25,El final de los tiempos (Spanish Edition),,0.5369682312011719,7,,dropout03,book|kdl_B0C8BZ6X25|Time slipping away like sand,x,0.0
T9_EN,poet,9,en,Time slipping away like sand,book,book,bx_2290311782,Je Voudrais Que Quelqu'un M'Attende Quelque Part,,0.5348243117332458,8,,dropout03,book|bx_2290311782|Time slipping away like sand,a,1.0
T9_EN,poet,9,en,Time slipping away like sand,book,book,bx_0006485294,Minus Time,,0.520264744758606,9,,dropout03,book|bx_0006485294|Time slipping away like sand,a,1.0
T9_EN,poet,9,en,Time slipping away like sand,book,book,gr_2585588-jukstaposisi,Jukstaposisi: Cerita tuhan Mati,,0.5197395086288452,10,,dropout03,book|gr_2585588-jukstaposisi|Time slipping away like sand,x,0.0
T9_EN,poet,9,en,Time slipping away like sand,all,music,0Z26mbSHJ1dkUu7g9DDgif,Trigger,,0.6208592057228088,1,,dropout03,music|0Z26mbSHJ1dkUu7g9DDgif|Time slipping away like sand,a,1.0
T9_EN,poet,9,en,Time slipping away like sand,all,music,558ubozatFQlweufvHa3Ip,It Might Be Time,,0.6099530458450317,2,,dropout03,music|558ubozatFQlweufvHa3Ip|Time slipping away like sand,a,1.0
T9_EN,poet,9,en,Time slipping away like sand,all,movie,1190710,The Eternity Man (2008),,0.6009175777435303,3,,dropout03,movie|1190710|Time slipping away like sand,a,1.0
T9_EN,poet,9,en,Time slipping away like sand,all,music,1KcOU0q9AMXV9xi4tSzzCc,Posthumous Forgiveness,,0.5898258686065674,4,,dropout03,music|1KcOU0q9AMXV9xi4tSzzCc|Time slipping away like sand,a,1.0
T9_EN,poet,9,en,Time slipping away like sand,all,music,65TIlSzHRK25EE5P972aYG,Time,,0.5890442132949829,5,,dropout03,music|65TIlSzHRK25EE5P972aYG|Time slipping away like sand,a,1.0
T9_EN,poet,9,en,Time slipping away like sand,all,music,3ovjw5HZZv43SxTwApooCM,Wind Of Change,,0.5879090428352356,6,,dropout03,music|3ovjw5HZZv43SxTwApooCM|Time slipping away like sand,a,1.0
T9_EN,poet,9,en,Time slipping away like sand,all,music,3Xls4cNOwy01dtrNXb1inG,White Room,,0.5840100646018982,7,,dropout03,music|3Xls4cNOwy01dtrNXb1inG|Time slipping away like sand,a,1.0
T9_EN,poet,9,en,Time slipping away like sand,all,music,7qbLE7ssJcnWD6EO7My847,Ol' 55,,0.5753779411315918,8,,dropout03,music|7qbLE7ssJcnWD6EO7My847|Time slipping away like sand,a,1.0
T9_EN,poet,9,en,Time slipping away like sand,all,book,bx_0671746049,"CLOSING TIME : THE SEQUEL TO CATCH-22, A NOVEL BY",,0.5720441937446594,9,,dropout03,book|bx_0671746049|Time slipping away like sand,x,0.0
T9_EN,poet,9,en,Time slipping away like sand,all,music,2jzjhQa7nLIaDMhMjSzedd,The End,,0.5711573958396912,10,,dropout03,music|2jzjhQa7nLIaDMhMjSzedd|Time slipping away like sand,a,1.0
T10_EN,poet,10,en,Warmth left in a room after the lights go out,movie,movie,2194599,KokowÌ_Ì_h 2 (2013),,0.6497591733932495,1,,dropout03,movie|2194599|Warmth left in a room after the lights go out,x,0.0
T10_EN,poet,10,en,Warmth left in a room after the lights go out,movie,movie,90583,About Last Night... (1986),,0.6135861277580261,2,,dropout03,movie|90583|Warmth left in a room after the lights go out,a,1.0
T10_EN,poet,10,en,Warmth left in a room after the lights go out,movie,movie,910847,Breakfast with Scot (2007),,0.6026339530944824,3,,dropout03,movie|910847|Warmth left in a room after the lights go out,x,0.0
T10_EN,poet,10,en,Warmth left in a room after the lights go out,movie,movie,5917230,"Signed, Sealed, Delivered: One in a Million (2016)",,0.5967523455619812,4,,dropout03,movie|5917230|Warmth left in a room after the lights go out,a,1.0
T10_EN,poet,10,en,Warmth left in a room after the lights go out,movie,movie,1436572,CafÌ© (2011),,0.5853874683380127,5,,dropout03,movie|1436572|Warmth left in a room after the lights go out,a,1.0
T10_EN,poet,10,en,Warmth left in a room after the lights go out,movie,movie,2994382,Window Wonderland (2013),,0.5853633880615234,6,,dropout03,movie|2994382|Warmth left in a room after the lights go out,a,1.0
T10_EN,poet,10,en,Warmth left in a room after the lights go out,movie,movie,910873,An Evening with Kevin Smith 2: Evening Harder (2006),,0.5840534567832947,7,,dropout03,movie|910873|Warmth left in a room after the lights go out,x,0.0
T10_EN,poet,10,en,Warmth left in a room after the lights go out,movie,movie,910873,An Evening with Kevin Smith 2: Evening Harder (2006),,0.5840534567832947,8,,dropout03,movie|910873|Warmth left in a room after the lights go out,x,0.0
T10_EN,poet,10,en,Warmth left in a room after the lights go out,movie,movie,696462,Tom and Jerry,,0.5798836946487427,9,,dropout03,movie|696462|Warmth left in a room after the lights go out,x,0.0
T10_EN,poet,10,en,Warmth left in a room after the lights go out,movie,movie,113443,It's My Party (1996),,0.5759651064872742,10,,dropout03,movie|113443|Warmth left in a room after the lights go out,a,1.0
T10_EN,poet,10,en,Warmth left in a room after the lights go out,music,music,5Q2P43CJra0uRAogjHyJDK,"Baby, It's Cold Outside (feat. Meghan Trainor)",,0.6829538345336914,1,,dropout03,music|5Q2P43CJra0uRAogjHyJDK|Warmth left in a room after the lights go out,x,0.0
T10_EN,poet,10,en,Warmth left in a room after the lights go out,music,music,6e7TwT8TUE3BHN7aokBKfq,Why Do You Let Me Stay Here?,,0.6764941215515137,2,,dropout03,music|6e7TwT8TUE3BHN7aokBKfq|Warmth left in a room after the lights go out,x,0.0
T10_EN,poet,10,en,Warmth left in a room after the lights go out,music,music,2hitsKa8SthKhRJBXUHbIv,Our House,,0.645492672920227,3,,dropout03,music|2hitsKa8SthKhRJBXUHbIv|Warmth left in a room after the lights go out,a,1.0
T10_EN,poet,10,en,Warmth left in a room after the lights go out,music,music,2XJIsmUaLybSTzTwCAh6Yk,"Stay Or Leave - Live at Wrigley Field, Chicago, IL - September 2010",,0.6367822885513306,4,,dropout03,music|2XJIsmUaLybSTzTwCAh6Yk|Warmth left in a room after the lights go out,a,1.0
T10_EN,poet,10,en,Warmth left in a room after the lights go out,music,music,1XX4xX9rrdaomm4RxAJjZW,Come Inside,,0.6184605956077576,5,,dropout03,music|1XX4xX9rrdaomm4RxAJjZW|Warmth left in a room after the lights go out,a,1.0
T10_EN,poet,10,en,Warmth left in a room after the lights go out,music,music,4ehkZtzPTbjsRULRfQSWYu,Inside Friend (feat. John Mayer),,0.6103293895721436,6,,dropout03,music|4ehkZtzPTbjsRULRfQSWYu|Warmth left in a room after the lights go out,a,1.0
T10_EN,poet,10,en,Warmth left in a room after the lights go out,music,music,63thx7OANplv4I4BQsanHk,You Should Be Here,,0.6051310300827026,7,,dropout03,music|63thx7OANplv4I4BQsanHk|Warmth left in a room after the lights go out,a,1.0
T10_EN,poet,10,en,Warmth left in a room after the lights go out,music,music,3QBPqp9uOfFwNxkw5idavo,Forever Ain't Enough,,0.6043757200241089,8,,dropout03,music|3QBPqp9uOfFwNxkw5idavo|Warmth left in a room after the lights go out,a,1.0
T10_EN,poet,10,en,Warmth left in a room after the lights go out,music,music,3bXhtg6H8lOMWaLZttQF6F,Sunday Morning - Acoustic,,0.6012731194496155,9,,dropout03,music|3bXhtg6H8lOMWaLZttQF6F|Warmth left in a room after the lights go out,a,1.0
T10_EN,poet,10,en,Warmth left in a room after the lights go out,music,music,3W93koK957HaoaNHyA3dTm,St. Patrick's Day,,0.5930570960044861,10,,dropout03,music|3W93koK957HaoaNHyA3dTm|Warmth left in a room after the lights go out,x,0.0
T10_EN,poet,10,en,Warmth left in a room after the lights go out,book,book,gr_25060195-reaching-you,Reaching You,,0.663817286491394,1,,dropout03,book|gr_25060195-reaching-you|Warmth left in a room after the lights go out,x,0.0
T10_EN,poet,10,en,Warmth left in a room after the lights go out,book,book,bx_0345461029,Evenings at Five,,0.6420508623123169,2,,dropout03,book|bx_0345461029|Warmth left in a room after the lights go out,a,1.0
T10_EN,poet,10,en,Warmth left in a room after the lights go out,book,book,gr_12471652-everything-i-miss-at-home,Everything I Miss at Home,,0.6369218826293945,3,,dropout03,book|gr_12471652-everything-i-miss-at-home|Warmth left in a room after the lights go out,x,0.0
T10_EN,poet,10,en,Warmth left in a room after the lights go out,book,book,bx_0373030819,"Consolation Prize (Harlequin Romance, No 3081)",,0.6249518990516663,4,,dropout03,book|bx_0373030819|Warmth left in a room after the lights go out,x,0.0
T10_EN,poet,10,en,Warmth left in a room after the lights go out,book,book,gr_41549869-say-something-sammy-say-something,"Say Something Sammy, Say Something",,0.6246715784072876,5,,dropout03,book|gr_41549869-say-something-sammy-say-something|Warmth left in a room after the lights go out,x,0.0
T10_EN,poet,10,en,Warmth left in a room after the lights go out,book,book,kdl_B0BR4ZRNGV,Diner: Day for Night [A Cookbook],,0.6030367612838745,6,,dropout03,book|kdl_B0BR4ZRNGV|Warmth left in a room after the lights go out,a,1.0
T10_EN,poet,10,en,Warmth left in a room after the lights go out,book,book,bx_0688092349,The Doorbell Rang,,0.5981618165969849,7,,dropout03,book|bx_0688092349|Warmth left in a room after the lights go out,x,0.0
T10_EN,poet,10,en,Warmth left in a room after the lights go out,book,book,bx_156247765X,High Hopes for Addy (American Girls Short Stories),,0.5976411700248718,8,,dropout03,book|bx_156247765X|Warmth left in a room after the lights go out,x,0.0
T10_EN,poet,10,en,Warmth left in a room after the lights go out,book,book,kdl_B07FLS2KNQ,"Gmorning, Gnight!: Little Pep Talks for Me & You",,0.596616268157959,9,,dropout03,book|kdl_B07FLS2KNQ|Warmth left in a room after the lights go out,a,1.0
T10_EN,poet,10,en,Warmth left in a room after the lights go out,book,book,bx_155166545X,House On Olive Street,,0.5865929126739502,10,,dropout03,book|bx_155166545X|Warmth left in a room after the lights go out,a,1.0
T10_EN,poet,10,en,Warmth left in a room after the lights go out,all,music,5Q2P43CJra0uRAogjHyJDK,"Baby, It's Cold Outside (feat. Meghan Trainor)",,0.6829538345336914,1,,dropout03,music|5Q2P43CJra0uRAogjHyJDK|Warmth left in a room after the lights go out,x,0.0
T10_EN,poet,10,en,Warmth left in a room after the lights go out,all,music,6e7TwT8TUE3BHN7aokBKfq,Why Do You Let Me Stay Here?,,0.6764941215515137,2,,dropout03,music|6e7TwT8TUE3BHN7aokBKfq|Warmth left in a room after the lights go out,x,0.0
T10_EN,poet,10,en,Warmth left in a room after the lights go out,all,book,gr_25060195-reaching-you,Reaching You,,0.663817286491394,3,,dropout03,book|gr_25060195-reaching-you|Warmth left in a room after the lights go out,x,0.0
T10_EN,poet,10,en,Warmth left in a room after the lights go out,all,movie,2194599,KokowÌ_Ì_h 2 (2013),,0.6497591733932495,4,,dropout03,movie|2194599|Warmth left in a room after the lights go out,x,0.0
T10_EN,poet,10,en,Warmth left in a room after the lights go out,all,music,2hitsKa8SthKhRJBXUHbIv,Our House,,0.645492672920227,5,,dropout03,music|2hitsKa8SthKhRJBXUHbIv|Warmth left in a room after the lights go out,a,1.0
T10_EN,poet,10,en,Warmth left in a room after the lights go out,all,book,bx_0345461029,Evenings at Five,,0.6420508623123169,6,,dropout03,book|bx_0345461029|Warmth left in a room after the lights go out,a,1.0
T10_EN,poet,10,en,Warmth left in a room after the lights go out,all,book,gr_12471652-everything-i-miss-at-home,Everything I Miss at Home,,0.6369218826293945,7,,dropout03,book|gr_12471652-everything-i-miss-at-home|Warmth left in a room after the lights go out,x,0.0
T10_EN,poet,10,en,Warmth left in a room after the lights go out,all,music,2XJIsmUaLybSTzTwCAh6Yk,"Stay Or Leave - Live at Wrigley Field, Chicago, IL - September 2010",,0.6367822885513306,8,,dropout03,music|2XJIsmUaLybSTzTwCAh6Yk|Warmth left in a room after the lights go out,a,1.0
T10_EN,poet,10,en,Warmth left in a room after the lights go out,all,book,bx_0373030819,"Consolation Prize (Harlequin Romance, No 3081)",,0.6249518990516663,9,,dropout03,book|bx_0373030819|Warmth left in a room after the lights go out,x,0.0
T10_EN,poet,10,en,Warmth left in a room after the lights go out,all,book,gr_41549869-say-something-sammy-say-something,"Say Something Sammy, Say Something",,0.6246715784072876,10,,dropout03,book|gr_41549869-say-something-sammy-say-something|Warmth left in a room after the lights go out,x,0.0
A5_EN,atmosphere,5,en,An open window on a summer night,movie,movie,1314291,Oto-na-ri (2009),,0.5479224920272827,1,,dropout03,movie|1314291|An open window on a summer night,a,1.0
A5_EN,atmosphere,5,en,An open window on a summer night,movie,movie,3249158,Las horas muertas (2013),,0.4981496036052704,2,,dropout03,movie|3249158|An open window on a summer night,x,0.0
A5_EN,atmosphere,5,en,An open window on a summer night,movie,movie,86058,The Osterman Weekend (1983),,0.4836229681968689,3,,dropout03,movie|86058|An open window on a summer night,x,0.0
A5_EN,atmosphere,5,en,An open window on a summer night,movie,movie,794374,Summer Palace (2006),,0.4797868132591247,4,,dropout03,movie|794374|An open window on a summer night,x,0.0
A5_EN,atmosphere,5,en,An open window on a summer night,movie,movie,2351371,Spare Bed-Room (1969),,0.4753172099590301,5,,dropout03,movie|2351371|An open window on a summer night,x,0.0
A5_EN,atmosphere,5,en,An open window on a summer night,movie,movie,828393,Garden Party (2008),,0.4715821444988251,6,,dropout03,movie|828393|An open window on a summer night,a,1.0
A5_EN,atmosphere,5,en,An open window on a summer night,movie,movie,97503,Hider in the House (1989),,0.4697350263595581,7,,dropout03,movie|97503|An open window on a summer night,x,0.0
A5_EN,atmosphere,5,en,An open window on a summer night,movie,movie,2039331,E la chiamano estate (2012),,0.4692068696022033,8,,dropout03,movie|2039331|An open window on a summer night,x,0.0
A5_EN,atmosphere,5,en,An open window on a summer night,movie,movie,82361,The Fan (1982),,0.4647544026374817,9,,dropout03,movie|82361|An open window on a summer night,x,0.0
A5_EN,atmosphere,5,en,An open window on a summer night,movie,movie,94667,Apartment Zero (1988),,0.4616542458534241,10,,dropout03,movie|94667|An open window on a summer night,x,0.0
A5_EN,atmosphere,5,en,An open window on a summer night,music,music,41o2ydrj7Xm9Yt5odIBqq4,Velvet Light,,0.603468656539917,1,,dropout03,music|41o2ydrj7Xm9Yt5odIBqq4|An open window on a summer night,a,1.0
A5_EN,atmosphere,5,en,An open window on a summer night,music,music,7H3cCK7jEp67pDf7fnJGwq,I Love Hot Nights,,0.5934405326843262,2,,dropout03,music|7H3cCK7jEp67pDf7fnJGwq|An open window on a summer night,o,2.0
A5_EN,atmosphere,5,en,An open window on a summer night,music,music,0QCuMBeqdWkwFUTO1WlAjH,Seaside,,0.5645522475242615,3,,dropout03,music|0QCuMBeqdWkwFUTO1WlAjH|An open window on a summer night,a,1.0
A5_EN,atmosphere,5,en,An open window on a summer night,music,music,6JNHCtgGEIZ0hjlxgT0dwB,Two Black X's,,0.5634434819221497,4,,dropout03,music|6JNHCtgGEIZ0hjlxgT0dwB|An open window on a summer night,x,0.0
A5_EN,atmosphere,5,en,An open window on a summer night,music,music,43CFDpciGFDm226POTLEXU,Love Someone,,0.5623780488967896,5,,dropout03,music|43CFDpciGFDm226POTLEXU|An open window on a summer night,a,1.0
A5_EN,atmosphere,5,en,An open window on a summer night,music,music,3PY88239tYBnAv5LQoU2oY,Long Hot Summer,,0.5548281669616699,6,,dropout03,music|3PY88239tYBnAv5LQoU2oY|An open window on a summer night,a,1.0
A5_EN,atmosphere,5,en,An open window on a summer night,music,music,53Dj5PCDhb22qWqmre3YQs,Aw Naw,,0.5531182289123535,7,,dropout03,music|53Dj5PCDhb22qWqmre3YQs|An open window on a summer night,x,0.0
A5_EN,atmosphere,5,en,An open window on a summer night,music,music,2ltjiNTxrM53MQl5tmp1Cv,Sometimes a Fantasy,,0.5517268180847168,8,,dropout03,music|2ltjiNTxrM53MQl5tmp1Cv|An open window on a summer night,x,0.0
A5_EN,atmosphere,5,en,An open window on a summer night,music,music,554dAjQxsN1DrNL3dKgp5c,A Toast and a Spirit,,0.5505384802818298,9,,dropout03,music|554dAjQxsN1DrNL3dKgp5c|An open window on a summer night,x,0.0
A5_EN,atmosphere,5,en,An open window on a summer night,music,music,0s6OWiWGuiCcm1Muzch5A8,Fix a Drink,,0.5497872233390808,10,,dropout03,music|0s6OWiWGuiCcm1Muzch5A8|An open window on a summer night,x,0.0
A5_EN,atmosphere,5,en,An open window on a summer night,book,book,gr_13144813-what-dies-in-summer,What Dies in Summer,,0.5515388250350952,1,,dropout03,book|gr_13144813-what-dies-in-summer|An open window on a summer night,x,0.0
A5_EN,atmosphere,5,en,An open window on a summer night,book,book,bx_0345461029,Evenings at Five,,0.5488324761390686,2,,dropout03,book|bx_0345461029|An open window on a summer night,a,1.0
A5_EN,atmosphere,5,en,An open window on a summer night,book,book,bx_0385333307,That Night,,0.5432497262954712,3,,dropout03,book|bx_0385333307|An open window on a summer night,a,1.0
A5_EN,atmosphere,5,en,An open window on a summer night,book,book,bx_0380699923,Buddies,,0.5376347303390503,4,,dropout03,book|bx_0380699923|An open window on a summer night,x,0.0
A5_EN,atmosphere,5,en,An open window on a summer night,book,book,gr_591498.Ekaterina,Ekaterina,,0.5283988118171692,5,,dropout03,book|gr_591498.Ekaterina|An open window on a summer night,x,0.0
A5_EN,atmosphere,5,en,An open window on a summer night,book,book,kdl_B000O76NAK,"Glass Houses (Morganville Vampires, Book 1): The Morganville Vampires, Book I",,0.5144118070602417,6,,dropout03,book|kdl_B000O76NAK|An open window on a summer night,x,0.0
A5_EN,atmosphere,5,en,An open window on a summer night,book,book,gr_12294652-my-life-next-door,My Life Next Door,,0.5022002458572388,7,,dropout03,book|gr_12294652-my-life-next-door|An open window on a summer night,x,0.0
A5_EN,atmosphere,5,en,An open window on a summer night,book,book,bx_1896951015,Summer Point,,0.5005707144737244,8,,dropout03,book|bx_1896951015|An open window on a summer night,a,1.0
A5_EN,atmosphere,5,en,An open window on a summer night,book,book,bx_0060006870,"Summerhouse, Later : Stories",,0.4941999614238739,9,,dropout03,book|bx_0060006870|An open window on a summer night,a,1.0
A5_EN,atmosphere,5,en,An open window on a summer night,book,book,bx_0671701118,IN THE NIGHT CAFE,,0.4936347603797912,10,,dropout03,book|bx_0671701118|An open window on a summer night,x,0.0
A5_EN,atmosphere,5,en,An open window on a summer night,all,music,41o2ydrj7Xm9Yt5odIBqq4,Velvet Light,,0.603468656539917,1,,dropout03,music|41o2ydrj7Xm9Yt5odIBqq4|An open window on a summer night,a,1.0
A5_EN,atmosphere,5,en,An open window on a summer night,all,music,7H3cCK7jEp67pDf7fnJGwq,I Love Hot Nights,,0.5934405326843262,2,,dropout03,music|7H3cCK7jEp67pDf7fnJGwq|An open window on a summer night,o,2.0
A5_EN,atmosphere,5,en,An open window on a summer night,all,music,0QCuMBeqdWkwFUTO1WlAjH,Seaside,,0.5645522475242615,3,,dropout03,music|0QCuMBeqdWkwFUTO1WlAjH|An open window on a summer night,a,1.0
A5_EN,atmosphere,5,en,An open window on a summer night,all,music,6JNHCtgGEIZ0hjlxgT0dwB,Two Black X's,,0.5634434819221497,4,,dropout03,music|6JNHCtgGEIZ0hjlxgT0dwB|An open window on a summer night,x,0.0
A5_EN,atmosphere,5,en,An open window on a summer night,all,music,43CFDpciGFDm226POTLEXU,Love Someone,,0.5623780488967896,5,,dropout03,music|43CFDpciGFDm226POTLEXU|An open window on a summer night,a,1.0
A5_EN,atmosphere,5,en,An open window on a summer night,all,music,3PY88239tYBnAv5LQoU2oY,Long Hot Summer,,0.5548281669616699,6,,dropout03,music|3PY88239tYBnAv5LQoU2oY|An open window on a summer night,a,1.0
A5_EN,atmosphere,5,en,An open window on a summer night,all,music,53Dj5PCDhb22qWqmre3YQs,Aw Naw,,0.5531182289123535,7,,dropout03,music|53Dj5PCDhb22qWqmre3YQs|An open window on a summer night,x,0.0
A5_EN,atmosphere,5,en,An open window on a summer night,all,music,2ltjiNTxrM53MQl5tmp1Cv,Sometimes a Fantasy,,0.5517268180847168,8,,dropout03,music|2ltjiNTxrM53MQl5tmp1Cv|An open window on a summer night,x,0.0
A5_EN,atmosphere,5,en,An open window on a summer night,all,book,gr_13144813-what-dies-in-summer,What Dies in Summer,,0.5515388250350952,9,,dropout03,book|gr_13144813-what-dies-in-summer|An open window on a summer night,x,0.0
A5_EN,atmosphere,5,en,An open window on a summer night,all,music,554dAjQxsN1DrNL3dKgp5c,A Toast and a Spirit,,0.5505384802818298,10,,dropout03,music|554dAjQxsN1DrNL3dKgp5c|An open window on a summer night,x,0.0
A6_EN,atmosphere,6,en,A country train station on a snowy night,movie,movie,386346,Bus Stop (1982),,0.578890323638916,1,,dropout03,movie|386346|A country train station on a snowy night,x,0.0
A6_EN,atmosphere,6,en,A country train station on a snowy night,movie,movie,4767950,A Christmas Detour (2015),,0.5478148460388184,2,,dropout03,movie|4767950|A country train station on a snowy night,x,0.0
A6_EN,atmosphere,6,en,A country train station on a snowy night,movie,movie,906599,Holiday Wishes (2006),,0.5475086569786072,3,,dropout03,movie|906599|A country train station on a snowy night,a,1.0
A6_EN,atmosphere,6,en,A country train station on a snowy night,movie,movie,2769896,Solan og Ludvig - Jul i FlÌ´klypa (2013),,0.5372211933135986,4,,dropout03,movie|2769896|A country train station on a snowy night,a,1.0
A6_EN,atmosphere,6,en,A country train station on a snowy night,movie,movie,436396,Hlemmur (2002),,0.5345330834388733,5,,dropout03,movie|436396|A country train station on a snowy night,x,0.0
A6_EN,atmosphere,6,en,A country train station on a snowy night,movie,movie,192013,A Fare to Remember (1999),,0.533826470375061,6,,dropout03,movie|192013|A country train station on a snowy night,x,0.0
A6_EN,atmosphere,6,en,A country train station on a snowy night,movie,movie,266861,Polustanok (2000),,0.5313060283660889,7,,dropout03,movie|266861|A country train station on a snowy night,a,1.0
A6_EN,atmosphere,6,en,A country train station on a snowy night,movie,movie,212517,Let It Snow (1999),,0.5221245884895325,8,,dropout03,movie|212517|A country train station on a snowy night,a,1.0
A6_EN,atmosphere,6,en,A country train station on a snowy night,movie,movie,23215,Mickey's Good Deed (1932),,0.516698956489563,9,,dropout03,movie|23215|A country train station on a snowy night,x,0.0
A6_EN,atmosphere,6,en,A country train station on a snowy night,movie,movie,5156770,Charming Christmas (2015),,0.5092570781707764,10,,dropout03,movie|5156770|A country train station on a snowy night,a,1.0
A6_EN,atmosphere,6,en,A country train station on a snowy night,music,music,6GZ6O0bHsDndSAmqnxXMjn,In the Ghetto,,0.5368334650993347,1,,dropout03,music|6GZ6O0bHsDndSAmqnxXMjn|A country train station on a snowy night,x,0.0
A6_EN,atmosphere,6,en,A country train station on a snowy night,music,music,6Wq2himUlF1WXAAl6WIH8b,Third Rate Romance,,0.5267339944839478,2,,dropout03,music|6Wq2himUlF1WXAAl6WIH8b|A country train station on a snowy night,a,1.0
A6_EN,atmosphere,6,en,A country train station on a snowy night,music,music,7bflxIMDz5mFxhQyYx1CEh,Magic Moments,,0.5194393396377563,3,,dropout03,music|7bflxIMDz5mFxhQyYx1CEh|A country train station on a snowy night,x,0.0
A6_EN,atmosphere,6,en,A country train station on a snowy night,music,music,5wTM2Bm8phDwHAuOsfBwhU,2000 Miles - 2007 Remaster,,0.5185855627059937,4,,dropout03,music|5wTM2Bm8phDwHAuOsfBwhU|A country train station on a snowy night,o,2.0
A6_EN,atmosphere,6,en,A country train station on a snowy night,music,music,1OyNY4fiLDhopwm6oj6OmB,I Don't Know How To Love,,0.5122520923614502,5,,dropout03,music|1OyNY4fiLDhopwm6oj6OmB|A country train station on a snowy night,x,0.0
A6_EN,atmosphere,6,en,A country train station on a snowy night,music,music,3oTC5qoKq6nvz4Jj0DgCzF,Home,,0.5104803442955017,6,,dropout03,music|3oTC5qoKq6nvz4Jj0DgCzF|A country train station on a snowy night,a,1.0
A6_EN,atmosphere,6,en,A country train station on a snowy night,music,music,4QX5pZQpQTgVlkqfUTDim0,Silver Bells,,0.5086767077445984,7,,dropout03,music|4QX5pZQpQTgVlkqfUTDim0|A country train station on a snowy night,x,0.0
A6_EN,atmosphere,6,en,A country train station on a snowy night,music,music,030mot3ZKR3oskfMsqDB2R,Have Yourself A Merry Little Christmas,,0.4978870749473572,8,,dropout03,music|030mot3ZKR3oskfMsqDB2R|A country train station on a snowy night,x,0.0
A6_EN,atmosphere,6,en,A country train station on a snowy night,music,music,1msuiw6pnXYfxZ7Edyit9U,"Where Are You Christmas - From ""Dr. Seuss' How The Grinch Stole Christmas"" Soundtrack",,0.496904969215393,9,,dropout03,music|1msuiw6pnXYfxZ7Edyit9U|A country train station on a snowy night,x,0.0
A6_EN,atmosphere,6,en,A country train station on a snowy night,music,music,2xchn60m6hRjWwpb7tGvpU,The Boxer - 2002 Remaster,,0.4840286672115326,10,,dropout03,music|2xchn60m6hRjWwpb7tGvpU|A country train station on a snowy night,a,1.0
A6_EN,atmosphere,6,en,A country train station on a snowy night,book,book,gr_126185.The_Christmas_Train,The Christmas Train,,0.7221538424491882,1,,dropout03,book|gr_126185.The_Christmas_Train|A country train station on a snowy night,a,1.0
A6_EN,atmosphere,6,en,A country train station on a snowy night,book,book,bx_1551664550,Can This Be Christmas?  (Hardcover),,0.6413390636444092,2,,dropout03,book|bx_1551664550|A country train station on a snowy night,a,1.0
A6_EN,atmosphere,6,en,A country train station on a snowy night,book,book,gr_420282.The_Polar_Express,The Polar Express,,0.6273996829986572,3,,dropout03,book|gr_420282.The_Polar_Express|A country train station on a snowy night,a,1.0
A6_EN,atmosphere,6,en,A country train station on a snowy night,book,book,gr_18960290-locomotives-in-winter,Locomotives in Winter,,0.6222633123397827,4,,dropout03,book|gr_18960290-locomotives-in-winter|A country train station on a snowy night,x,0.0
A6_EN,atmosphere,6,en,A country train station on a snowy night,book,book,gr_31620.Chris_Van_Allsburg_s_Polar_Express,Chris Van Allsburg's Polar Express,,0.6203727722167969,5,,dropout03,book|gr_31620.Chris_Van_Allsburg_s_Polar_Express|A country train station on a snowy night,a,1.0
A6_EN,atmosphere,6,en,A country train station on a snowy night,book,book,bx_0573022208,Pullman Car Hiawatha,,0.6175448298454285,6,,dropout03,book|bx_0573022208|A country train station on a snowy night,a,1.0
A6_EN,atmosphere,6,en,A country train station on a snowy night,book,book,gr_13529557-last-chance-christmas,Last Chance Christmas,,0.6171407699584961,7,,dropout03,book|gr_13529557-last-chance-christmas|A country train station on a snowy night,a,1.0
A6_EN,atmosphere,6,en,A country train station on a snowy night,book,book,kdl_B0B5K7NWDY,Christmas at Valentine Inn,,0.6163856983184814,8,,dropout03,book|kdl_B0B5K7NWDY|A country train station on a snowy night,x,0.0
A6_EN,atmosphere,6,en,A country train station on a snowy night,book,book,bx_0373292317,Gifts of the Season,,0.6016485691070557,9,,dropout03,book|bx_0373292317|A country train station on a snowy night,x,0.0
A6_EN,atmosphere,6,en,A country train station on a snowy night,book,book,bx_0380762056,Christmas Romance (Avon Books Presents),,0.5981850624084473,10,,dropout03,book|bx_0380762056|A country train station on a snowy night,a,1.0
A6_EN,atmosphere,6,en,A country train station on a snowy night,all,book,gr_126185.The_Christmas_Train,The Christmas Train,,0.7221538424491882,1,,dropout03,book|gr_126185.The_Christmas_Train|A country train station on a snowy night,a,1.0
A6_EN,atmosphere,6,en,A country train station on a snowy night,all,book,bx_1551664550,Can This Be Christmas?  (Hardcover),,0.6413390636444092,2,,dropout03,book|bx_1551664550|A country train station on a snowy night,a,1.0
A6_EN,atmosphere,6,en,A country train station on a snowy night,all,book,gr_420282.The_Polar_Express,The Polar Express,,0.6273996829986572,3,,dropout03,book|gr_420282.The_Polar_Express|A country train station on a snowy night,a,1.0
A6_EN,atmosphere,6,en,A country train station on a snowy night,all,book,gr_18960290-locomotives-in-winter,Locomotives in Winter,,0.6222633123397827,4,,dropout03,book|gr_18960290-locomotives-in-winter|A country train station on a snowy night,x,0.0
A6_EN,atmosphere,6,en,A country train station on a snowy night,all,book,gr_31620.Chris_Van_Allsburg_s_Polar_Express,Chris Van Allsburg's Polar Express,,0.6203727722167969,5,,dropout03,book|gr_31620.Chris_Van_Allsburg_s_Polar_Express|A country train station on a snowy night,a,1.0
A6_EN,atmosphere,6,en,A country train station on a snowy night,all,book,bx_0573022208,Pullman Car Hiawatha,,0.6175448298454285,6,,dropout03,book|bx_0573022208|A country train station on a snowy night,a,1.0
A6_EN,atmosphere,6,en,A country train station on a snowy night,all,book,gr_13529557-last-chance-christmas,Last Chance Christmas,,0.6171407699584961,7,,dropout03,book|gr_13529557-last-chance-christmas|A country train station on a snowy night,a,1.0
A6_EN,atmosphere,6,en,A country train station on a snowy night,all,book,kdl_B0B5K7NWDY,Christmas at Valentine Inn,,0.6163856983184814,8,,dropout03,book|kdl_B0B5K7NWDY|A country train station on a snowy night,x,0.0
A6_EN,atmosphere,6,en,A country train station on a snowy night,all,book,bx_0373292317,Gifts of the Season,,0.6016485691070557,9,,dropout03,book|bx_0373292317|A country train station on a snowy night,x,0.0
A6_EN,atmosphere,6,en,A country train station on a snowy night,all,book,bx_0380762056,Christmas Romance (Avon Books Presents),,0.5981850624084473,10,,dropout03,book|bx_0380762056|A country train station on a snowy night,a,1.0
A7_EN,atmosphere,7,en,Fluorescent glow of a late-night convenience store,movie,movie,409799,Cashback (2004),,0.5825993418693542,1,,dropout03,movie|409799|Fluorescent glow of a late-night convenience store,a,1.0
A7_EN,atmosphere,7,en,Fluorescent glow of a late-night convenience store,movie,movie,109424,Chungking Express (1994),,0.5676462650299072,2,,dropout03,movie|109424|Fluorescent glow of a late-night convenience store,a,1.0
A7_EN,atmosphere,7,en,Fluorescent glow of a late-night convenience store,movie,movie,1116186,Still Waiting... (2009),,0.5583744645118713,3,,dropout03,movie|1116186|Fluorescent glow of a late-night convenience store,x,0.0
A7_EN,atmosphere,7,en,Fluorescent glow of a late-night convenience store,movie,movie,92669,Blood Diner (1987),,0.558336615562439,4,,dropout03,movie|92669|Fluorescent glow of a late-night convenience store,x,0.0
A7_EN,atmosphere,7,en,Fluorescent glow of a late-night convenience store,movie,movie,460740,Cashback (2006),,0.5573450326919556,5,,dropout03,movie|460740|Fluorescent glow of a late-night convenience store,a,1.0
A7_EN,atmosphere,7,en,Fluorescent glow of a late-night convenience store,movie,movie,322807,Jagoda u supermarketu (2003),,0.5498400926589966,6,,dropout03,movie|322807|Fluorescent glow of a late-night convenience store,x,0.0
A7_EN,atmosphere,7,en,Fluorescent glow of a late-night convenience store,movie,movie,90094,The Stuff (1985),,0.5394293069839478,7,,dropout03,movie|90094|Fluorescent glow of a late-night convenience store,a,1.0
A7_EN,atmosphere,7,en,Fluorescent glow of a late-night convenience store,movie,movie,806165,The Ramen Girl (2008),,0.5324112772941589,8,,dropout03,movie|806165|Fluorescent glow of a late-night convenience store,x,0.0
A7_EN,atmosphere,7,en,Fluorescent glow of a late-night convenience store,movie,movie,1442512,Joo-yoo-so-seup-gyeok-sa-geon-too (2010),,0.5273481011390686,9,,dropout03,movie|1442512|Fluorescent glow of a late-night convenience store,a,1.0
A7_EN,atmosphere,7,en,Fluorescent glow of a late-night convenience store,movie,movie,348333,Waiting... (2005),,0.5242259502410889,10,,dropout03,movie|348333|Fluorescent glow of a late-night convenience store,x,0.0
A7_EN,atmosphere,7,en,Fluorescent glow of a late-night convenience store,music,music,6Ubz7S4IFSWVxlkMiRyMIK,Motorcycle Emptiness,,0.4125120639801025,1,,dropout03,music|6Ubz7S4IFSWVxlkMiRyMIK|Fluorescent glow of a late-night convenience store,x,0.0
A7_EN,atmosphere,7,en,Fluorescent glow of a late-night convenience store,music,music,5mCkgtwXW7oJrp8hAgwuMh,Ice Cream Man,,0.3996182084083557,2,,dropout03,music|5mCkgtwXW7oJrp8hAgwuMh|Fluorescent glow of a late-night convenience store,x,0.0
A7_EN,atmosphere,7,en,Fluorescent glow of a late-night convenience store,music,music,2W40gtCcF6JHFoOCLRMPDJ,I Don't Like To Dream About Getting Paid,,0.3980302810668945,3,,dropout03,music|2W40gtCcF6JHFoOCLRMPDJ|Fluorescent glow of a late-night convenience store,a,1.0
A7_EN,atmosphere,7,en,Fluorescent glow of a late-night convenience store,music,music,4COleG16xBCkpofKHsJU2p,Ohio (Come Back To Texas),,0.3975937962532043,4,,dropout03,music|4COleG16xBCkpofKHsJU2p|Fluorescent glow of a late-night convenience store,x,0.0
A7_EN,atmosphere,7,en,Fluorescent glow of a late-night convenience store,music,music,0oIdGPU9IFlYe1qag6ZHcY,...Baby One More Time,,0.3958528339862823,5,,dropout03,music|0oIdGPU9IFlYe1qag6ZHcY|Fluorescent glow of a late-night convenience store,x,0.0
A7_EN,atmosphere,7,en,Fluorescent glow of a late-night convenience store,music,music,4BP0An7SXctTY4kF41JxIQ,Halftime,,0.3897618651390075,6,,dropout03,music|4BP0An7SXctTY4kF41JxIQ|Fluorescent glow of a late-night convenience store,x,0.0
A7_EN,atmosphere,7,en,Fluorescent glow of a late-night convenience store,music,music,2S4N7RYlhHr1vWadDaleuJ,Burnt Rice (feat. Yung GEMMY),,0.3890390992164612,7,,dropout03,music|2S4N7RYlhHr1vWadDaleuJ|Fluorescent glow of a late-night convenience store,x,0.0
A7_EN,atmosphere,7,en,Fluorescent glow of a late-night convenience store,music,music,599cYawsBthDvauPoXNr7U,2 Hot 4 U (feat. $Uicdeboy$),,0.3874877691268921,8,,dropout03,music|599cYawsBthDvauPoXNr7U|Fluorescent glow of a late-night convenience store,x,0.0
A7_EN,atmosphere,7,en,Fluorescent glow of a late-night convenience store,music,music,2twJtqTdddqsTJnEHUFZdm,B*tch,,0.3863958716392517,9,,dropout03,music|2twJtqTdddqsTJnEHUFZdm|Fluorescent glow of a late-night convenience store,x,0.0
A7_EN,atmosphere,7,en,Fluorescent glow of a late-night convenience store,music,music,4xz7WX28IkmcaHv06lCezR,Rapp Snitch Knishes feat. Mr. Fantastik,,0.3846541345119476,10,,dropout03,music|4xz7WX28IkmcaHv06lCezR|Fluorescent glow of a late-night convenience store,a,1.0
A7_EN,atmosphere,7,en,Fluorescent glow of a late-night convenience store,book,book,gr_17810.In_the_Miso_Soup,In the Miso Soup,,0.56505286693573,1,,dropout03,book|gr_17810.In_the_Miso_Soup|Fluorescent glow of a late-night convenience store,x,0.0
A7_EN,atmosphere,7,en,Fluorescent glow of a late-night convenience store,book,book,bx_0763615676,Burger Wuss,,0.5599850416183472,2,,dropout03,book|bx_0763615676|Fluorescent glow of a late-night convenience store,x,0.0
A7_EN,atmosphere,7,en,Fluorescent glow of a late-night convenience store,book,book,gr_13487352-torn-de-nit,Torn de nit,,0.5388274788856506,3,,dropout03,book|gr_13487352-torn-de-nit|Fluorescent glow of a late-night convenience store,x,0.0
A7_EN,atmosphere,7,en,Fluorescent glow of a late-night convenience store,book,book,gr_6011752-bezsenno-w-tokio,Bezsenność w Tokio,,0.5320208072662354,4,,dropout03,book|gr_6011752-bezsenno-w-tokio|Fluorescent glow of a late-night convenience store,x,0.0
A7_EN,atmosphere,7,en,Fluorescent glow of a late-night convenience store,book,book,gr_9568262-clean-up-after-me-i-m-irish,"Clean Up After Me, I'm Irish: A Cheap Degenerate's Guide To Buffalo Bars",,0.5302094221115112,5,,dropout03,book|gr_9568262-clean-up-after-me-i-m-irish|Fluorescent glow of a late-night convenience store,x,0.0
A7_EN,atmosphere,7,en,Fluorescent glow of a late-night convenience store,book,book,bx_0375508082,Feeding a Yen: Savoring Local Specialties from Kansas City to Cuzco,,0.5214558839797974,6,,dropout03,book|bx_0375508082|Fluorescent glow of a late-night convenience store,x,0.0
A7_EN,atmosphere,7,en,Fluorescent glow of a late-night convenience store,book,book,bx_0590455257,The Hungry Thing Goes to a Restaurant,,0.5179380774497986,7,,dropout03,book|bx_0590455257|Fluorescent glow of a late-night convenience store,x,0.0
A7_EN,atmosphere,7,en,Fluorescent glow of a late-night convenience store,book,book,gr_4923959-life-in-the-fast-food-lane,Life in the Fast-Food Lane,,0.507841944694519,8,,dropout03,book|gr_4923959-life-in-the-fast-food-lane|Fluorescent glow of a late-night convenience store,x,0.0
A7_EN,atmosphere,7,en,Fluorescent glow of a late-night convenience store,book,book,gr_941852.The_Waitress,The Waitress,,0.5048890113830566,9,,dropout03,book|gr_941852.The_Waitress|Fluorescent glow of a late-night convenience store,x,0.0
A7_EN,atmosphere,7,en,Fluorescent glow of a late-night convenience store,book,book,bx_0553277685,Amazing and Death Defying Diary of Eugene Dingman (Bantam Starfire Books),,0.4829941391944885,10,,dropout03,book|bx_0553277685|Fluorescent glow of a late-night convenience store,x,0.0
A7_EN,atmosphere,7,en,Fluorescent glow of a late-night convenience store,all,movie,409799,Cashback (2004),,0.5825993418693542,1,,dropout03,movie|409799|Fluorescent glow of a late-night convenience store,a,1.0
A7_EN,atmosphere,7,en,Fluorescent glow of a late-night convenience store,all,movie,109424,Chungking Express (1994),,0.5676462650299072,2,,dropout03,movie|109424|Fluorescent glow of a late-night convenience store,a,1.0
A7_EN,atmosphere,7,en,Fluorescent glow of a late-night convenience store,all,book,gr_17810.In_the_Miso_Soup,In the Miso Soup,,0.56505286693573,3,,dropout03,book|gr_17810.In_the_Miso_Soup|Fluorescent glow of a late-night convenience store,x,0.0
A7_EN,atmosphere,7,en,Fluorescent glow of a late-night convenience store,all,book,bx_0763615676,Burger Wuss,,0.5599850416183472,4,,dropout03,book|bx_0763615676|Fluorescent glow of a late-night convenience store,x,0.0
A7_EN,atmosphere,7,en,Fluorescent glow of a late-night convenience store,all,movie,1116186,Still Waiting... (2009),,0.5583744645118713,5,,dropout03,movie|1116186|Fluorescent glow of a late-night convenience store,x,0.0
A7_EN,atmosphere,7,en,Fluorescent glow of a late-night convenience store,all,movie,92669,Blood Diner (1987),,0.558336615562439,6,,dropout03,movie|92669|Fluorescent glow of a late-night convenience store,x,0.0
A7_EN,atmosphere,7,en,Fluorescent glow of a late-night convenience store,all,movie,460740,Cashback (2006),,0.5573450326919556,7,,dropout03,movie|460740|Fluorescent glow of a late-night convenience store,a,1.0
A7_EN,atmosphere,7,en,Fluorescent glow of a late-night convenience store,all,movie,322807,Jagoda u supermarketu (2003),,0.5498400926589966,8,,dropout03,movie|322807|Fluorescent glow of a late-night convenience store,x,0.0
A7_EN,atmosphere,7,en,Fluorescent glow of a late-night convenience store,all,movie,90094,The Stuff (1985),,0.5394293069839478,9,,dropout03,movie|90094|Fluorescent glow of a late-night convenience store,a,1.0
A7_EN,atmosphere,7,en,Fluorescent glow of a late-night convenience store,all,book,gr_13487352-torn-de-nit,Torn de nit,,0.5388274788856506,10,,dropout03,book|gr_13487352-torn-de-nit|Fluorescent glow of a late-night convenience store,x,0.0
A8_EN,atmosphere,8,en,A worn motel room by the sea,movie,movie,3249158,Las horas muertas (2013),,0.6385548710823059,1,,dropout03,movie|3249158|A worn motel room by the sea,a,1.0
A8_EN,atmosphere,8,en,A worn motel room by the sea,movie,movie,1559036,The Motel Life (2012),,0.6087479591369629,2,,dropout03,movie|1559036|A worn motel room by the sea,a,1.0
A8_EN,atmosphere,8,en,A worn motel room by the sea,movie,movie,425295,Niagara Motel (2005),,0.5879917740821838,3,,dropout03,movie|425295|A worn motel room by the sea,x,0.0
A8_EN,atmosphere,8,en,A worn motel room by the sea,movie,movie,1669801,ShÌ¨saido mÌ«teru (2010),,0.582347571849823,4,,dropout03,movie|1669801|A worn motel room by the sea,a,1.0
A8_EN,atmosphere,8,en,A worn motel room by the sea,movie,movie,40506,Key Largo (1948),,0.5788115859031677,5,,dropout03,movie|40506|A worn motel room by the sea,a,1.0
A8_EN,atmosphere,8,en,A worn motel room by the sea,movie,movie,452702,Vacancy (2007),,0.5728510618209839,6,,dropout03,movie|452702|A worn motel room by the sea,a,1.0
A8_EN,atmosphere,8,en,A worn motel room by the sea,movie,movie,104321,"Gas, Food Lodging (1992)",,0.5535315275192261,7,,dropout03,movie|104321|A worn motel room by the sea,x,0.0
A8_EN,atmosphere,8,en,A worn motel room by the sea,movie,movie,98732,Last Images of the Shipwreck (1989),,0.538877010345459,8,,dropout03,movie|98732|A worn motel room by the sea,x,0.0
A8_EN,atmosphere,8,en,A worn motel room by the sea,movie,movie,83911,Experience Preferred... But Not Essential (1982),,0.537876546382904,9,,dropout03,movie|83911|A worn motel room by the sea,a,1.0
A8_EN,atmosphere,8,en,A worn motel room by the sea,movie,movie,87428,The Hotel New Hampshire (1984),,0.5374361276626587,10,,dropout03,movie|87428|A worn motel room by the sea,a,1.0
A8_EN,atmosphere,8,en,A worn motel room by the sea,music,music,2TqfK2N1kFoX7OySPCB7pQ,Catalina Fight Song,,0.4878576993942261,1,,dropout03,music|2TqfK2N1kFoX7OySPCB7pQ|A worn motel room by the sea,a,1.0
A8_EN,atmosphere,8,en,A worn motel room by the sea,music,music,1ElcOLwh7Og4UOm6WTyeXH,Tell My Mother I Miss Her So,,0.4834149181842804,2,,dropout03,music|1ElcOLwh7Og4UOm6WTyeXH|A worn motel room by the sea,x,0.0
A8_EN,atmosphere,8,en,A worn motel room by the sea,music,music,14AI8Qt9giIa8uzek1I24O,Home by the Sea - 2007 Remaster,,0.4574047029018402,3,,dropout03,music|14AI8Qt9giIa8uzek1I24O|A worn motel room by the sea,a,1.0
A8_EN,atmosphere,8,en,A worn motel room by the sea,music,music,3HQMDHF7Uahn1RCd93l0rh,Double-Wide Dream,,0.455265074968338,4,,dropout03,music|3HQMDHF7Uahn1RCd93l0rh|A worn motel room by the sea,x,0.0
A8_EN,atmosphere,8,en,A worn motel room by the sea,music,music,47ukoPgAExwBp64F2gQlv2,Back To The Hotel,,0.4505778551101684,5,,dropout03,music|47ukoPgAExwBp64F2gQlv2|A worn motel room by the sea,a,1.0
A8_EN,atmosphere,8,en,A worn motel room by the sea,music,music,4l5qg8seVdjfcHCfRTxCgF,Las Vegas Turnaround (The Stewardess Song),,0.448882907629013,6,,dropout03,music|4l5qg8seVdjfcHCfRTxCgF|A worn motel room by the sea,a,1.0
A8_EN,atmosphere,8,en,A worn motel room by the sea,music,music,4EGbPc7wiuVozk9YmLUYqa,Shreveport,,0.4433983564376831,7,,dropout03,music|4EGbPc7wiuVozk9YmLUYqa|A worn motel room by the sea,a,1.0
A8_EN,atmosphere,8,en,A worn motel room by the sea,music,music,2nAHmQV9WKA6c1emQilxih,Diamonds & Gasoline,,0.4418996572494507,8,,dropout03,music|2nAHmQV9WKA6c1emQilxih|A worn motel room by the sea,a,1.0
A8_EN,atmosphere,8,en,A worn motel room by the sea,music,music,0ME1Lv9K21SHHrwYaClxlG,Bartender (Sittin' At A Bar),,0.4398395121097564,9,,dropout03,music|0ME1Lv9K21SHHrwYaClxlG|A worn motel room by the sea,x,0.0
A8_EN,atmosphere,8,en,A worn motel room by the sea,music,music,0qXUwQbZHFnhAGCgqwz2lR,Meet Me In Montana,,0.4355516731739044,10,,dropout03,music|0qXUwQbZHFnhAGCgqwz2lR|A worn motel room by the sea,x,0.0
A8_EN,atmosphere,8,en,A worn motel room by the sea,book,book,bx_0345394259,Hotel Paradise,,0.5920751094818115,1,,dropout03,book|bx_0345394259|A worn motel room by the sea,a,1.0
A8_EN,atmosphere,8,en,A worn motel room by the sea,book,book,gr_2924318-home,Home,,0.5901616811752319,2,,dropout03,book|gr_2924318-home|A worn motel room by the sea,x,0.0
A8_EN,atmosphere,8,en,A worn motel room by the sea,book,book,bx_1400077354,The House of Sand and Fog (Vintage Contemporaries (Paperback)),,0.5896950364112854,3,,dropout03,book|bx_1400077354|A worn motel room by the sea,x,0.0
A8_EN,atmosphere,8,en,A worn motel room by the sea,book,book,gr_15793282-the-perfect-ghost,The Perfect Ghost,,0.5701286196708679,4,,dropout03,book|gr_15793282-the-perfect-ghost|A worn motel room by the sea,x,0.0
A8_EN,atmosphere,8,en,A worn motel room by the sea,book,book,gr_493712.Off_Magazine_Street,Off Magazine Street,,0.5689149498939514,5,,dropout03,book|gr_493712.Off_Magazine_Street|A worn motel room by the sea,x,0.0
A8_EN,atmosphere,8,en,A worn motel room by the sea,book,book,gr_24452249-did-you-ever-have-a-family,Did You Ever Have a Family,,0.5590145587921143,6,,dropout03,book|gr_24452249-did-you-ever-have-a-family|A worn motel room by the sea,x,0.0
A8_EN,atmosphere,8,en,A worn motel room by the sea,book,book,bx_0156006332,Finbar's Hotel: A Novel,,0.5491613149642944,7,,dropout03,book|bx_0156006332|A worn motel room by the sea,a,1.0
A8_EN,atmosphere,8,en,A worn motel room by the sea,book,book,gr_44179.The_World_Made_Straight,The World Made Straight,,0.5451887249946594,8,,dropout03,book|gr_44179.The_World_Made_Straight|A worn motel room by the sea,x,0.0
A8_EN,atmosphere,8,en,A worn motel room by the sea,book,book,kdl_B0C35345SH,Miffed in Maine (Rambling RV Cozy Mysteries Book 12),,0.5440046787261963,9,,dropout03,book|kdl_B0C35345SH|A worn motel room by the sea,x,0.0
A8_EN,atmosphere,8,en,A worn motel room by the sea,book,book,bx_055337432X,Somewhere Off the Coast of Maine,,0.5416592359542847,10,,dropout03,book|bx_055337432X|A worn motel room by the sea,a,1.0
A8_EN,atmosphere,8,en,A worn motel room by the sea,all,movie,3249158,Las horas muertas (2013),,0.6385548710823059,1,,dropout03,movie|3249158|A worn motel room by the sea,a,1.0
A8_EN,atmosphere,8,en,A worn motel room by the sea,all,movie,1559036,The Motel Life (2012),,0.6087479591369629,2,,dropout03,movie|1559036|A worn motel room by the sea,a,1.0
A8_EN,atmosphere,8,en,A worn motel room by the sea,all,book,bx_0345394259,Hotel Paradise,,0.5920751094818115,3,,dropout03,book|bx_0345394259|A worn motel room by the sea,a,1.0
A8_EN,atmosphere,8,en,A worn motel room by the sea,all,book,gr_2924318-home,Home,,0.5901616811752319,4,,dropout03,book|gr_2924318-home|A worn motel room by the sea,x,0.0
A8_EN,atmosphere,8,en,A worn motel room by the sea,all,book,bx_1400077354,The House of Sand and Fog (Vintage Contemporaries (Paperback)),,0.5896950364112854,5,,dropout03,book|bx_1400077354|A worn motel room by the sea,x,0.0
A8_EN,atmosphere,8,en,A worn motel room by the sea,all,movie,425295,Niagara Motel (2005),,0.5879917740821838,6,,dropout03,movie|425295|A worn motel room by the sea,x,0.0
A8_EN,atmosphere,8,en,A worn motel room by the sea,all,movie,1669801,ShÌ¨saido mÌ«teru (2010),,0.582347571849823,7,,dropout03,movie|1669801|A worn motel room by the sea,a,1.0
A8_EN,atmosphere,8,en,A worn motel room by the sea,all,movie,40506,Key Largo (1948),,0.5788115859031677,8,,dropout03,movie|40506|A worn motel room by the sea,a,1.0
A8_EN,atmosphere,8,en,A worn motel room by the sea,all,movie,452702,Vacancy (2007),,0.5728510618209839,9,,dropout03,movie|452702|A worn motel room by the sea,a,1.0
A8_EN,atmosphere,8,en,A worn motel room by the sea,all,book,gr_15793282-the-perfect-ghost,The Perfect Ghost,,0.5701286196708679,10,,dropout03,book|gr_15793282-the-perfect-ghost|A worn motel room by the sea,x,0.0
A9_EN,atmosphere,9,en,A damp basement bookshop during the rainy season,movie,movie,2315226,Fune wo amu (2013),,0.5791342854499817,1,,dropout03,movie|2315226|A damp basement bookshop during the rainy season,a,1.0
A9_EN,atmosphere,9,en,A damp basement bookshop during the rainy season,movie,movie,101404,The Ballad of the Sad Cafe (1991),,0.5226209759712219,2,,dropout03,movie|101404|A damp basement bookshop during the rainy season,a,1.0
A9_EN,atmosphere,9,en,A damp basement bookshop during the rainy season,movie,movie,2526152,Reoshian soseol (2012),,0.5118533372879028,3,,dropout03,movie|2526152|A damp basement bookshop during the rainy season,a,1.0
A9_EN,atmosphere,9,en,A damp basement bookshop during the rainy season,movie,movie,324080,Stone Reader (2002),,0.4931671023368835,4,,dropout03,movie|324080|A damp basement bookshop during the rainy season,a,1.0
A9_EN,atmosphere,9,en,A damp basement bookshop during the rainy season,movie,movie,1068643,Closed Note (2007),,0.4849374294281006,5,,dropout03,movie|1068643|A damp basement bookshop during the rainy season,a,1.0
A9_EN,atmosphere,9,en,A damp basement bookshop during the rainy season,movie,movie,250266,BookWars (2000),,0.4736146926879883,6,,dropout03,movie|250266|A damp basement bookshop during the rainy season,a,1.0
A9_EN,atmosphere,9,en,A damp basement bookshop during the rainy season,movie,movie,758784,Starting Out in the Evening (2007),,0.4687890112400055,7,,dropout03,movie|758784|A damp basement bookshop during the rainy season,a,1.0
A9_EN,atmosphere,9,en,A damp basement bookshop during the rainy season,movie,movie,758784,Starting Out in the Evening (2007),,0.4687890112400055,8,,dropout03,movie|758784|A damp basement bookshop during the rainy season,a,1.0
A9_EN,atmosphere,9,en,A damp basement bookshop during the rainy season,movie,movie,782867,The Secrets (2007),,0.4583169817924499,9,,dropout03,movie|782867|A damp basement bookshop during the rainy season,x,0.0
A9_EN,atmosphere,9,en,A damp basement bookshop during the rainy season,movie,movie,1449183,If These Knishes Could Talk: The Story of the NY Accent (2013),,0.4557037353515625,10,,dropout03,movie|1449183|A damp basement bookshop during the rainy season,x,0.0
A9_EN,atmosphere,9,en,A damp basement bookshop during the rainy season,music,music,3Fq4shhJdENQhwlLk9qoDx,Coal,,0.523108184337616,1,,dropout03,music|3Fq4shhJdENQhwlLk9qoDx|A damp basement bookshop during the rainy season,a,1.0
A9_EN,atmosphere,9,en,A damp basement bookshop during the rainy season,music,music,3N9TNua9TzoyeVukrTBFZv,Play Me a Hank Song,,0.5172045826911926,2,,dropout03,music|3N9TNua9TzoyeVukrTBFZv|A damp basement bookshop during the rainy season,x,0.0
A9_EN,atmosphere,9,en,A damp basement bookshop during the rainy season,music,music,04Dqz6T7vL4APHblHSdR4q,The Boxer,,0.5099807977676392,3,,dropout03,music|04Dqz6T7vL4APHblHSdR4q|A damp basement bookshop during the rainy season,x,0.0
A9_EN,atmosphere,9,en,A damp basement bookshop during the rainy season,music,music,5AxF1sEQrbTWtyQUoXVlF3,Detroit,,0.5006003379821777,4,,dropout03,music|5AxF1sEQrbTWtyQUoXVlF3|A damp basement bookshop during the rainy season,x,0.0
A9_EN,atmosphere,9,en,A damp basement bookshop during the rainy season,music,music,0Uybrtb766jul6WpkjqbID,Hard Times,,0.4937711358070373,5,,dropout03,music|0Uybrtb766jul6WpkjqbID|A damp basement bookshop during the rainy season,a,1.0
A9_EN,atmosphere,9,en,A damp basement bookshop during the rainy season,music,music,3AqJhFxLyL3VPiFIg8JGjv,Your Cover's Blown,,0.466754287481308,6,,dropout03,music|3AqJhFxLyL3VPiFIg8JGjv|A damp basement bookshop during the rainy season,x,0.0
A9_EN,atmosphere,9,en,A damp basement bookshop during the rainy season,music,music,2e3FFYFj3PuH9rMwKmjgYF,Good Thing Windin' down,,0.4656231701374054,7,,dropout03,music|2e3FFYFj3PuH9rMwKmjgYF|A damp basement bookshop during the rainy season,x,0.0
A9_EN,atmosphere,9,en,A damp basement bookshop during the rainy season,music,music,20Y6MNDyaBRpFrQ1Dt5CNF,The Day Before You - Acoustic,,0.4639126360416412,8,,dropout03,music|20Y6MNDyaBRpFrQ1Dt5CNF|A damp basement bookshop during the rainy season,x,0.0
A9_EN,atmosphere,9,en,A damp basement bookshop during the rainy season,music,music,7us3ipdGdfe9jWnsLicgCV,Long Hard Road,,0.4551305174827575,9,,dropout03,music|7us3ipdGdfe9jWnsLicgCV|A damp basement bookshop during the rainy season,x,0.0
A9_EN,atmosphere,9,en,A damp basement bookshop during the rainy season,music,music,6rGkeKNrpmTOHNsgiKU429,The Harvest,,0.4446045160293579,10,,dropout03,music|6rGkeKNrpmTOHNsgiKU429|A damp basement bookshop during the rainy season,x,0.0
A9_EN,atmosphere,9,en,A damp basement bookshop during the rainy season,book,book,gr_1006065.Nog_drie_keer_slapen_en_ik_word_wakker,Nog drie keer slapen en ik word wakker,,0.6489614248275757,1,,dropout03,book|gr_1006065.Nog_drie_keer_slapen_en_ik_word_wakker|A damp basement bookshop during the rainy season,x,0.0
A9_EN,atmosphere,9,en,A damp basement bookshop during the rainy season,book,book,gr_319388.The_Bookshop,The Bookshop,,0.6380901336669922,2,,dropout03,book|gr_319388.The_Bookshop|A damp basement bookshop during the rainy season,a,1.0
A9_EN,atmosphere,9,en,A damp basement bookshop during the rainy season,book,book,gr_2279949.De_man_die_werk_vond,De man die werk vond,,0.6101987361907959,3,,dropout03,book|gr_2279949.De_man_die_werk_vond|A damp basement bookshop during the rainy season,a,1.0
A9_EN,atmosphere,9,en,A damp basement bookshop during the rainy season,book,book,kdl_B0B258WYZG,The Librarian of Burned Books: A Novel,,0.592319667339325,4,,dropout03,book|kdl_B0B258WYZG|A damp basement bookshop during the rainy season,x,0.0
A9_EN,atmosphere,9,en,A damp basement bookshop during the rainy season,book,book,bx_014017043X,Dear Writer in the Window: The Wit and Wisdom of a Sidewalk Sage,,0.587090253829956,5,,dropout03,book|bx_014017043X|A damp basement bookshop during the rainy season,a,1.0
A9_EN,atmosphere,9,en,A damp basement bookshop during the rainy season,book,book,gr_25614298-in-other-words,In Other Words,,0.5836156606674194,6,,dropout03,book|gr_25614298-in-other-words|A damp basement bookshop during the rainy season,x,0.0
A9_EN,atmosphere,9,en,A damp basement bookshop during the rainy season,book,book,gr_35512560-the-diary-of-a-bookseller,The Diary of a Bookseller,,0.5828689932823181,7,,dropout03,book|gr_35512560-the-diary-of-a-bookseller|A damp basement bookshop during the rainy season,a,1.0
A9_EN,atmosphere,9,en,A damp basement bookshop during the rainy season,book,book,bx_0151004250,Bookstore: The Life and Times of Jeannette Watson and Books &amp; Co.,,0.5809111595153809,8,,dropout03,book|bx_0151004250|A damp basement bookshop during the rainy season,a,1.0
A9_EN,atmosphere,9,en,A damp basement bookshop during the rainy season,book,book,bx_0380804743,Miss Zukas Shelves the Evidence (Miss Zukas Mysteries),,0.5546790361404419,9,,dropout03,book|bx_0380804743|A damp basement bookshop during the rainy season,x,0.0
A9_EN,atmosphere,9,en,A damp basement bookshop during the rainy season,book,book,bx_0375706399,The Book on the Bookshelf (Vintage),,0.552944004535675,10,,dropout03,book|bx_0375706399|A damp basement bookshop during the rainy season,x,0.0
A9_EN,atmosphere,9,en,A damp basement bookshop during the rainy season,all,book,gr_1006065.Nog_drie_keer_slapen_en_ik_word_wakker,Nog drie keer slapen en ik word wakker,,0.6489614248275757,1,,dropout03,book|gr_1006065.Nog_drie_keer_slapen_en_ik_word_wakker|A damp basement bookshop during the rainy season,x,0.0
A9_EN,atmosphere,9,en,A damp basement bookshop during the rainy season,all,book,gr_319388.The_Bookshop,The Bookshop,,0.6380901336669922,2,,dropout03,book|gr_319388.The_Bookshop|A damp basement bookshop during the rainy season,a,1.0
A9_EN,atmosphere,9,en,A damp basement bookshop during the rainy season,all,book,gr_2279949.De_man_die_werk_vond,De man die werk vond,,0.6101987361907959,3,,dropout03,book|gr_2279949.De_man_die_werk_vond|A damp basement bookshop during the rainy season,a,1.0
A9_EN,atmosphere,9,en,A damp basement bookshop during the rainy season,all,book,kdl_B0B258WYZG,The Librarian of Burned Books: A Novel,,0.592319667339325,4,,dropout03,book|kdl_B0B258WYZG|A damp basement bookshop during the rainy season,x,0.0
A9_EN,atmosphere,9,en,A damp basement bookshop during the rainy season,all,book,bx_014017043X,Dear Writer in the Window: The Wit and Wisdom of a Sidewalk Sage,,0.587090253829956,5,,dropout03,book|bx_014017043X|A damp basement bookshop during the rainy season,a,1.0
A9_EN,atmosphere,9,en,A damp basement bookshop during the rainy season,all,book,gr_25614298-in-other-words,In Other Words,,0.5836156606674194,6,,dropout03,book|gr_25614298-in-other-words|A damp basement bookshop during the rainy season,x,0.0
A9_EN,atmosphere,9,en,A damp basement bookshop during the rainy season,all,book,gr_35512560-the-diary-of-a-bookseller,The Diary of a Bookseller,,0.5828689932823181,7,,dropout03,book|gr_35512560-the-diary-of-a-bookseller|A damp basement bookshop during the rainy season,a,1.0
A9_EN,atmosphere,9,en,A damp basement bookshop during the rainy season,all,book,bx_0151004250,Bookstore: The Life and Times of Jeannette Watson and Books &amp; Co.,,0.5809111595153809,8,,dropout03,book|bx_0151004250|A damp basement bookshop during the rainy season,a,1.0
A9_EN,atmosphere,9,en,A damp basement bookshop during the rainy season,all,movie,2315226,Fune wo amu (2013),,0.5791342854499817,9,,dropout03,movie|2315226|A damp basement bookshop during the rainy season,a,1.0
A9_EN,atmosphere,9,en,A damp basement bookshop during the rainy season,all,book,bx_0380804743,Miss Zukas Shelves the Evidence (Miss Zukas Mysteries),,0.5546790361404419,10,,dropout03,book|bx_0380804743|A damp basement bookshop during the rainy season,x,0.0
A10_EN,atmosphere,10,en,A highway rest stop at sunset,movie,movie,428196,95 Miles to Go (2004),,0.6762107014656067,1,,dropout03,movie|428196|A highway rest stop at sunset,a,1.0
A10_EN,atmosphere,10,en,A highway rest stop at sunset,movie,movie,250067,The Trip (2002),,0.6481120586395264,2,,dropout03,movie|250067|A highway rest stop at sunset,x,0.0
A10_EN,atmosphere,10,en,A highway rest stop at sunset,movie,movie,1227170,Passenger Side (2009),,0.6244259476661682,3,,dropout03,movie|1227170|A highway rest stop at sunset,a,1.0
A10_EN,atmosphere,10,en,A highway rest stop at sunset,movie,movie,1261954,Take Me Home (2011),,0.6095279455184937,4,,dropout03,movie|1261954|A highway rest stop at sunset,x,0.0
A10_EN,atmosphere,10,en,A highway rest stop at sunset,movie,movie,65788,Goin' Down the Road (1970),,0.5895766019821167,5,,dropout03,movie|65788|A highway rest stop at sunset,a,1.0
A10_EN,atmosphere,10,en,A highway rest stop at sunset,movie,movie,1176954,Eldorado (2008),,0.5888398885726929,6,,dropout03,movie|1176954|A highway rest stop at sunset,a,1.0
A10_EN,atmosphere,10,en,A highway rest stop at sunset,movie,movie,2962876,The Road Within (2014),,0.5868199467658997,7,,dropout03,movie|2962876|A highway rest stop at sunset,a,1.0
A10_EN,atmosphere,10,en,A highway rest stop at sunset,movie,movie,165832,Interstate 60: Episodes of the Road (2002),,0.5855166912078857,8,,dropout03,movie|165832|A highway rest stop at sunset,a,1.0
A10_EN,atmosphere,10,en,A highway rest stop at sunset,movie,movie,2386285,Road to Paloma (2014),,0.5818814039230347,9,,dropout03,movie|2386285|A highway rest stop at sunset,a,1.0
A10_EN,atmosphere,10,en,A highway rest stop at sunset,movie,movie,420313,Wanderlust (2006),,0.5784457325935364,10,,dropout03,movie|420313|A highway rest stop at sunset,a,1.0
A10_EN,atmosphere,10,en,A highway rest stop at sunset,music,music,0KAiuUOrLTIkzkpfpn9jb9,Drive By,,0.6730992197990417,1,,dropout03,music|0KAiuUOrLTIkzkpfpn9jb9|A highway rest stop at sunset,a,1.0
A10_EN,atmosphere,10,en,A highway rest stop at sunset,music,music,2NniAhAtkRACaMeYt48xlD,50 Ways to Say Goodbye,,0.669642448425293,2,,dropout03,music|2NniAhAtkRACaMeYt48xlD|A highway rest stop at sunset,x,0.0
A10_EN,atmosphere,10,en,A highway rest stop at sunset,music,music,4OCFCX4RSZl8esUMtt3muO,Six Days On The Road,,0.6457140445709229,3,,dropout03,music|4OCFCX4RSZl8esUMtt3muO|A highway rest stop at sunset,a,1.0
A10_EN,atmosphere,10,en,A highway rest stop at sunset,music,music,0OoODSk0hu4WWmi3yKbRP3,Midnight Lorry,,0.6433467864990234,4,,dropout03,music|0OoODSk0hu4WWmi3yKbRP3|A highway rest stop at sunset,a,1.0
A10_EN,atmosphere,10,en,A highway rest stop at sunset,music,music,3k5oLgungD1dSOGLqQdIQw,Texas Sun,,0.6377047896385193,5,,dropout03,music|3k5oLgungD1dSOGLqQdIQw|A highway rest stop at sunset,a,1.0
A10_EN,atmosphere,10,en,A highway rest stop at sunset,music,music,066HNnIEcYkMZ4UumfTLmN,Timberwolves At New Jersey,,0.6330745816230774,6,,dropout03,music|066HNnIEcYkMZ4UumfTLmN|A highway rest stop at sunset,x,0.0
A10_EN,atmosphere,10,en,A highway rest stop at sunset,music,music,3adeqciqrsp6PQqR0hGDC7,Bruises (feat. Ashley Monroe),,0.6292848587036133,7,,dropout03,music|3adeqciqrsp6PQqR0hGDC7|A highway rest stop at sunset,x,0.0
A10_EN,atmosphere,10,en,A highway rest stop at sunset,music,music,3ayP2t2qMgIqj8Yy1xHtaa,Somewhere U.S.A.,,0.6284765601158142,8,,dropout03,music|3ayP2t2qMgIqj8Yy1xHtaa|A highway rest stop at sunset,a,1.0
A10_EN,atmosphere,10,en,A highway rest stop at sunset,music,music,0xWZKUjJg2AxTIQCEfyJyZ,September Fifteenth,,0.6153644323348999,9,,dropout03,music|0xWZKUjJg2AxTIQCEfyJyZ|A highway rest stop at sunset,a,1.0
A10_EN,atmosphere,10,en,A highway rest stop at sunset,music,music,79zP1LYImr2tZKG9tZ8nnz,King Of The Road,,0.6036037802696228,10,,dropout03,music|79zP1LYImr2tZKG9tZ8nnz|A highway rest stop at sunset,a,1.0
A10_EN,atmosphere,10,en,A highway rest stop at sunset,book,book,kdl_B01JMOS7R2,Chasing America,,0.6533387899398804,1,,dropout03,book|kdl_B01JMOS7R2|A highway rest stop at sunset,a,1.0
A10_EN,atmosphere,10,en,A highway rest stop at sunset,book,book,bx_0971545103,"Away From My Desk: A Round-the-World Detour from the Rat Race, the Tech Wreck, and the Traffic Jam of Life in America",,0.6495503783226013,2,,dropout03,book|bx_0971545103|A highway rest stop at sunset,a,1.0
A10_EN,atmosphere,10,en,A highway rest stop at sunset,book,book,bx_1566911494,Road Trip USA,,0.6488142609596252,3,,dropout03,book|bx_1566911494|A highway rest stop at sunset,a,1.0
A10_EN,atmosphere,10,en,A highway rest stop at sunset,book,book,kdl_B08Q37ZN3G,The Ultimate Road Trip Guide: How to Visit 47 U.S. National Parks in Two Months on a Budget,,0.6395138502120972,4,,dropout03,book|kdl_B08Q37ZN3G|A highway rest stop at sunset,a,1.0
A10_EN,atmosphere,10,en,A highway rest stop at sunset,book,book,bx_2020333910,TraitÃ?Â© du zen et de l'entretien des motocyclettes,,0.621524453163147,5,,dropout03,book|bx_2020333910|A highway rest stop at sunset,x,0.0
A10_EN,atmosphere,10,en,A highway rest stop at sunset,book,book,gr_18490657-carsick,Carsick: John Waters Hitchhikes Across America,,0.6171402931213379,6,,dropout03,book|gr_18490657-carsick|A highway rest stop at sunset,a,1.0
A10_EN,atmosphere,10,en,A highway rest stop at sunset,book,book,bx_1580050662,Drive: Women's True Stories from the Open Road,,0.6164361834526062,7,,dropout03,book|bx_1580050662|A highway rest stop at sunset,a,1.0
A10_EN,atmosphere,10,en,A highway rest stop at sunset,book,book,bx_0671767976,"Mad Monks on the Road/a 47,000-Hour Dashboard Adventure-From Paradise, California, to Royal, Arkansas, and Up the New Jersey Turnpike",,0.6067944169044495,8,,dropout03,book|bx_0671767976|A highway rest stop at sunset,a,1.0
A10_EN,atmosphere,10,en,A highway rest stop at sunset,book,book,kdl_B003YJEZN2,One for the Road: An Outback Adventure (Vintage Departures),,0.604315996170044,9,,dropout03,book|kdl_B003YJEZN2|A highway rest stop at sunset,a,1.0
A10_EN,atmosphere,10,en,A highway rest stop at sunset,book,book,bx_044050757X,First We Quit Our Jobs: How One Work Driven Couple Got on the Road to a New Life,,0.6027566194534302,10,,dropout03,book|bx_044050757X|A highway rest stop at sunset,a,1.0
A10_EN,atmosphere,10,en,A highway rest stop at sunset,all,movie,428196,95 Miles to Go (2004),,0.6762107014656067,1,,dropout03,movie|428196|A highway rest stop at sunset,a,1.0
A10_EN,atmosphere,10,en,A highway rest stop at sunset,all,music,0KAiuUOrLTIkzkpfpn9jb9,Drive By,,0.6730992197990417,2,,dropout03,music|0KAiuUOrLTIkzkpfpn9jb9|A highway rest stop at sunset,a,1.0
A10_EN,atmosphere,10,en,A highway rest stop at sunset,all,music,2NniAhAtkRACaMeYt48xlD,50 Ways to Say Goodbye,,0.669642448425293,3,,dropout03,music|2NniAhAtkRACaMeYt48xlD|A highway rest stop at sunset,x,0.0
A10_EN,atmosphere,10,en,A highway rest stop at sunset,all,book,kdl_B01JMOS7R2,Chasing America,,0.6533387899398804,4,,dropout03,book|kdl_B01JMOS7R2|A highway rest stop at sunset,a,1.0
A10_EN,atmosphere,10,en,A highway rest stop at sunset,all,book,bx_0971545103,"Away From My Desk: A Round-the-World Detour from the Rat Race, the Tech Wreck, and the Traffic Jam of Life in America",,0.6495503783226013,5,,dropout03,book|bx_0971545103|A highway rest stop at sunset,a,1.0
A10_EN,atmosphere,10,en,A highway rest stop at sunset,all,book,bx_1566911494,Road Trip USA,,0.6488142609596252,6,,dropout03,book|bx_1566911494|A highway rest stop at sunset,a,1.0
A10_EN,atmosphere,10,en,A highway rest stop at sunset,all,movie,250067,The Trip (2002),,0.6481120586395264,7,,dropout03,movie|250067|A highway rest stop at sunset,x,0.0
A10_EN,atmosphere,10,en,A highway rest stop at sunset,all,music,4OCFCX4RSZl8esUMtt3muO,Six Days On The Road,,0.6457140445709229,8,,dropout03,music|4OCFCX4RSZl8esUMtt3muO|A highway rest stop at sunset,a,1.0
A10_EN,atmosphere,10,en,A highway rest stop at sunset,all,music,0OoODSk0hu4WWmi3yKbRP3,Midnight Lorry,,0.6433467864990234,9,,dropout03,music|0OoODSk0hu4WWmi3yKbRP3|A highway rest stop at sunset,a,1.0
A10_EN,atmosphere,10,en,A highway rest stop at sunset,all,book,kdl_B08Q37ZN3G,The Ultimate Road Trip Guide: How to Visit 47 U.S. National Parks in Two Months on a Budget,,0.6395138502120972,10,,dropout03,book|kdl_B08Q37ZN3G|A highway rest stop at sunset,a,1.0
D5_EN,direct,5,en,A courtroom drama based on a true story,movie,movie,2216088,Prosecuting Casey Anthony (2013),,0.6652988791465759,1,,dropout03,movie|2216088|A courtroom drama based on a true story,o,2.0
D5_EN,direct,5,en,A courtroom drama based on a true story,movie,movie,419749,Find Me Guilty (2006),,0.660194993019104,2,,dropout03,movie|419749|A courtroom drama based on a true story,o,2.0
D5_EN,direct,5,en,A courtroom drama based on a true story,movie,movie,111488,Trial by Jury (1994),,0.6495962142944336,3,,dropout03,movie|111488|A courtroom drama based on a true story,a,1.0
D5_EN,direct,5,en,A courtroom drama based on a true story,movie,movie,4216908,L'hermine (2015),,0.6455782651901245,4,,dropout03,movie|4216908|A courtroom drama based on a true story,a,1.0
D5_EN,direct,5,en,A courtroom drama based on a true story,movie,movie,155833,Legalese (1998),,0.6428836584091187,5,,dropout03,movie|155833|A courtroom drama based on a true story,a,1.0
D5_EN,direct,5,en,A courtroom drama based on a true story,movie,movie,1891974,Gyakuten saiban (2012),,0.6418420076370239,6,,dropout03,movie|1891974|A courtroom drama based on a true story,x,0.0
D5_EN,direct,5,en,A courtroom drama based on a true story,movie,movie,113500,Jury Duty (1995),,0.6395295858383179,7,,dropout03,movie|113500|A courtroom drama based on a true story,x,0.0
D5_EN,direct,5,en,A courtroom drama based on a true story,movie,movie,23911,Counsellor at Law (1933),,0.6331055164337158,8,,dropout03,movie|23911|A courtroom drama based on a true story,a,1.0
D5_EN,direct,5,en,A courtroom drama based on a true story,movie,movie,116731,The Juror (1996),,0.629318356513977,9,,dropout03,movie|116731|A courtroom drama based on a true story,a,1.0
D5_EN,direct,5,en,A courtroom drama based on a true story,movie,movie,101590,Class Action (1991),,0.6267112493515015,10,,dropout03,movie|101590|A courtroom drama based on a true story,a,1.0
D5_EN,direct,5,en,A courtroom drama based on a true story,music,music,2E1IPG1MMwU8N70whuXXOs,I've Got Rights,,0.4414701461791992,1,,dropout03,music|2E1IPG1MMwU8N70whuXXOs|A courtroom drama based on a true story,x,0.0
D5_EN,direct,5,en,A courtroom drama based on a true story,music,music,0CrhIYKizM7cLxJVh2AocH,Read Me My Rights,,0.4389707446098327,2,,dropout03,music|0CrhIYKizM7cLxJVh2AocH|A courtroom drama based on a true story,a,1.0
D5_EN,direct,5,en,A courtroom drama based on a true story,music,music,2ewb4VJoSMG1FuSkFKoMgO,Blood in the Water,,0.4012342691421509,3,,dropout03,music|2ewb4VJoSMG1FuSkFKoMgO|A courtroom drama based on a true story,x,0.0
D5_EN,direct,5,en,A courtroom drama based on a true story,music,music,30L03C5kzirLPuEVjcgBI5,Crime News,,0.387248694896698,4,,dropout03,music|30L03C5kzirLPuEVjcgBI5|A courtroom drama based on a true story,a,1.0
D5_EN,direct,5,en,A courtroom drama based on a true story,music,music,5UzU0qw21okODBNUnxptVo,"Lover, Lover",,0.3774702548980713,5,,dropout03,music|5UzU0qw21okODBNUnxptVo|A courtroom drama based on a true story,x,0.0
D5_EN,direct,5,en,A courtroom drama based on a true story,music,music,2G9lekfCh83S0lt2yfffBz,Farmer Refuted,,0.3751835227012634,6,,dropout03,music|2G9lekfCh83S0lt2yfffBz|A courtroom drama based on a true story,x,0.0
D5_EN,direct,5,en,A courtroom drama based on a true story,music,music,1HYKv0B6bYycqpxWHydKy9,One More Drinkin' Song,,0.3631592690944671,7,,dropout03,music|1HYKv0B6bYycqpxWHydKy9|A courtroom drama based on a true story,x,0.0
D5_EN,direct,5,en,A courtroom drama based on a true story,music,music,2TK2KSrzXD6W01qjXVjNGh,The Room Where It Happens,,0.3593352437019348,8,,dropout03,music|2TK2KSrzXD6W01qjXVjNGh|A courtroom drama based on a true story,x,0.0
D5_EN,direct,5,en,A courtroom drama based on a true story,music,music,7FhdJfTDhArxjnRTIDleDi,Simple Man,,0.3560237884521484,9,,dropout03,music|7FhdJfTDhArxjnRTIDleDi|A courtroom drama based on a true story,x,0.0
D5_EN,direct,5,en,A courtroom drama based on a true story,music,music,6rUcS9i07F6okIe8wujs5J,Lemonade,,0.3541315197944641,10,,dropout03,music|6rUcS9i07F6okIe8wujs5J|A courtroom drama based on a true story,x,0.0
D5_EN,direct,5,en,A courtroom drama based on a true story,book,book,bx_034540761X,The Final Judgment,,0.7226737141609192,1,,dropout03,book|bx_034540761X|A courtroom drama based on a true story,a,1.0
D5_EN,direct,5,en,A courtroom drama based on a true story,book,book,bx_3453061187,Die Jury. Roman.,,0.7146747708320618,2,,dropout03,book|bx_3453061187|A courtroom drama based on a true story,a,1.0
D5_EN,direct,5,en,A courtroom drama based on a true story,book,book,bx_0786010312,Above the Law,,0.7087928056716919,3,,dropout03,book|bx_0786010312|A courtroom drama based on a true story,a,1.0
D5_EN,direct,5,en,A courtroom drama based on a true story,book,book,gr_6759454-ultimate-justice,Ultimate Justice,,0.7075732350349426,4,,dropout03,book|gr_6759454-ultimate-justice|A courtroom drama based on a true story,a,1.0
D5_EN,direct,5,en,A courtroom drama based on a true story,book,book,bx_0440224721,Obstruction of Justice,,0.7063896059989929,5,,dropout03,book|bx_0440224721|A courtroom drama based on a true story,a,1.0
D5_EN,direct,5,en,A courtroom drama based on a true story,book,book,bx_0399140433,The Judge,,0.6948272585868835,6,,dropout03,book|bx_0399140433|A courtroom drama based on a true story,a,1.0
D5_EN,direct,5,en,A courtroom drama based on a true story,book,book,bx_006109983X,Acts of Betrayal,,0.6926449537277222,7,,dropout03,book|bx_006109983X|A courtroom drama based on a true story,o,2.0
D5_EN,direct,5,en,A courtroom drama based on a true story,book,book,bx_0345430573,A Certain Justice (Adam Dalgliesh Mysteries (Paperback)),,0.6893070936203003,8,,dropout03,book|bx_0345430573|A courtroom drama based on a true story,a,1.0
D5_EN,direct,5,en,A courtroom drama based on a true story,book,book,bx_0515132136,The Jury,,0.688610315322876,9,,dropout03,book|bx_0515132136|A courtroom drama based on a true story,x,0.0
D5_EN,direct,5,en,A courtroom drama based on a true story,book,book,gr_207984.Solomon_vs_Lord,Solomon vs. Lord,,0.6872378587722778,10,,dropout03,book|gr_207984.Solomon_vs_Lord|A courtroom drama based on a true story,a,1.0
D5_EN,direct,5,en,A courtroom drama based on a true story,all,book,bx_034540761X,The Final Judgment,,0.7226737141609192,1,,dropout03,book|bx_034540761X|A courtroom drama based on a true story,a,1.0
D5_EN,direct,5,en,A courtroom drama based on a true story,all,book,bx_3453061187,Die Jury. Roman.,,0.7146747708320618,2,,dropout03,book|bx_3453061187|A courtroom drama based on a true story,a,1.0
D5_EN,direct,5,en,A courtroom drama based on a true story,all,book,bx_0786010312,Above the Law,,0.7087928056716919,3,,dropout03,book|bx_0786010312|A courtroom drama based on a true story,a,1.0
D5_EN,direct,5,en,A courtroom drama based on a true story,all,book,gr_6759454-ultimate-justice,Ultimate Justice,,0.7075732350349426,4,,dropout03,book|gr_6759454-ultimate-justice|A courtroom drama based on a true story,a,1.0
D5_EN,direct,5,en,A courtroom drama based on a true story,all,book,bx_0440224721,Obstruction of Justice,,0.7063896059989929,5,,dropout03,book|bx_0440224721|A courtroom drama based on a true story,a,1.0
D5_EN,direct,5,en,A courtroom drama based on a true story,all,book,bx_0399140433,The Judge,,0.6948272585868835,6,,dropout03,book|bx_0399140433|A courtroom drama based on a true story,a,1.0
D5_EN,direct,5,en,A courtroom drama based on a true story,all,book,bx_006109983X,Acts of Betrayal,,0.6926449537277222,7,,dropout03,book|bx_006109983X|A courtroom drama based on a true story,o,2.0
D5_EN,direct,5,en,A courtroom drama based on a true story,all,book,bx_0345430573,A Certain Justice (Adam Dalgliesh Mysteries (Paperback)),,0.6893070936203003,8,,dropout03,book|bx_0345430573|A courtroom drama based on a true story,a,1.0
D5_EN,direct,5,en,A courtroom drama based on a true story,all,book,bx_0515132136,The Jury,,0.688610315322876,9,,dropout03,book|bx_0515132136|A courtroom drama based on a true story,x,0.0
D5_EN,direct,5,en,A courtroom drama based on a true story,all,book,gr_207984.Solomon_vs_Lord,Solomon vs. Lord,,0.6872378587722778,10,,dropout03,book|gr_207984.Solomon_vs_Lord|A courtroom drama based on a true story,a,1.0
D6_EN,direct,6,en,Rock music with a heavy guitar riff,movie,movie,109068,Airheads (1994),,0.6231545805931091,1,,dropout03,movie|109068|Rock music with a heavy guitar riff,a,1.0
D6_EN,direct,6,en,Rock music with a heavy guitar riff,movie,movie,1236472,Lemmy (2010),,0.5914453268051147,2,,dropout03,movie|1236472|Rock music with a heavy guitar riff,a,1.0
D6_EN,direct,6,en,Rock music with a heavy guitar riff,movie,movie,88258,This Is Spinal Tap (1984),,0.573235034942627,3,,dropout03,movie|88258|Rock music with a heavy guitar riff,a,1.0
D6_EN,direct,6,en,Rock music with a heavy guitar riff,movie,movie,332379,School of Rock (2003),,0.5728380680084229,4,,dropout03,movie|332379|Rock music with a heavy guitar riff,o,2.0
D6_EN,direct,6,en,Rock music with a heavy guitar riff,movie,movie,477449,MC5: Kick Out the Jams (1999),,0.5679827332496643,5,,dropout03,movie|477449|Rock music with a heavy guitar riff,a,1.0
D6_EN,direct,6,en,Rock music with a heavy guitar riff,movie,movie,1774438,Kovasikajuttu (2012),,0.5619833469390869,6,,dropout03,movie|1774438|Rock music with a heavy guitar riff,a,1.0
D6_EN,direct,6,en,Rock music with a heavy guitar riff,movie,movie,283323,Down and Out with the Dolls (2001),,0.5462661981582642,7,,dropout03,movie|283323|Rock music with a heavy guitar riff,a,1.0
D6_EN,direct,6,en,Rock music with a heavy guitar riff,movie,movie,1426748,Losers Take All (2011),,0.5459526777267456,8,,dropout03,movie|1426748|Rock music with a heavy guitar riff,x,0.0
D6_EN,direct,6,en,Rock music with a heavy guitar riff,movie,movie,799915,Air Guitar Nation (2006),,0.5458441972732544,9,,dropout03,movie|799915|Rock music with a heavy guitar riff,a,1.0
D6_EN,direct,6,en,Rock music with a heavy guitar riff,movie,movie,419434,American Hardcore (2006),,0.5408461093902588,10,,dropout03,movie|419434|Rock music with a heavy guitar riff,o,2.0
D6_EN,direct,6,en,Rock music with a heavy guitar riff,music,music,27BuinX1CEXTLQmpUawSIG,Get A Haircut,,0.6069090366363525,1,,dropout03,music|27BuinX1CEXTLQmpUawSIG|Rock music with a heavy guitar riff,o,2.0
D6_EN,direct,6,en,Rock music with a heavy guitar riff,music,music,5rHGRbh5F1oFQ4CdpzFyhN,Don't Ask Me No Questions,,0.6055007576942444,2,,dropout03,music|5rHGRbh5F1oFQ4CdpzFyhN|Rock music with a heavy guitar riff,o,2.0
D6_EN,direct,6,en,Rock music with a heavy guitar riff,music,music,1CnU1qewM7glU79O4VSlWX,Wake Up,,0.6054368019104004,3,,dropout03,music|1CnU1qewM7glU79O4VSlWX|Rock music with a heavy guitar riff,x,0.0
D6_EN,direct,6,en,Rock music with a heavy guitar riff,music,music,0BnS2mIXaKvNDmy98EBJO5,It's A Long Way To The Top (If You Wanna Rock 'n' Roll),,0.6046698093414307,4,,dropout03,music|0BnS2mIXaKvNDmy98EBJO5|Rock music with a heavy guitar riff,o,2.0
D6_EN,direct,6,en,Rock music with a heavy guitar riff,music,music,5vB0cxSvzXuVh15EDD0Cej,Anthem,,0.6007143259048462,5,,dropout03,music|5vB0cxSvzXuVh15EDD0Cej|Rock music with a heavy guitar riff,a,1.0
D6_EN,direct,6,en,Rock music with a heavy guitar riff,music,music,1OSm509RxY5oEQwSZEPeF6,Dumb Reminders,,0.599209725856781,6,,dropout03,music|1OSm509RxY5oEQwSZEPeF6|Rock music with a heavy guitar riff,a,1.0
D6_EN,direct,6,en,Rock music with a heavy guitar riff,music,music,2KeEzXxpADVpW1gbUj0rS7,To Have And To Have Not,,0.598802924156189,7,,dropout03,music|2KeEzXxpADVpW1gbUj0rS7|Rock music with a heavy guitar riff,a,1.0
D6_EN,direct,6,en,Rock music with a heavy guitar riff,music,music,6vWVPfnyCENt9znrCy2UNj,It's My Job To Keep Punk Rock Elite,,0.5923723578453064,8,,dropout03,music|6vWVPfnyCENt9znrCy2UNj|Rock music with a heavy guitar riff,a,1.0
D6_EN,direct,6,en,Rock music with a heavy guitar riff,music,music,5IPCeuuTLjdKJGruJ1x6kL,Mommy's Little Monster,,0.592198371887207,9,,dropout03,music|5IPCeuuTLjdKJGruJ1x6kL|Rock music with a heavy guitar riff,o,2.0
D6_EN,direct,6,en,Rock music with a heavy guitar riff,music,music,668YgsnvdNBHfRscNIBS31,It's Only Rock'n'Roll (But I Like It) - Remastered 2009,,0.5920240879058838,10,,dropout03,music|668YgsnvdNBHfRscNIBS31|Rock music with a heavy guitar riff,o,2.0
D6_EN,direct,6,en,Rock music with a heavy guitar riff,book,book,bx_0316107298,Billy and the Boingers Bootleg (Bloom County Book),,0.6291884779930115,1,,dropout03,book|bx_0316107298|Rock music with a heavy guitar riff,x,0.0
D6_EN,direct,6,en,Rock music with a heavy guitar riff,book,book,kdl_B007IV89TS,Commando: The Autobiography of Johnny Ramone,,0.6226680278778076,2,,dropout03,book|kdl_B007IV89TS|Rock music with a heavy guitar riff,a,1.0
D6_EN,direct,6,en,Rock music with a heavy guitar riff,book,book,kdl_B0BHLVZHR8,Twisted Business: Lessons From My Life In Rock.'n' Roll,,0.6039623618125916,3,,dropout03,book|kdl_B0BHLVZHR8|Rock music with a heavy guitar riff,a,1.0
D6_EN,direct,6,en,Rock music with a heavy guitar riff,book,book,gr_11766885-rock-god,Rock God: The Legend of BJ Levine,,0.5750429630279541,4,,dropout03,book|gr_11766885-rock-god|Rock music with a heavy guitar riff,o,2.0
D6_EN,direct,6,en,Rock music with a heavy guitar riff,book,book,gr_15752757-rock-chick-revolution,Rock Chick Revolution,,0.5664193630218506,5,,dropout03,book|gr_15752757-rock-chick-revolution|Rock music with a heavy guitar riff,x,0.0
D6_EN,direct,6,en,Rock music with a heavy guitar riff,book,book,kdl_B07J3NGG85,Rock Guitar Mode Mastery: A Guide to Learning and Applying the Modes to Rock and Shred Metal Guitar with Chris Zoupa (Learn How to Play Rock Guitar),,0.5654032826423645,6,,dropout03,book|kdl_B07J3NGG85|Rock music with a heavy guitar riff,o,2.0
D6_EN,direct,6,en,Rock music with a heavy guitar riff,book,book,gr_1165534.Outlaw_Blues,Outlaw Blues: A Book of Rock Music,,0.562635600566864,7,,dropout03,book|gr_1165534.Outlaw_Blues|Rock music with a heavy guitar riff,a,1.0
D6_EN,direct,6,en,Rock music with a heavy guitar riff,book,book,bx_0753502313,The Virgin Encyclopedia of Indie &amp; New Wave (Virgin Encyclopedias of Popular Music Series),,0.5594131350517273,8,,dropout03,book|bx_0753502313|Rock music with a heavy guitar riff,a,1.0
D6_EN,direct,6,en,Rock music with a heavy guitar riff,book,book,bx_1861050593,The A-Z of Names in Rock: And the Amazing Stories Behind Them,,0.557298481464386,9,,dropout03,book|bx_1861050593|Rock music with a heavy guitar riff,a,1.0
D6_EN,direct,6,en,Rock music with a heavy guitar riff,book,book,kdl_B0C722QSPB,I Want You Around: The Ramones and the Making of Rock ‘n’ Roll High School,,0.5568668246269226,10,,dropout03,book|kdl_B0C722QSPB|Rock music with a heavy guitar riff,a,1.0
D6_EN,direct,6,en,Rock music with a heavy guitar riff,all,book,bx_0316107298,Billy and the Boingers Bootleg (Bloom County Book),,0.6291884779930115,1,,dropout03,book|bx_0316107298|Rock music with a heavy guitar riff,x,0.0
D6_EN,direct,6,en,Rock music with a heavy guitar riff,all,movie,109068,Airheads (1994),,0.6231545805931091,2,,dropout03,movie|109068|Rock music with a heavy guitar riff,a,1.0
D6_EN,direct,6,en,Rock music with a heavy guitar riff,all,book,kdl_B007IV89TS,Commando: The Autobiography of Johnny Ramone,,0.6226680278778076,3,,dropout03,book|kdl_B007IV89TS|Rock music with a heavy guitar riff,a,1.0
D6_EN,direct,6,en,Rock music with a heavy guitar riff,all,music,27BuinX1CEXTLQmpUawSIG,Get A Haircut,,0.6069090366363525,4,,dropout03,music|27BuinX1CEXTLQmpUawSIG|Rock music with a heavy guitar riff,o,2.0
D6_EN,direct,6,en,Rock music with a heavy guitar riff,all,music,5rHGRbh5F1oFQ4CdpzFyhN,Don't Ask Me No Questions,,0.6055007576942444,5,,dropout03,music|5rHGRbh5F1oFQ4CdpzFyhN|Rock music with a heavy guitar riff,o,2.0
D6_EN,direct,6,en,Rock music with a heavy guitar riff,all,music,1CnU1qewM7glU79O4VSlWX,Wake Up,,0.6054368019104004,6,,dropout03,music|1CnU1qewM7glU79O4VSlWX|Rock music with a heavy guitar riff,x,0.0
D6_EN,direct,6,en,Rock music with a heavy guitar riff,all,music,0BnS2mIXaKvNDmy98EBJO5,It's A Long Way To The Top (If You Wanna Rock 'n' Roll),,0.6046698093414307,7,,dropout03,music|0BnS2mIXaKvNDmy98EBJO5|Rock music with a heavy guitar riff,o,2.0
D6_EN,direct,6,en,Rock music with a heavy guitar riff,all,book,kdl_B0BHLVZHR8,Twisted Business: Lessons From My Life In Rock.'n' Roll,,0.6039623618125916,8,,dropout03,book|kdl_B0BHLVZHR8|Rock music with a heavy guitar riff,a,1.0
D6_EN,direct,6,en,Rock music with a heavy guitar riff,all,music,5vB0cxSvzXuVh15EDD0Cej,Anthem,,0.6007143259048462,9,,dropout03,music|5vB0cxSvzXuVh15EDD0Cej|Rock music with a heavy guitar riff,a,1.0
D6_EN,direct,6,en,Rock music with a heavy guitar riff,all,music,1OSm509RxY5oEQwSZEPeF6,Dumb Reminders,,0.599209725856781,10,,dropout03,music|1OSm509RxY5oEQwSZEPeF6|Rock music with a heavy guitar riff,a,1.0
D7_EN,direct,7,en,A novel about a family secret,movie,movie,114666,The Tie That Binds (1995),,0.5274441242218018,1,,dropout03,movie|114666|A novel about a family secret,a,1.0
D7_EN,direct,7,en,A novel about a family secret,movie,movie,757361,Margot at the Wedding (2007),,0.5194066166877747,2,,dropout03,movie|757361|A novel about a family secret,a,1.0
D7_EN,direct,7,en,A novel about a family secret,movie,movie,757361,Margot at the Wedding (2007),,0.5194066166877747,3,,dropout03,movie|757361|A novel about a family secret,a,1.0
D7_EN,direct,7,en,A novel about a family secret,movie,movie,2002845,The Vaughn Sister (2010),,0.5151851177215576,4,,dropout03,movie|2002845|A novel about a family secret,x,0.0
D7_EN,direct,7,en,A novel about a family secret,movie,movie,21633,The Bachelor Father (1931),,0.5100160837173462,5,,dropout03,movie|21633|A novel about a family secret,a,1.0
D7_EN,direct,7,en,A novel about a family secret,movie,movie,2404311,The Family (2013),,0.504137396812439,6,,dropout03,movie|2404311|A novel about a family secret,a,1.0
D7_EN,direct,7,en,A novel about a family secret,movie,movie,2383616,Only Daughter (2013),,0.4991405606269836,7,,dropout03,movie|2383616|A novel about a family secret,o,2.0
D7_EN,direct,7,en,A novel about a family secret,movie,movie,98725,Sweetie (1989),,0.4959874153137207,8,,dropout03,movie|98725|A novel about a family secret,a,1.0
D7_EN,direct,7,en,A novel about a family secret,movie,movie,1033575,The Descendants (2011),,0.4953164458274841,9,,dropout03,movie|1033575|A novel about a family secret,a,1.0
D7_EN,direct,7,en,A novel about a family secret,movie,movie,444653,Keeping Mum (2005),,0.4942799508571625,10,,dropout03,movie|444653|A novel about a family secret,a,1.0
D7_EN,direct,7,en,A novel about a family secret,music,music,4ygdy4dVdycreRQB95DhhS,You know who's a great lady?,,0.3361717462539673,1,,dropout03,music|4ygdy4dVdycreRQB95DhhS|A novel about a family secret,a,1.0
D7_EN,direct,7,en,A novel about a family secret,music,music,2wmr2A1ixEx9qViaOMkkkW,Oh Daddy - 2004 Remaster,,0.3215805292129516,2,,dropout03,music|2wmr2A1ixEx9qViaOMkkkW|A novel about a family secret,a,1.0
D7_EN,direct,7,en,A novel about a family secret,music,music,3FgEerIxXNMRhY2KV5Kl44,Duchess,,0.3199506402015686,3,,dropout03,music|3FgEerIxXNMRhY2KV5Kl44|A novel about a family secret,x,0.0
D7_EN,direct,7,en,A novel about a family secret,music,music,4wcz06MtcyL8OFBsxsT5rO,Brothers,,0.3189816474914551,4,,dropout03,music|4wcz06MtcyL8OFBsxsT5rO|A novel about a family secret,a,1.0
D7_EN,direct,7,en,A novel about a family secret,music,music,6edGb5NpmBfxkJAW5p6VdO,Fathers and Daughters,,0.3150018453598022,5,,dropout03,music|6edGb5NpmBfxkJAW5p6VdO|A novel about a family secret,a,1.0
D7_EN,direct,7,en,A novel about a family secret,music,music,6uie49Ul2wKawsbIGc8MYb,When You're An Addams,,0.3070418834686279,6,,dropout03,music|6uie49Ul2wKawsbIGc8MYb|A novel about a family secret,a,1.0
D7_EN,direct,7,en,A novel about a family secret,music,music,5dPc0lDy55q0GCyL66Uudy,Call Your Mama (feat. Little Big Town),,0.302447110414505,7,,dropout03,music|5dPc0lDy55q0GCyL66Uudy|A novel about a family secret,x,0.0
D7_EN,direct,7,en,A novel about a family secret,music,music,7FriPHzt3ALYFQhJdca1UL,Family Tree,,0.3021543622016907,8,,dropout03,music|7FriPHzt3ALYFQhJdca1UL|A novel about a family secret,x,0.0
D7_EN,direct,7,en,A novel about a family secret,music,music,6W6mfGp42e0npejwRfK5Mt,Pulled,,0.3007704615592956,9,,dropout03,music|6W6mfGp42e0npejwRfK5Mt|A novel about a family secret,x,0.0
D7_EN,direct,7,en,A novel about a family secret,music,music,73ZTWCuwudUVvvWipRnQnQ,Family Tradition,,0.299954891204834,10,,dropout03,music|73ZTWCuwudUVvvWipRnQnQ|A novel about a family secret,a,1.0
D7_EN,direct,7,en,A novel about a family secret,book,book,bx_0451137477,I Never Promised You Rose M/TV,,0.628776490688324,1,,dropout03,book|bx_0451137477|A novel about a family secret,x,0.0
D7_EN,direct,7,en,A novel about a family secret,book,book,kdl_B08K7MMM45,Blush,,0.5932376384735107,2,,dropout03,book|kdl_B08K7MMM45|A novel about a family secret,a,1.0
D7_EN,direct,7,en,A novel about a family secret,book,book,bx_0345384903,Our Father,,0.5903500914573669,3,,dropout03,book|bx_0345384903|A novel about a family secret,a,1.0
D7_EN,direct,7,en,A novel about a family secret,book,book,bx_0684832291,My Gal Sunday,,0.5854862928390503,4,,dropout03,book|bx_0684832291|A novel about a family secret,x,0.0
D7_EN,direct,7,en,A novel about a family secret,book,book,bx_0671534734,Unfinished Symphony (Logan),,0.5768667459487915,5,,dropout03,book|bx_0671534734|A novel about a family secret,a,1.0
D7_EN,direct,7,en,A novel about a family secret,book,book,kdl_B09SDC3GXH,Forever Home: GRAHAM NORTON'S NEW DARK COMEDY,,0.5751580595970154,6,,dropout03,book|kdl_B09SDC3GXH|A novel about a family secret,a,1.0
D7_EN,direct,7,en,A novel about a family secret,book,book,bx_0552997706,Telling Liddy: A Sour Commedy,,0.5632259249687195,7,,dropout03,book|bx_0552997706|A novel about a family secret,x,0.0
D7_EN,direct,7,en,A novel about a family secret,book,book,kdl_B0BH4JSCR1,Before She Finds Me: A Novel,,0.562288224697113,8,,dropout03,book|kdl_B0BH4JSCR1|A novel about a family secret,a,1.0
D7_EN,direct,7,en,A novel about a family secret,book,book,kdl_B0C5RBLZ4K,The Inheritance: An absolutely unputdownable psychological thriller with a shocking twist,,0.5564030408859253,9,,dropout03,book|kdl_B0C5RBLZ4K|A novel about a family secret,a,1.0
D7_EN,direct,7,en,A novel about a family secret,book,book,gr_17201349-de-villa,De villa,,0.5484353303909302,10,,dropout03,book|gr_17201349-de-villa|A novel about a family secret,x,0.0
D7_EN,direct,7,en,A novel about a family secret,all,book,bx_0451137477,I Never Promised You Rose M/TV,,0.628776490688324,1,,dropout03,book|bx_0451137477|A novel about a family secret,x,0.0
D7_EN,direct,7,en,A novel about a family secret,all,book,kdl_B08K7MMM45,Blush,,0.5932376384735107,2,,dropout03,book|kdl_B08K7MMM45|A novel about a family secret,a,1.0
D7_EN,direct,7,en,A novel about a family secret,all,book,bx_0345384903,Our Father,,0.5903500914573669,3,,dropout03,book|bx_0345384903|A novel about a family secret,a,1.0
D7_EN,direct,7,en,A novel about a family secret,all,book,bx_0684832291,My Gal Sunday,,0.5854862928390503,4,,dropout03,book|bx_0684832291|A novel about a family secret,x,0.0
D7_EN,direct,7,en,A novel about a family secret,all,book,bx_0671534734,Unfinished Symphony (Logan),,0.5768667459487915,5,,dropout03,book|bx_0671534734|A novel about a family secret,a,1.0
D7_EN,direct,7,en,A novel about a family secret,all,book,kdl_B09SDC3GXH,Forever Home: GRAHAM NORTON'S NEW DARK COMEDY,,0.5751580595970154,6,,dropout03,book|kdl_B09SDC3GXH|A novel about a family secret,a,1.0
D7_EN,direct,7,en,A novel about a family secret,all,book,bx_0552997706,Telling Liddy: A Sour Commedy,,0.5632259249687195,7,,dropout03,book|bx_0552997706|A novel about a family secret,x,0.0
D7_EN,direct,7,en,A novel about a family secret,all,book,kdl_B0BH4JSCR1,Before She Finds Me: A Novel,,0.562288224697113,8,,dropout03,book|kdl_B0BH4JSCR1|A novel about a family secret,a,1.0
D7_EN,direct,7,en,A novel about a family secret,all,book,kdl_B0C5RBLZ4K,The Inheritance: An absolutely unputdownable psychological thriller with a shocking twist,,0.5564030408859253,9,,dropout03,book|kdl_B0C5RBLZ4K|A novel about a family secret,a,1.0
D7_EN,direct,7,en,A novel about a family secret,all,book,gr_17201349-de-villa,De villa,,0.5484353303909302,10,,dropout03,book|gr_17201349-de-villa|A novel about a family secret,x,0.0
D8_EN,direct,8,en,A coming-of-age film set in the 1980s,movie,movie,2833074,1987 (2014),,0.7254890203475952,1,,dropout03,movie|2833074|A coming-of-age film set in the 1980s,a,1.0
D8_EN,direct,8,en,A coming-of-age film set in the 1980s,movie,movie,84234,The Last American Virgin (1982),,0.6892887949943542,2,,dropout03,movie|84234|A coming-of-age film set in the 1980s,a,1.0
D8_EN,direct,8,en,A coming-of-age film set in the 1980s,movie,movie,138414,Edge of Seventeen (1998),,0.6672879457473755,3,,dropout03,movie|138414|A coming-of-age film set in the 1980s,a,1.0
D8_EN,direct,8,en,A coming-of-age film set in the 1980s,movie,movie,3816372,The Unauthorized Saved by the Bell Story (2014),,0.6664328575134277,4,,dropout03,movie|3816372|A coming-of-age film set in the 1980s,a,1.0
D8_EN,direct,8,en,A coming-of-age film set in the 1980s,movie,movie,88847,The Breakfast Club (1985),,0.6593830585479736,5,,dropout03,movie|88847|A coming-of-age film set in the 1980s,o,2.0
D8_EN,direct,8,en,A coming-of-age film set in the 1980s,movie,movie,61514,The Cool Ones (1967),,0.6564656496047974,6,,dropout03,movie|61514|A coming-of-age film set in the 1980s,x,0.0
D8_EN,direct,8,en,A coming-of-age film set in the 1980s,movie,movie,53641,Because They're Young (1960),,0.6539239883422852,7,,dropout03,movie|53641|A coming-of-age film set in the 1980s,x,0.0
D8_EN,direct,8,en,A coming-of-age film set in the 1980s,movie,movie,108320,There Goes My Baby (1994),,0.6472790241241455,8,,dropout03,movie|108320|A coming-of-age film set in the 1980s,x,0.0
D8_EN,direct,8,en,A coming-of-age film set in the 1980s,movie,movie,2196055,Teenage (2013),,0.6446293592453003,9,,dropout03,movie|2196055|A coming-of-age film set in the 1980s,x,0.0
D8_EN,direct,8,en,A coming-of-age film set in the 1980s,movie,movie,1727300,Hunky Dory (2011),,0.6441478729248047,10,,dropout03,movie|1727300|A coming-of-age film set in the 1980s,a,1.0
D8_EN,direct,8,en,A coming-of-age film set in the 1980s,music,music,03gsb1WnVQUuLqChBvzmoo,AM Radio,,0.6270681619644165,1,,dropout03,music|03gsb1WnVQUuLqChBvzmoo|A coming-of-age film set in the 1980s,a,1.0
D8_EN,direct,8,en,A coming-of-age film set in the 1980s,music,music,4tj0T53jJzNpk5f5AByEQR,Hangin' 'Round,,0.5906802415847778,2,,dropout03,music|4tj0T53jJzNpk5f5AByEQR|A coming-of-age film set in the 1980s,x,0.0
D8_EN,direct,8,en,A coming-of-age film set in the 1980s,music,music,4zJBF8rXepeoJ0qJOqMLhj,The Kids Are Alright,,0.5903590321540833,3,,dropout03,music|4zJBF8rXepeoJ0qJOqMLhj|A coming-of-age film set in the 1980s,a,1.0
D8_EN,direct,8,en,A coming-of-age film set in the 1980s,music,music,0mqSUEphLHhooUE91a9LHz,All the Young Dudes - David Bowie & Ian Hunter Vocal,,0.586505115032196,4,,dropout03,music|0mqSUEphLHhooUE91a9LHz|A coming-of-age film set in the 1980s,a,1.0
D8_EN,direct,8,en,A coming-of-age film set in the 1980s,music,music,7aDotQpUKpGFrOsrfQAxNc,Kids of the Black Hole,,0.5849213004112244,5,,dropout03,music|7aDotQpUKpGFrOsrfQAxNc|A coming-of-age film set in the 1980s,a,1.0
D8_EN,direct,8,en,A coming-of-age film set in the 1980s,music,music,7uPmQttafLiJyju14JREY4,Young Americans - 2016 Remaster,,0.5827633738517761,6,,dropout03,music|7uPmQttafLiJyju14JREY4|A coming-of-age film set in the 1980s,a,1.0
D8_EN,direct,8,en,A coming-of-age film set in the 1980s,music,music,4Q4w8aRdfhIIEhBututktL,Story of My Life,,0.5757155418395996,7,,dropout03,music|4Q4w8aRdfhIIEhBututktL|A coming-of-age film set in the 1980s,x,0.0
D8_EN,direct,8,en,A coming-of-age film set in the 1980s,music,music,6Dj0RpOdgzXWnxf7wyZhay,Favourite Shirts (Boy Meets Girl),,0.5743259787559509,8,,dropout03,music|6Dj0RpOdgzXWnxf7wyZhay|A coming-of-age film set in the 1980s,a,1.0
D8_EN,direct,8,en,A coming-of-age film set in the 1980s,music,music,0jrdWPwYjUZvqfJcwE8ddh,Saturday Night at the Movies,,0.5714958906173706,9,,dropout03,music|0jrdWPwYjUZvqfJcwE8ddh|A coming-of-age film set in the 1980s,a,1.0
D8_EN,direct,8,en,A coming-of-age film set in the 1980s,music,music,4FzPIalyruWIiefI91qe4B,Rock 'n' Roll High School - 2002 Remaster,,0.5641340613365173,10,,dropout03,music|4FzPIalyruWIiefI91qe4B|A coming-of-age film set in the 1980s,a,1.0
D8_EN,direct,8,en,A coming-of-age film set in the 1980s,book,book,bx_0312151942,Pretty in Pink: The Golden Age of Teenage Movies,,0.7014948129653931,1,,dropout03,book|bx_0312151942|A coming-of-age film set in the 1980s,a,1.0
D8_EN,direct,8,en,A coming-of-age film set in the 1980s,book,book,gr_7056106-only-in-the-movies,Only in the Movies,,0.6637920141220093,2,,dropout03,book|gr_7056106-only-in-the-movies|A coming-of-age film set in the 1980s,x,0.0
D8_EN,direct,8,en,A coming-of-age film set in the 1980s,book,book,kdl_B07D6MPHN9,The Light Years: A Memoir,,0.6524405479431152,3,,dropout03,book|kdl_B07D6MPHN9|A coming-of-age film set in the 1980s,x,0.0
D8_EN,direct,8,en,A coming-of-age film set in the 1980s,book,book,bx_0345353943,Be True to Your School: A Diary of 1964,,0.6398791074752808,4,,dropout03,book|bx_0345353943|A coming-of-age film set in the 1980s,a,1.0
D8_EN,direct,8,en,A coming-of-age film set in the 1980s,book,book,bx_0553157663,"Jessica, the Rock Star (Sweet Valley Twins, No 34)",,0.637527346611023,5,,dropout03,book|bx_0553157663|A coming-of-age film set in the 1980s,a,1.0
D8_EN,direct,8,en,A coming-of-age film set in the 1980s,book,book,gr_450667.69,69,,0.6275898218154907,6,,dropout03,book|gr_450667.69|A coming-of-age film set in the 1980s,a,1.0
D8_EN,direct,8,en,A coming-of-age film set in the 1980s,book,book,bx_0590604031,The Baby-Sitters Club: The Movie,,0.6192688345909119,7,,dropout03,book|bx_0590604031|A coming-of-age film set in the 1980s,x,0.0
D8_EN,direct,8,en,A coming-of-age film set in the 1980s,book,book,bx_0970038704,Cut My Hair,,0.6100355386734009,8,,dropout03,book|bx_0970038704|A coming-of-age film set in the 1980s,a,1.0
D8_EN,direct,8,en,A coming-of-age film set in the 1980s,book,book,gr_6543764-the-vinyl-princess,The Vinyl Princess,,0.6098943948745728,9,,dropout03,book|gr_6543764-the-vinyl-princess|A coming-of-age film set in the 1980s,a,1.0
D8_EN,direct,8,en,A coming-of-age film set in the 1980s,book,book,bx_158663061X,'N Sync,,0.6036179661750793,10,,dropout03,book|bx_158663061X|A coming-of-age film set in the 1980s,x,0.0
D8_EN,direct,8,en,A coming-of-age film set in the 1980s,all,movie,2833074,1987 (2014),,0.7254890203475952,1,,dropout03,movie|2833074|A coming-of-age film set in the 1980s,a,1.0
D8_EN,direct,8,en,A coming-of-age film set in the 1980s,all,book,bx_0312151942,Pretty in Pink: The Golden Age of Teenage Movies,,0.7014948129653931,2,,dropout03,book|bx_0312151942|A coming-of-age film set in the 1980s,a,1.0
D8_EN,direct,8,en,A coming-of-age film set in the 1980s,all,movie,84234,The Last American Virgin (1982),,0.6892887949943542,3,,dropout03,movie|84234|A coming-of-age film set in the 1980s,a,1.0
D8_EN,direct,8,en,A coming-of-age film set in the 1980s,all,movie,138414,Edge of Seventeen (1998),,0.6672879457473755,4,,dropout03,movie|138414|A coming-of-age film set in the 1980s,a,1.0
D8_EN,direct,8,en,A coming-of-age film set in the 1980s,all,movie,3816372,The Unauthorized Saved by the Bell Story (2014),,0.6664328575134277,5,,dropout03,movie|3816372|A coming-of-age film set in the 1980s,a,1.0
D8_EN,direct,8,en,A coming-of-age film set in the 1980s,all,book,gr_7056106-only-in-the-movies,Only in the Movies,,0.6637920141220093,6,,dropout03,book|gr_7056106-only-in-the-movies|A coming-of-age film set in the 1980s,x,0.0
D8_EN,direct,8,en,A coming-of-age film set in the 1980s,all,movie,88847,The Breakfast Club (1985),,0.6593830585479736,7,,dropout03,movie|88847|A coming-of-age film set in the 1980s,o,2.0
D8_EN,direct,8,en,A coming-of-age film set in the 1980s,all,movie,61514,The Cool Ones (1967),,0.6564656496047974,8,,dropout03,movie|61514|A coming-of-age film set in the 1980s,x,0.0
D8_EN,direct,8,en,A coming-of-age film set in the 1980s,all,movie,53641,Because They're Young (1960),,0.6539239883422852,9,,dropout03,movie|53641|A coming-of-age film set in the 1980s,x,0.0
D8_EN,direct,8,en,A coming-of-age film set in the 1980s,all,book,kdl_B07D6MPHN9,The Light Years: A Memoir,,0.6524405479431152,10,,dropout03,book|kdl_B07D6MPHN9|A coming-of-age film set in the 1980s,x,0.0
D9_EN,direct,9,en,A calm solo piano piece,movie,movie,2219650,Seymour: An Introduction (2014),,0.5909198522567749,1,,dropout03,movie|2219650|A calm solo piano piece,a,1.0
D9_EN,direct,9,en,A calm solo piano piece,movie,movie,1079450,The Silence Before Bach (2007),,0.5332693457603455,2,,dropout03,movie|1079450|A calm solo piano piece,x,0.0
D9_EN,direct,9,en,A calm solo piano piece,movie,movie,1907704,L'accordeur (2010),,0.5292595624923706,3,,dropout03,movie|1907704|A calm solo piano piece,a,1.0
D9_EN,direct,9,en,A calm solo piano piece,movie,movie,3865286,My Lonely Me (2015),,0.5215551853179932,4,,dropout03,movie|3865286|A calm solo piano piece,x,0.0
D9_EN,direct,9,en,A calm solo piano piece,movie,movie,1331115,Pianomania (2009),,0.5046381950378418,5,,dropout03,movie|1331115|A calm solo piano piece,a,1.0
D9_EN,direct,9,en,A calm solo piano piece,movie,movie,257215,En sí«ng fí_r Martin (2001),,0.494535744190216,6,,dropout03,movie|257215|A calm solo piano piece,x,0.0
D9_EN,direct,9,en,A calm solo piano piece,movie,movie,108328,Thirty Two Short Films About Glenn Gould (1993),,0.481126606464386,7,,dropout03,movie|108328|A calm solo piano piece,a,1.0
D9_EN,direct,9,en,A calm solo piano piece,movie,movie,2474438,Attila Marcel (2013),,0.4710096716880798,8,,dropout03,movie|2474438|A calm solo piano piece,x,0.0
D9_EN,direct,9,en,A calm solo piano piece,movie,movie,62804,The Chronicle of Anna Magdalena Bach (1968),,0.4703809022903442,9,,dropout03,movie|62804|A calm solo piano piece,x,0.0
D9_EN,direct,9,en,A calm solo piano piece,movie,movie,38104,A Song to Remember (1945),,0.4588406085968017,10,,dropout03,movie|38104|A calm solo piano piece,x,0.0
D9_EN,direct,9,en,A calm solo piano piece,music,music,2ZoSiPSkWqz36Qqtl940zr,"Lieder ohne Worte, Op. 19, No. 1",,0.7355220913887024,1,,dropout03,music|2ZoSiPSkWqz36Qqtl940zr|A calm solo piano piece,a,1.0
D9_EN,direct,9,en,A calm solo piano piece,music,music,1tSzm6vk58gS0NZwYS18W0,Waltz for Debby,,0.7288933992385864,2,,dropout03,music|1tSzm6vk58gS0NZwYS18W0|A calm solo piano piece,a,1.0
D9_EN,direct,9,en,A calm solo piano piece,music,music,7927IbXHiYrlZkAikPsi3X,Opus 20,,0.7197710871696472,3,,dropout03,music|7927IbXHiYrlZkAikPsi3X|A calm solo piano piece,a,1.0
D9_EN,direct,9,en,A calm solo piano piece,music,music,7927IbXHiYrlZkAikPsi3X,Opus 20,,0.718456506729126,4,,dropout03,music|7927IbXHiYrlZkAikPsi3X|A calm solo piano piece,a,1.0
D9_EN,direct,9,en,A calm solo piano piece,music,music,2Hnurh1BcigGbCGFOb4Uid,"La campanella in G-Sharp Minor (From ""Grandes études de Paganini"", S. 141 / 3)",,0.7143986225128174,5,,dropout03,music|2Hnurh1BcigGbCGFOb4Uid|A calm solo piano piece,x,0.0
D9_EN,direct,9,en,A calm solo piano piece,music,music,2u22XYHmJiVBl0HSW8jQFt,"12 Etudes, L.136: 11. Pour les Arpèges composés",,0.7127845287322998,6,,dropout03,music|2u22XYHmJiVBl0HSW8jQFt|A calm solo piano piece,x,0.0
D9_EN,direct,9,en,A calm solo piano piece,music,music,3tcorTc2qAByPxoCr8IsMx,Jazz Suite No.2: 6. Waltz II,,0.70881187915802,7,,dropout03,music|3tcorTc2qAByPxoCr8IsMx|A calm solo piano piece,x,0.0
D9_EN,direct,9,en,A calm solo piano piece,music,music,1vP5Ceh1SrfOalU8Yc3XE9,It Never Entered My Mind,,0.7080601453781128,8,,dropout03,music|1vP5Ceh1SrfOalU8Yc3XE9|A calm solo piano piece,a,1.0
D9_EN,direct,9,en,A calm solo piano piece,music,music,18ZnvEB9bxLnvSogWRek79,Jazz Suite No.2: 4. Waltz I,,0.7048916816711426,9,,dropout03,music|18ZnvEB9bxLnvSogWRek79|A calm solo piano piece,x,0.0
D9_EN,direct,9,en,A calm solo piano piece,music,music,71MpmxCJ1TW05c7Fvv1SfI,"Waltz No.19 in A minor, Op.posth.",,0.7044969797134399,10,,dropout03,music|71MpmxCJ1TW05c7Fvv1SfI|A calm solo piano piece,a,1.0
D9_EN,direct,9,en,A calm solo piano piece,book,book,kdl_B0BG38B5JY,Play it again: Piano: The perfect way to rediscover the piano. Book 1,,0.5974807739257812,1,,dropout03,book|kdl_B0BG38B5JY|A calm solo piano piece,x,0.0
D9_EN,direct,9,en,A calm solo piano piece,book,book,kdl_B086H8J6FP,Piano Adventures - Level 5 Lesson Book (The Basic Piano Method),,0.5899779796600342,2,,dropout03,book|kdl_B086H8J6FP|A calm solo piano piece,a,1.0
D9_EN,direct,9,en,A calm solo piano piece,book,book,gr_99126.What_to_Listen_for_in_Music,What to Listen for in Music,,0.5893620252609253,3,,dropout03,book|gr_99126.What_to_Listen_for_in_Music|A calm solo piano piece,x,0.0
D9_EN,direct,9,en,A calm solo piano piece,book,book,bx_0374523312,"Music Sounded Out: Essays, Lectures, Interviews, Afterthoughts",,0.5751481056213379,4,,dropout03,book|bx_0374523312|A calm solo piano piece,x,0.0
D9_EN,direct,9,en,A calm solo piano piece,book,book,bx_1552781542,Prodigy,,0.5422963500022888,5,,dropout03,book|bx_1552781542|A calm solo piano piece,x,0.0
D9_EN,direct,9,en,A calm solo piano piece,book,book,kdl_B092SW61SJ,12 Easy Classical Masterpieces for Solo Guitar: Complete Classical Guitar Arrangements in Standard Notation & Tab,,0.540749192237854,6,,dropout03,book|kdl_B092SW61SJ|A calm solo piano piece,x,0.0
D9_EN,direct,9,en,A calm solo piano piece,book,book,bx_0609801775,The Art of Practicing: A Guide to Making Music from the Heart,,0.5388460755348206,7,,dropout03,book|bx_0609801775|A calm solo piano piece,x,0.0
D9_EN,direct,9,en,A calm solo piano piece,book,book,kdl_B00XV87B0A,Piano Notes: The Hidden World of the Pianist,,0.5364041924476624,8,,dropout03,book|kdl_B00XV87B0A|A calm solo piano piece,x,0.0
D9_EN,direct,9,en,A calm solo piano piece,book,book,kdl_B006O1PG5I,Playing the Piano for Pleasure: The Classic Guide to Improving Skills Through Practice and Discipline,,0.5353407263755798,9,,dropout03,book|kdl_B006O1PG5I|A calm solo piano piece,x,0.0
D9_EN,direct,9,en,A calm solo piano piece,book,book,gr_15991449-concerto-para-corpo-e-alma,Concerto para Corpo e Alma,,0.5320048332214355,10,,dropout03,book|gr_15991449-concerto-para-corpo-e-alma|A calm solo piano piece,x,0.0
D9_EN,direct,9,en,A calm solo piano piece,all,music,2ZoSiPSkWqz36Qqtl940zr,"Lieder ohne Worte, Op. 19, No. 1",,0.7355220913887024,1,,dropout03,music|2ZoSiPSkWqz36Qqtl940zr|A calm solo piano piece,a,1.0
D9_EN,direct,9,en,A calm solo piano piece,all,music,1tSzm6vk58gS0NZwYS18W0,Waltz for Debby,,0.7288933992385864,2,,dropout03,music|1tSzm6vk58gS0NZwYS18W0|A calm solo piano piece,a,1.0
D9_EN,direct,9,en,A calm solo piano piece,all,music,7927IbXHiYrlZkAikPsi3X,Opus 20,,0.7197710871696472,3,,dropout03,music|7927IbXHiYrlZkAikPsi3X|A calm solo piano piece,a,1.0
D9_EN,direct,9,en,A calm solo piano piece,all,music,7927IbXHiYrlZkAikPsi3X,Opus 20,,0.718456506729126,4,,dropout03,music|7927IbXHiYrlZkAikPsi3X|A calm solo piano piece,a,1.0
D9_EN,direct,9,en,A calm solo piano piece,all,music,2Hnurh1BcigGbCGFOb4Uid,"La campanella in G-Sharp Minor (From ""Grandes études de Paganini"", S. 141 / 3)",,0.7143986225128174,5,,dropout03,music|2Hnurh1BcigGbCGFOb4Uid|A calm solo piano piece,x,0.0
D9_EN,direct,9,en,A calm solo piano piece,all,music,2u22XYHmJiVBl0HSW8jQFt,"12 Etudes, L.136: 11. Pour les Arpèges composés",,0.7127845287322998,6,,dropout03,music|2u22XYHmJiVBl0HSW8jQFt|A calm solo piano piece,x,0.0
D9_EN,direct,9,en,A calm solo piano piece,all,music,3tcorTc2qAByPxoCr8IsMx,Jazz Suite No.2: 6. Waltz II,,0.70881187915802,7,,dropout03,music|3tcorTc2qAByPxoCr8IsMx|A calm solo piano piece,x,0.0
D9_EN,direct,9,en,A calm solo piano piece,all,music,1vP5Ceh1SrfOalU8Yc3XE9,It Never Entered My Mind,,0.7080601453781128,8,,dropout03,music|1vP5Ceh1SrfOalU8Yc3XE9|A calm solo piano piece,a,1.0
D9_EN,direct,9,en,A calm solo piano piece,all,music,18ZnvEB9bxLnvSogWRek79,Jazz Suite No.2: 4. Waltz I,,0.7048916816711426,9,,dropout03,music|18ZnvEB9bxLnvSogWRek79|A calm solo piano piece,x,0.0
D9_EN,direct,9,en,A calm solo piano piece,all,music,71MpmxCJ1TW05c7Fvv1SfI,"Waltz No.19 in A minor, Op.posth.",,0.7044969797134399,10,,dropout03,music|71MpmxCJ1TW05c7Fvv1SfI|A calm solo piano piece,a,1.0
D10_EN,direct,10,en,Nonfiction about space exploration,movie,movie,1039992,To Mars by A-Bomb: The Secret History of Project Orion (2003),,0.7111071348190308,1,,dropout03,movie|1039992|Nonfiction about space exploration,o,2.0
D10_EN,direct,10,en,Nonfiction about space exploration,movie,movie,109609,Destiny in Space (1994),,0.7006403207778931,2,,dropout03,movie|109609|Nonfiction about space exploration,o,2.0
D10_EN,direct,10,en,Nonfiction about space exploration,movie,movie,867271,Chile Puede (2008),,0.67387855052948,3,,dropout03,movie|867271|Nonfiction about space exploration,x,0.0
D10_EN,direct,10,en,Nonfiction about space exploration,movie,movie,444519,Un ticket pour l'espace (2006),,0.6729937791824341,4,,dropout03,movie|444519|Nonfiction about space exploration,x,0.0
D10_EN,direct,10,en,Nonfiction about space exploration,movie,movie,2321379,Journey to Planet X (2012),,0.6703896522521973,5,,dropout03,movie|2321379|Nonfiction about space exploration,a,1.0
D10_EN,direct,10,en,Nonfiction about space exploration,movie,movie,79936,The Space Movie (1980),,0.6691473722457886,6,,dropout03,movie|79936|Nonfiction about space exploration,o,2.0
D10_EN,direct,10,en,Nonfiction about space exploration,movie,movie,4292554,Journey to Space (2015),,0.6572037935256958,7,,dropout03,movie|4292554|Nonfiction about space exploration,a,1.0
D10_EN,direct,10,en,Nonfiction about space exploration,movie,movie,482603,Space Chimps (2008),,0.6415863037109375,8,,dropout03,movie|482603|Nonfiction about space exploration,x,0.0
D10_EN,direct,10,en,Nonfiction about space exploration,movie,movie,52880,Have Rocket -- Will Travel (1959),,0.639542281627655,9,,dropout03,movie|52880|Nonfiction about space exploration,x,0.0
D10_EN,direct,10,en,Nonfiction about space exploration,movie,movie,1611990,Man on a Mission: Richard Garriott's Road to the Stars (2010),,0.637981653213501,10,,dropout03,movie|1611990|Nonfiction about space exploration,a,1.0
D10_EN,direct,10,en,Nonfiction about space exploration,music,music,3ssnFwx5lu6qxhLBR0vutB,Count on Me,,0.647193193435669,1,,dropout03,music|3ssnFwx5lu6qxhLBR0vutB|Nonfiction about space exploration,x,0.0
D10_EN,direct,10,en,Nonfiction about space exploration,music,music,6fVX8mF9ZqS1V8G2ZFCbLQ,Star Trek Main Theme,,0.6148815155029297,2,,dropout03,music|6fVX8mF9ZqS1V8G2ZFCbLQ|Nonfiction about space exploration,x,0.0
D10_EN,direct,10,en,Nonfiction about space exploration,music,music,7G8xNxQAWiBPAVgBqEVI7o,I Came Running,,0.60989910364151,3,,dropout03,music|7G8xNxQAWiBPAVgBqEVI7o|Nonfiction about space exploration,x,0.0
D10_EN,direct,10,en,Nonfiction about space exploration,music,music,4SNVaP303lu2bU5GnT3nMm,Desert Cruiser,,0.6076217889785767,4,,dropout03,music|4SNVaP303lu2bU5GnT3nMm|Nonfiction about space exploration,x,0.0
D10_EN,direct,10,en,Nonfiction about space exploration,music,music,1UPyhGntpIx9jGJ5UVtKVS,Call Me A Spaceman - Radio Edit,,0.5976480841636658,5,,dropout03,music|1UPyhGntpIx9jGJ5UVtKVS|Nonfiction about space exploration,a,1.0
D10_EN,direct,10,en,Nonfiction about space exploration,music,music,4WfRqfzYSSopd07hKWnxwr,Exploration of Space - Radio Edit,,0.5880500078201294,6,,dropout03,music|4WfRqfzYSSopd07hKWnxwr|Nonfiction about space exploration,a,1.0
D10_EN,direct,10,en,Nonfiction about space exploration,music,music,75CsNDa4ikKu3TyBHMELoM,Konstantine,,0.588029146194458,7,,dropout03,music|75CsNDa4ikKu3TyBHMELoM|Nonfiction about space exploration,x,0.0
D10_EN,direct,10,en,Nonfiction about space exploration,music,music,44lAQJzaUI6hcpHEFqp2mJ,Space Truckin',,0.5809516906738281,8,,dropout03,music|44lAQJzaUI6hcpHEFqp2mJ|Nonfiction about space exploration,a,1.0
D10_EN,direct,10,en,Nonfiction about space exploration,music,music,1Ca2ELRlvACAeI7xz9c9jR,Spaceman,,0.573981761932373,9,,dropout03,music|1Ca2ELRlvACAeI7xz9c9jR|Nonfiction about space exploration,a,1.0
D10_EN,direct,10,en,Nonfiction about space exploration,music,music,50iBJRkGjjht3RiwD0VqLA,Another Space Song,,0.571623682975769,10,,dropout03,music|50iBJRkGjjht3RiwD0VqLA|Nonfiction about space exploration,a,1.0
D10_EN,direct,10,en,Nonfiction about space exploration,book,book,bx_0061054356,Trek: The Unauthorized A-Z,,0.7413462400436401,1,,dropout03,book|bx_0061054356|Nonfiction about space exploration,x,0.0
D10_EN,direct,10,en,Nonfiction about space exploration,book,book,kdl_B0CBD4B9V5,Viajes interestelares. Historia de las sondas Voyager (Spanish Edition),,0.736119270324707,2,,dropout03,book|kdl_B0CBD4B9V5|Nonfiction about space exploration,o,2.0
D10_EN,direct,10,en,Nonfiction about space exploration,book,book,bx_0060952768,"Treks Not Taken: What If Stephen King, Anne Rice, Kurt Vonnegut, and Other Literary Greats Had Written Episodes of Star Trek : The Next Generation?",,0.7329869270324707,3,,dropout03,book|bx_0060952768|Nonfiction about space exploration,x,0.0
D10_EN,direct,10,en,Nonfiction about space exploration,book,book,bx_0307118703,My First Book about Space (Golden Look-Look Books (Paperback)),,0.7239115238189697,4,,dropout03,book|bx_0307118703|Nonfiction about space exploration,a,1.0
D10_EN,direct,10,en,Nonfiction about space exploration,book,book,kdl_B07GC9NNFV,"Spacecraft: 100 Iconic Rockets, Shuttles, and Satellites That Put Us in Space",,0.7161798477172852,5,,dropout03,book|kdl_B07GC9NNFV|Nonfiction about space exploration,o,2.0
D10_EN,direct,10,en,Nonfiction about space exploration,book,book,kdl_B08P92G3MJ,"Why You Can’t Catch a Rocket to Mars: Some Personal Reflections on Science and Society, by Lyndon N. Smith",,0.7138964533805847,6,,dropout03,book|kdl_B08P92G3MJ|Nonfiction about space exploration,a,1.0
D10_EN,direct,10,en,Nonfiction about space exploration,book,book,bx_0671536079,The Star Trek Encyclopedia (Star Trek: All),,0.7108368277549744,7,,dropout03,book|bx_0671536079|Nonfiction about space exploration,x,0.0
D10_EN,direct,10,en,Nonfiction about space exploration,book,book,bx_0140153810,"The Friendly Guide to the Universe: A Down-To-Earth Tour of Space, Time and the Wonders of the Cosmos (The Friendly Shakespeare)",,0.6933437585830688,8,,dropout03,book|bx_0140153810|Nonfiction about space exploration,a,1.0
D10_EN,direct,10,en,Nonfiction about space exploration,book,book,kdl_B07NMHFJN4,Space Exploration: A History in 100 Objects,,0.6929721832275391,9,,dropout03,book|kdl_B07NMHFJN4|Nonfiction about space exploration,o,2.0
D10_EN,direct,10,en,Nonfiction about space exploration,book,book,gr_37539893-edici-n-especial-de-ciencia-ficci-n-g-g-melies,EDICIÓN ESPECIAL DE CIENCIA FICCIÓN. G.G.MELIES.: TRES LIBROS EN UNO.,,0.6923004388809204,10,,dropout03,book|gr_37539893-edici-n-especial-de-ciencia-ficci-n-g-g-melies|Nonfiction about space exploration,x,0.0
D10_EN,direct,10,en,Nonfiction about space exploration,all,book,bx_0061054356,Trek: The Unauthorized A-Z,,0.7413462400436401,1,,dropout03,book|bx_0061054356|Nonfiction about space exploration,x,0.0
D10_EN,direct,10,en,Nonfiction about space exploration,all,book,kdl_B0CBD4B9V5,Viajes interestelares. Historia de las sondas Voyager (Spanish Edition),,0.736119270324707,2,,dropout03,book|kdl_B0CBD4B9V5|Nonfiction about space exploration,o,2.0
D10_EN,direct,10,en,Nonfiction about space exploration,all,book,bx_0060952768,"Treks Not Taken: What If Stephen King, Anne Rice, Kurt Vonnegut, and Other Literary Greats Had Written Episodes of Star Trek : The Next Generation?",,0.7329869270324707,3,,dropout03,book|bx_0060952768|Nonfiction about space exploration,x,0.0
D10_EN,direct,10,en,Nonfiction about space exploration,all,book,bx_0307118703,My First Book about Space (Golden Look-Look Books (Paperback)),,0.7239115238189697,4,,dropout03,book|bx_0307118703|Nonfiction about space exploration,a,1.0
D10_EN,direct,10,en,Nonfiction about space exploration,all,book,kdl_B07GC9NNFV,"Spacecraft: 100 Iconic Rockets, Shuttles, and Satellites That Put Us in Space",,0.7161798477172852,5,,dropout03,book|kdl_B07GC9NNFV|Nonfiction about space exploration,o,2.0
D10_EN,direct,10,en,Nonfiction about space exploration,all,book,kdl_B08P92G3MJ,"Why You Can’t Catch a Rocket to Mars: Some Personal Reflections on Science and Society, by Lyndon N. Smith",,0.7138964533805847,6,,dropout03,book|kdl_B08P92G3MJ|Nonfiction about space exploration,a,1.0
D10_EN,direct,10,en,Nonfiction about space exploration,all,movie,1039992,To Mars by A-Bomb: The Secret History of Project Orion (2003),,0.7111071348190308,7,,dropout03,movie|1039992|Nonfiction about space exploration,o,2.0
D10_EN,direct,10,en,Nonfiction about space exploration,all,book,bx_0671536079,The Star Trek Encyclopedia (Star Trek: All),,0.7108368277549744,8,,dropout03,book|bx_0671536079|Nonfiction about space exploration,x,0.0
D10_EN,direct,10,en,Nonfiction about space exploration,all,movie,109609,Destiny in Space (1994),,0.7006403207778931,9,,dropout03,movie|109609|Nonfiction about space exploration,o,2.0
D10_EN,direct,10,en,Nonfiction about space exploration,all,book,bx_0140153810,"The Friendly Guide to the Universe: A Down-To-Earth Tour of Space, Time and the Wonders of the Cosmos (The Friendly Shakespeare)",,0.6933437585830688,10,,dropout03,book|bx_0140153810|Nonfiction about space exploration,a,1.0
